business_date,region,file_path,rows,min_dtts,max_dtts,compressed_bytes,sha256
2025-07-22,bkk,business_date=2025-07-22/sales_bkk_20250722.csv.gz,2971,2025-07-22 00:00:10,2025-07-22 23:59:50,31118,1d99584244ea62493baf2b26aecee439b58f1d04dfad109de2d52f14dcc18780
2025-07-22,central,business_date=2025-07-22/sales_central_20250722.csv.gz,2142,2025-07-22 00:03:09,2025-07-22 23:59:31,22614,a0c8e8acd5d870acab4a70030eba422dbafa437d4fae278732cf19c49dda691f
2025-07-22,north,business_date=2025-07-22/sales_north_20250722.csv.gz,1277,2025-07-22 00:02:17,2025-07-22 23:56:48,13613,c1e5ac970aea32bd3e48df794c45c6800aa9e4dbc31f9cd579267feb3ca33e21
2025-07-22,northeast,business_date=2025-07-22/sales_northeast_20250722.csv.gz,1638,2025-07-22 00:03:33,2025-07-22 23:56:23,17320,11129866a2fe6ad42d4a6e53343233b29f2a7b2b6ec5c0b2156b3d4d2d4999fb
2025-07-22,south,business_date=2025-07-22/sales_south_20250722.csv.gz,950,2025-07-22 00:03:14,2025-07-22 23:55:06,10289,15bcb5f4b3b559a26edebc46fefbeb0084cec1f09172dacf2f0a623165a4f51a
2025-07-23,bkk,business_date=2025-07-23/sales_bkk_20250723.csv.gz,3099,2025-07-23 00:00:02,2025-07-23 23:59:38,32509,d3d8198b9175ac5205dc412bd9f4a0311677927765cca27c3bf90e0b5c77fba3
2025-07-23,central,business_date=2025-07-23/sales_central_20250723.csv.gz,2209,2025-07-23 00:00:32,2025-07-23 23:51:58,23314,6449ebe1daf80a79aa072f90524f72454aab3096b682df3c426bd38b8880d83e
2025-07-23,north,business_date=2025-07-23/sales_north_20250723.csv.gz,1388,2025-07-23 00:03:14,2025-07-23 23:57:45,14737,0702db63ac05fc98e12489e6179b9894e3ca099f78398abc794ca28656173c25
2025-07-23,northeast,business_date=2025-07-23/sales_northeast_20250723.csv.gz,1508,2025-07-23 00:04:59,2025-07-23 23:55:47,15983,4e0896abe790ceb3a2002436fd858ed08bbe9e42bd883fce381d6d6335093387
2025-07-23,south,business_date=2025-07-23/sales_south_20250723.csv.gz,961,2025-07-23 00:27:19,2025-07-23 23:47:43,10393,62ccfea5b5bf81aa7b6f569c4a2916262760cdb36d140b3eccd191df1419b96e
2025-07-24,bkk,business_date=2025-07-24/sales_bkk_20250724.csv.gz,2833,2025-07-24 00:00:38,2025-07-24 23:59:31,29773,f93cb1b89d243ac8ab12434f5ca7e08d7ecc9781a539bcf83dae8f79c0441d89
2025-07-24,central,business_date=2025-07-24/sales_central_20250724.csv.gz,2167,2025-07-24 00:03:49,2025-07-24 23:58:39,22835,4579dacdef5abeaacd1e9d9e880e1a43db6c2126e282b39e31e286b564f62949
2025-07-24,north,business_date=2025-07-24/sales_north_20250724.csv.gz,1363,2025-07-24 00:20:48,2025-07-24 23:57:05,14535,927cd75f8e9c21a8c274aaff69c5937fc9a62caae589515df2af26535bd18128
2025-07-24,northeast,business_date=2025-07-24/sales_northeast_20250724.csv.gz,1633,2025-07-24 00:02:55,2025-07-24 23:57:59,17280,f5c6824c4cb85683fa117b447a5005eeea334c0f277873d3a6b9457745e1862c
2025-07-24,south,business_date=2025-07-24/sales_south_20250724.csv.gz,935,2025-07-24 00:18:12,2025-07-24 23:58:46,10172,f98642c1e567a6b83c1286ac5816b8f13195e827d6f34e0d4642d371aa9e4864
2025-07-25,bkk,business_date=2025-07-25/sales_bkk_20250725.csv.gz,3024,2025-07-25 00:00:13,2025-07-25 23:58:40,31634,3c0de604b088e9ae9b834498f339b283082f63517443f265ebd1c93eb761328f
2025-07-25,central,business_date=2025-07-25/sales_central_20250725.csv.gz,2195,2025-07-25 00:00:22,2025-07-25 23:59:19,22964,018d0e1d9cfe56d0926fa7c2dce86591620bf1e5bc043673c431f3863c1edbb2
2025-07-25,north,business_date=2025-07-25/sales_north_20250725.csv.gz,1341,2025-07-25 00:13:28,2025-07-25 23:59:55,14293,3c9ba3fb245adc521b2407108a57a56571225e6e8c2107b7cae810c53b42bc76
2025-07-25,northeast,business_date=2025-07-25/sales_northeast_20250725.csv.gz,1628,2025-07-25 00:02:35,2025-07-25 23:57:42,17251,98653c00f89e2b6a138a598c35e02abdfc157a5899b8f88fa29fc36593f4bd58
2025-07-25,south,business_date=2025-07-25/sales_south_20250725.csv.gz,934,2025-07-25 00:00:34,2025-07-25 23:53:36,10111,7338845002827ad728a99ee693dab04218ea9961fba4386f47b4231b5c3f464f
2025-07-26,bkk,business_date=2025-07-26/sales_bkk_20250726.csv.gz,3568,2025-07-26 00:01:10,2025-07-26 23:59:40,37351,6f592c348e95b4ce4fe8c51c8836ce214b4c4497b257bb0eca8f575e4432423d
2025-07-26,central,business_date=2025-07-26/sales_central_20250726.csv.gz,2537,2025-07-26 00:01:28,2025-07-26 23:58:26,26631,6ba99628c8975abe7a51ff87c92cf2bc7fe45d4e7b9b6346abb314b7757c00fa
2025-07-26,north,business_date=2025-07-26/sales_north_20250726.csv.gz,1620,2025-07-26 00:05:18,2025-07-26 23:56:02,17164,a3206ce041224a7956d7d446b6f20d9d617b9b2129813a91327e90c7c1859197
2025-07-26,northeast,business_date=2025-07-26/sales_northeast_20250726.csv.gz,1918,2025-07-26 00:04:52,2025-07-26 23:58:27,20123,8f048ff81eb135ddbc267cd103e11bed2a09de005a68acd0bc96350b70cdbc8a
2025-07-26,south,business_date=2025-07-26/sales_south_20250726.csv.gz,1068,2025-07-26 00:02:11,2025-07-26 23:58:26,11604,6ed22f9a8a15f2ea5f6559610dca1c2dc5b755ede809396ccaa67ab1e7590c61
2025-07-27,bkk,business_date=2025-07-27/sales_bkk_20250727.csv.gz,3259,2025-07-27 00:00:36,2025-07-27 23:58:15,34223,48b87021553fb389a472e6eb88aeb10307553f6ea26b80c72b78c3027d1e2683
2025-07-27,central,business_date=2025-07-27/sales_central_20250727.csv.gz,2515,2025-07-27 00:04:04,2025-07-27 23:56:51,26375,1b0ae1ba470dff90831a68265fc6362d1feb87856a2713eba66201377e3a9d6a
2025-07-27,north,business_date=2025-07-27/sales_north_20250727.csv.gz,1468,2025-07-27 00:01:51,2025-07-27 23:56:24,15635,4498b4dd29408fc7b0790ac8e05f9bfd5eecc5fc2947b92d2e840422b7a6d8ff
2025-07-27,northeast,business_date=2025-07-27/sales_northeast_20250727.csv.gz,1765,2025-07-27 00:03:13,2025-07-27 23:57:33,18619,e6e84f51750e4da711285075c467ceaac514fa014ef4d9dbe4a227d894225b72
2025-07-27,south,business_date=2025-07-27/sales_south_20250727.csv.gz,1011,2025-07-27 00:18:00,2025-07-27 23:51:46,10975,06bebd020612cebc0601a31370a8d715ff80142d3a828f39f8877d43d9f4cd23
2025-07-28,bkk,business_date=2025-07-28/sales_bkk_20250728.csv.gz,3011,2025-07-28 00:01:02,2025-07-28 23:58:13,31576,dff165314caade66fb85527eb849700affbc7a0553a0788892655a21fa270aff
2025-07-28,central,business_date=2025-07-28/sales_central_20250728.csv.gz,2135,2025-07-28 00:16:55,2025-07-28 23:59:39,22415,199683199e410f11135b6083eeba5312a72c89a0d30f2c195067a82bbf2734b2
2025-07-28,north,business_date=2025-07-28/sales_north_20250728.csv.gz,1373,2025-07-28 00:02:35,2025-07-28 23:55:40,14689,4441bb641715c5f524c5aded9f07c0b746584839d99455269b3a5b9e911ad25d
2025-07-28,northeast,business_date=2025-07-28/sales_northeast_20250728.csv.gz,1652,2025-07-28 00:02:02,2025-07-28 23:59:38,17462,4b3826d93da57a007002047f123cabb6c4c251a4a03221d2c16f5533a4710622
2025-07-28,south,business_date=2025-07-28/sales_south_20250728.csv.gz,964,2025-07-28 00:20:36,2025-07-28 23:57:35,10463,dca4ef51d26688281dc7ed2bf68d9dff1fbf43b0d029d12609f3864e69f19ea9
2025-07-29,bkk,business_date=2025-07-29/sales_bkk_20250729.csv.gz,2884,2025-07-29 00:12:21,2025-07-29 23:59:55,30293,83416a9795d71c9979e291ed71f72b6c863fb265517591b515c5076da51d5bfa
2025-07-29,central,business_date=2025-07-29/sales_central_20250729.csv.gz,2128,2025-07-29 00:03:38,2025-07-29 23:54:39,22429,f3517a2c93b365317080fd87801a017e3faca65baf35e2afdda8905b18cefe98
2025-07-29,north,business_date=2025-07-29/sales_north_20250729.csv.gz,1258,2025-07-29 00:03:53,2025-07-29 23:56:00,13481,925d4bea11874a734195946570c20d685c44b74eb1e27ba817f388d9136d443e
2025-07-29,northeast,business_date=2025-07-29/sales_northeast_20250729.csv.gz,1628,2025-07-29 00:02:11,2025-07-29 23:57:22,17208,10bd1184c93ab4bca91dc4e36e9b2501bd460d1b36cf2616fb702a4c8013df09
2025-07-29,south,business_date=2025-07-29/sales_south_20250729.csv.gz,929,2025-07-29 00:02:44,2025-07-29 23:50:31,10125,7eb124494ceeb4e1aa4fef6084a5f8ad1aba8fb7dc5822fdb9b4133d35daeacc
2025-07-30,bkk,business_date=2025-07-30/sales_bkk_20250730.csv.gz,3108,2025-07-30 00:03:30,2025-07-30 23:56:37,32640,8727ae7982212ee40ef29bc965d2cadf0cef55a8c0e561ded519245800f8b81d
2025-07-30,central,business_date=2025-07-30/sales_central_20250730.csv.gz,2166,2025-07-30 00:04:33,2025-07-30 23:58:58,22778,cc585ac761eb330e8409818edb49fcab51bc2cb76f52b9f7a5aa10a82e2ed00a
2025-07-30,north,business_date=2025-07-30/sales_north_20250730.csv.gz,1391,2025-07-30 00:07:35,2025-07-30 23:58:15,14850,dbec84d50c0bc109c9e43087460dc43ce57dc0ff8e958516ed854b02cf9d286c
2025-07-30,northeast,business_date=2025-07-30/sales_northeast_20250730.csv.gz,1544,2025-07-30 00:03:54,2025-07-30 23:59:19,16358,f37f0faa8b01db167ce8656483559f3f573753d4be14c01cdfd319d0703508d8
2025-07-30,south,business_date=2025-07-30/sales_south_20250730.csv.gz,941,2025-07-30 00:24:32,2025-07-30 23:57:14,10237,e9bc08ea3a95d4a753e275b1c86cd0b69616f5ac9644e3029b9653ffb20069ad
2025-07-31,bkk,business_date=2025-07-31/sales_bkk_20250731.csv.gz,3105,2025-07-31 00:00:29,2025-07-31 23:59:54,32634,30c44c4e31993fe0da4fe73ae4962368439855979a6326314a922639b62e2033
2025-07-31,central,business_date=2025-07-31/sales_central_20250731.csv.gz,2307,2025-07-31 00:00:28,2025-07-31 23:54:46,24294,658766467ca6859ed2d78854f766e5592ff35e3b344d32b1dd2fe3675b854b81
2025-07-31,north,business_date=2025-07-31/sales_north_20250731.csv.gz,1333,2025-07-31 00:02:05,2025-07-31 23:59:11,14280,0fb0510077a98cf4a56deeb1fecf0a6af67574e12f7a0aa2b58000b1c8c065be
2025-07-31,northeast,business_date=2025-07-31/sales_northeast_20250731.csv.gz,1554,2025-07-31 00:00:02,2025-07-31 23:59:41,16442,f59a6b9711575d048a1c35009748c75c9d3966a19d3ac2f5a1dd3dac476a0306
2025-07-31,south,business_date=2025-07-31/sales_south_20250731.csv.gz,911,2025-07-31 00:10:26,2025-07-31 23:52:45,9988,af092a3af50e5f7310c8a2048192e927dc82341efdee09270380774afb5ff879
2025-08-01,bkk,business_date=2025-08-01/sales_bkk_20250801.csv.gz,2909,2025-08-01 00:03:28,2025-08-01 23:57:18,30628,182a408df1bad50874fd3398eeedeef47a6b0b047be546a3b6714a8121957ad9
2025-08-01,central,business_date=2025-08-01/sales_central_20250801.csv.gz,2190,2025-08-01 00:02:41,2025-08-01 23:59:56,22989,e87e752996da749e59fb171145f2d4edaeecd09d4796150f661038242c53088f
2025-08-01,north,business_date=2025-08-01/sales_north_20250801.csv.gz,1319,2025-08-01 00:10:19,2025-08-01 23:56:21,14069,6072447daf8b2ffbdb0a33d874255ca10291d48ca983a56460cba5579979dcfa
2025-08-01,northeast,business_date=2025-08-01/sales_northeast_20250801.csv.gz,1649,2025-08-01 00:05:48,2025-08-01 23:56:53,17479,581aa400164b7f01a77efae73ef3bef6b5fda76a7cfed601b9b7122b72c85020
2025-08-01,south,business_date=2025-08-01/sales_south_20250801.csv.gz,881,2025-08-01 00:16:05,2025-08-01 23:48:19,9601,4e8595909e13783fdb13cab7edde305ae97ffb58cbd82398c092d8c88c886eca
2025-08-02,bkk,business_date=2025-08-02/sales_bkk_20250802.csv.gz,3368,2025-08-02 00:04:01,2025-08-02 23:59:54,35127,e15fb921af38f9f6a8f1dfc38c025914638c8af986c088d415dcf96cafd3a1c8
2025-08-02,central,business_date=2025-08-02/sales_central_20250802.csv.gz,2694,2025-08-02 00:02:04,2025-08-02 23:59:54,28200,82e0d860c79eb15cab9b94b67575a2571d81ce56eba0ee49f6e74f0dd0087a46
2025-08-02,north,business_date=2025-08-02/sales_north_20250802.csv.gz,1500,2025-08-02 00:04:44,2025-08-02 23:53:11,15940,5026af24f15fbbe1eb3261cbf21752fdf29f1fa4b7ce099ff3e376939731a5e6
2025-08-02,northeast,business_date=2025-08-02/sales_northeast_20250802.csv.gz,1957,2025-08-02 00:05:20,2025-08-02 23:58:47,20601,6695888f22e3c46215f8443f569741402fd185ff7d62aab00bb918fbcaad9c3a
2025-08-02,south,business_date=2025-08-02/sales_south_20250802.csv.gz,1119,2025-08-02 00:00:31,2025-08-02 23:58:43,12080,3c5a6f70bdb1b372a05c01bdd8fc1ca6a7a6847ab404348dd8cc3d1ee2e618d6
2025-08-03,bkk,business_date=2025-08-03/sales_bkk_20250803.csv.gz,3581,2025-08-03 00:03:17,2025-08-03 23:59:43,37407,25754c523b31624c9d94c09a7b93527b9eae75504300abf67d4e1bcd9ae255e8
2025-08-03,central,business_date=2025-08-03/sales_central_20250803.csv.gz,2545,2025-08-03 00:03:07,2025-08-03 23:59:45,26729,d98c6fc514c26de5a21a3f89e48b1ef53b4cde5e6fa282eb20a6544bc6159383
2025-08-03,north,business_date=2025-08-03/sales_north_20250803.csv.gz,1550,2025-08-03 00:07:07,2025-08-03 23:58:59,16535,c32f7dcd61f412bbafb63fbdf6be58067dc35d2b8709d3ea821129d5f218f103
2025-08-03,northeast,business_date=2025-08-03/sales_northeast_20250803.csv.gz,1853,2025-08-03 00:05:49,2025-08-03 23:56:05,19468,c269d1abed4da892fbba9721b77f1031cccffb56935d4cc239db8a7d5694fae8
2025-08-03,south,business_date=2025-08-03/sales_south_20250803.csv.gz,1012,2025-08-03 00:03:20,2025-08-03 23:59:02,10899,973e61b836e0a91e007673da8bda88f6b5724bf7ae36a9b60238dc90183a0611
2025-08-04,bkk,business_date=2025-08-04/sales_bkk_20250804.csv.gz,2900,2025-08-04 00:02:46,2025-08-04 23:58:50,30464,6b4cd82cac51b288a74ca5a03381ffc238caf38a317bdadf6879ef016b6963c0
2025-08-04,central,business_date=2025-08-04/sales_central_20250804.csv.gz,2280,2025-08-04 00:01:18,2025-08-04 23:57:43,24038,faaa1e3ab8dbb0c752e3a5b66a0298792a5393d62e81486678aee3a1e55f276a
2025-08-04,north,business_date=2025-08-04/sales_north_20250804.csv.gz,1365,2025-08-04 00:04:01,2025-08-04 23:54:12,14602,a4aeb39f167c921630f4c1a7fcce1d3e83940bada3e89f92832dc4b3ad28ae66
2025-08-04,northeast,business_date=2025-08-04/sales_northeast_20250804.csv.gz,1617,2025-08-04 00:10:41,2025-08-04 23:55:54,17148,48832193c59534bfb4c061429ad4730df3a56c47fb22fa586ffab2f7d1900ee1
2025-08-04,south,business_date=2025-08-04/sales_south_20250804.csv.gz,897,2025-08-04 00:06:35,2025-08-04 23:46:06,9785,34490fb69aad1232dc811a1c803102b08a4c316aae25779a46764366fffe2c0a
2025-08-05,bkk,business_date=2025-08-05/sales_bkk_20250805.csv.gz,3096,2025-08-05 00:00:59,2025-08-05 23:55:47,32379,06467e33fb7ac229dfdab625cb2f2873581d87eb9ed1fa48db220c643d7e51f4
2025-08-05,central,business_date=2025-08-05/sales_central_20250805.csv.gz,2308,2025-08-05 00:00:21,2025-08-05 23:58:30,24288,095596b6301da0ee1210c245af7e35c8af6ef68d99baf9dedb6e01e92edd3246
2025-08-05,north,business_date=2025-08-05/sales_north_20250805.csv.gz,1403,2025-08-05 00:06:47,2025-08-05 23:59:07,14953,ec2e0c0399c066c79312c63930c966580aca219f182cfae69bb5d595b34925d2
2025-08-05,northeast,business_date=2025-08-05/sales_northeast_20250805.csv.gz,1660,2025-08-05 00:05:03,2025-08-05 23:59:37,17614,6d76ac082ea2a72ee37fdab077e06d382800fadaece71731859a5eecb3c32303
2025-08-05,south,business_date=2025-08-05/sales_south_20250805.csv.gz,923,2025-08-05 00:07:17,2025-08-05 23:55:07,10001,6de9cef2e794cf7aad17286ab00f3cd7ebf618dd4b5b78b5c1e5682ad1380930
2025-08-06,bkk,business_date=2025-08-06/sales_bkk_20250806.csv.gz,3104,2025-08-06 00:02:09,2025-08-06 23:52:20,32463,27fcaaa56392a0c32f41c846bc1a090ea168607a7ea7ec29d10c09bccde3ed50
2025-08-06,central,business_date=2025-08-06/sales_central_20250806.csv.gz,2265,2025-08-06 00:06:21,2025-08-06 23:58:50,23806,acf463a9ae22791d680fd352ad81941950b4bc488eb7fae084a684fb23edc508
2025-08-06,north,business_date=2025-08-06/sales_north_20250806.csv.gz,1313,2025-08-06 00:02:41,2025-08-06 23:54:12,13957,609aeae85a609d731adaa75a67b600723b328471c5447e4d18b8527fbab24467
2025-08-06,northeast,business_date=2025-08-06/sales_northeast_20250806.csv.gz,1654,2025-08-06 00:07:32,2025-08-06 23:59:28,17404,f4d5708162dcddcbb05f3672dba622b03b5f32fe1d796b7134d8c8d69f2f1b23
2025-08-06,south,business_date=2025-08-06/sales_south_20250806.csv.gz,952,2025-08-06 00:35:35,2025-08-06 23:52:37,10281,9e492da82ba1e9d386acab46ccaf2c2b7d2a74b8dff1a2bbf575af31c7685545
2025-08-07,bkk,business_date=2025-08-07/sales_bkk_20250807.csv.gz,3006,2025-08-07 00:03:21,2025-08-07 23:59:43,31558,f3c64bf04d6012d597351dc101f4f539e4f171cc8745b8b9568f534760f68573
2025-08-07,central,business_date=2025-08-07/sales_central_20250807.csv.gz,2321,2025-08-07 00:01:12,2025-08-07 23:59:52,24348,07ba017bc150b524b194539b94474111b099bba910d9d99c8fc3edf005e90016
2025-08-07,north,business_date=2025-08-07/sales_north_20250807.csv.gz,1402,2025-08-07 00:00:59,2025-08-07 23:55:17,14942,dcfa94530d6d3edb439cb5444a4599c480a514afc575aa2f813af3c2f0919593
2025-08-07,northeast,business_date=2025-08-07/sales_northeast_20250807.csv.gz,1727,2025-08-07 00:00:34,2025-08-07 23:58:32,18216,63e3802b9f00ed9bc55dcb445a18d7c9f7aa6a550fb05914234645a1710b99c6
2025-08-07,south,business_date=2025-08-07/sales_south_20250807.csv.gz,938,2025-08-07 00:09:10,2025-08-07 23:46:00,10206,2bea300218c5cbc8e7dd8a0928d69c1966fda2c9770041f070e6b5b15eaaf01b
2025-08-08,bkk,business_date=2025-08-08/sales_bkk_20250808.csv.gz,4711,2025-08-08 00:03:13,2025-08-08 23:59:19,49117,d6c42eb13ee219cd446584b776ff9a96c76044a87d6c69e9891c655c89940921
2025-08-08,central,business_date=2025-08-08/sales_central_20250808.csv.gz,3522,2025-08-08 00:00:55,2025-08-08 23:59:52,36735,19d208b0c0e09dd5be25001789de95d546d889bb967e2c52862793d0d09d8991
2025-08-08,north,business_date=2025-08-08/sales_north_20250808.csv.gz,2126,2025-08-08 00:05:44,2025-08-08 23:58:30,22386,9b94816d0e17d3570ae2e2a93d4a05d9f316a3cc8412b27cc0ba413d16e3907b
2025-08-08,northeast,business_date=2025-08-08/sales_northeast_20250808.csv.gz,2567,2025-08-08 00:05:33,2025-08-08 23:59:51,26870,6a14b2992c71c07dc0f8aefa2c3c37877af8f4c46bfe038c9517a0acd6506e51
2025-08-08,south,business_date=2025-08-08/sales_south_20250808.csv.gz,1451,2025-08-08 00:02:48,2025-08-08 23:56:27,15477,05daecb2fec48956e27128064a124f74135ed18e55c3a283bd018751f2113ae6
2025-08-09,bkk,business_date=2025-08-09/sales_bkk_20250809.csv.gz,3633,2025-08-09 00:01:51,2025-08-09 23:59:29,38090,5f696283d634fcfe33c76fd01e1954233f1393f352cde3217ff6930eb84592b8
2025-08-09,central,business_date=2025-08-09/sales_central_20250809.csv.gz,2472,2025-08-09 00:02:03,2025-08-09 23:58:37,25935,49192542be770b64fcab70eb865eb5ab3992c0846a94a59d332ec4cfa8a96391
2025-08-09,north,business_date=2025-08-09/sales_north_20250809.csv.gz,1588,2025-08-09 00:01:11,2025-08-09 23:59:46,16787,2359325597bb7f9e2ffe667b8e76ba8b5333ca47f7bfa4fb1bfea9db0a90359c
2025-08-09,northeast,business_date=2025-08-09/sales_northeast_20250809.csv.gz,1952,2025-08-09 00:00:33,2025-08-09 23:55:53,20611,2db187a948b7c882f2fc599153e3ffcb810e0734c31268ede285379d55870e96
2025-08-09,south,business_date=2025-08-09/sales_south_20250809.csv.gz,1024,2025-08-09 00:00:57,2025-08-09 23:50:41,11078,40811a1bd02aa5bece8273ac50f9309a8a880b668c3472df084d4556d5f3b903
2025-08-10,bkk,business_date=2025-08-10/sales_bkk_20250810.csv.gz,3411,2025-08-10 00:03:24,2025-08-10 23:59:10,35711,3a6c6bf35808515c312c3518ea740ad53e80df2be4d3e0704cfd6373100606fd
2025-08-10,central,business_date=2025-08-10/sales_central_20250810.csv.gz,2754,2025-08-10 00:01:31,2025-08-10 23:59:39,28839,0e9da0dfd5f3d1abd906d16d127baa0b32167ed7c35db9f1d9223dead9e04c7b
2025-08-10,north,business_date=2025-08-10/sales_north_20250810.csv.gz,1531,2025-08-10 00:03:46,2025-08-10 23:58:57,16325,add391f37a1a57bd2057e3316263f28c889aa53badb1cd01a446841fdc723ee5
2025-08-10,northeast,business_date=2025-08-10/sales_northeast_20250810.csv.gz,1835,2025-08-10 00:01:08,2025-08-10 23:56:03,19325,8b79e04a067ed4877024f08a1b784c498951bdaf029bb0bf37d9d75cd3bfc19a
2025-08-10,south,business_date=2025-08-10/sales_south_20250810.csv.gz,1067,2025-08-10 00:02:21,2025-08-10 23:48:25,11481,4a46276f1ae7ba843d906dfe6f8084b96fbf636c56290d00a28636d93e984ace
2025-08-11,bkk,business_date=2025-08-11/sales_bkk_20250811.csv.gz,3109,2025-08-11 00:04:12,2025-08-11 23:59:34,32581,97285e8349346a4f054e7f743f2048cd25abcf60d8c51fcb29ed98cef529510f
2025-08-11,central,business_date=2025-08-11/sales_central_20250811.csv.gz,2180,2025-08-11 00:03:26,2025-08-11 23:59:18,22948,e7f327c69daf5913167a9e38fe46b88fc81768330a3b743da69fdc69cc1db7a3
2025-08-11,north,business_date=2025-08-11/sales_north_20250811.csv.gz,1320,2025-08-11 00:02:05,2025-08-11 23:55:58,14131,5d4ed97c3a6e5821002e768f2ce2894391e31217511a674c81c072623cc337de
2025-08-11,northeast,business_date=2025-08-11/sales_northeast_20250811.csv.gz,1593,2025-08-11 00:02:31,2025-08-11 23:57:45,16910,7a14033b7a09cf63d52e7a03f2b4fbd9e1552aa1465f703f5fe2fe51e5c4016d
2025-08-11,south,business_date=2025-08-11/sales_south_20250811.csv.gz,955,2025-08-11 00:10:48,2025-08-11 23:59:28,10393,e45ef01dc1bb723e2e5522d7e26e104c78e67ce053012f83d5f3f76113218317
2025-08-12,bkk,business_date=2025-08-12/sales_bkk_20250812.csv.gz,3196,2025-08-12 00:02:08,2025-08-12 23:59:31,33473,25e52b54a73043a882bb42622c59d70e3f9cc792c9880bb5053e8cb43a8298ff
2025-08-12,central,business_date=2025-08-12/sales_central_20250812.csv.gz,2208,2025-08-12 00:00:59,2025-08-12 23:57:22,23198,be93f82490b36ffb85ec1f53c1d4d02282330275a86f6e6e8d8a03e70d4093cc
2025-08-12,north,business_date=2025-08-12/sales_north_20250812.csv.gz,1279,2025-08-12 00:05:01,2025-08-12 23:59:59,13578,0be53e76f504e0ba1e37312fd27e3ac15144b85295f50ace1af1aaf9844169b5
2025-08-12,northeast,business_date=2025-08-12/sales_northeast_20250812.csv.gz,1584,2025-08-12 00:08:10,2025-08-12 23:51:25,16732,9781d36c40335dd55b02d1f5cbc3635f71c487c7d866ba5b1477f269f70e103f
2025-08-12,south,business_date=2025-08-12/sales_south_20250812.csv.gz,963,2025-08-12 00:13:15,2025-08-12 23:59:36,10514,1bb0a90b26f1461f48ffbbbaa8a5d45a51b24d1b680bd2564ef69e683c7b2740
2025-08-13,bkk,business_date=2025-08-13/sales_bkk_20250813.csv.gz,3073,2025-08-13 00:00:04,2025-08-13 23:58:25,32231,a3312b6b841b497ecefab9f5f25d195ef27784a4b1157e2f3d568bb646d799b5
2025-08-13,central,business_date=2025-08-13/sales_central_20250813.csv.gz,2147,2025-08-13 00:02:08,2025-08-13 23:57:15,22667,995e0809da55b895318517e826a33d2ef7fa0a0b58c84577598980e138c143d2
2025-08-13,north,business_date=2025-08-13/sales_north_20250813.csv.gz,1301,2025-08-13 00:02:16,2025-08-13 23:54:18,13902,2431f846d16a40071969bb55476f330ec68395d667f3d43b9d9ad92cbcde3878
2025-08-13,northeast,business_date=2025-08-13/sales_northeast_20250813.csv.gz,1542,2025-08-13 00:01:42,2025-08-13 23:58:01,16362,a43c100c03b38d46f81d3b005b8542d5fc79ed04c77b4d9edeb550f8cc7b3ccf
2025-08-13,south,business_date=2025-08-13/sales_south_20250813.csv.gz,978,2025-08-13 00:06:30,2025-08-13 23:55:39,10613,ba2780aa4061365a9e316226ad7c018da1a9bfe54cb0f6e6dfe120606e6b1383
2025-08-14,bkk,business_date=2025-08-14/sales_bkk_20250814.csv.gz,3116,2025-08-14 00:02:16,2025-08-14 23:59:45,32583,27605f65d928b5d69360cddfbfd90e89717e86942c3828ddd58d6c6c7d9f17cd
2025-08-14,central,business_date=2025-08-14/sales_central_20250814.csv.gz,2214,2025-08-14 00:02:40,2025-08-14 23:57:53,23270,ee27ae0e3c505874712a93b22ec8eeb43c4a5ab1c8c319504c79dd4e36265e34
2025-08-14,north,business_date=2025-08-14/sales_north_20250814.csv.gz,1409,2025-08-14 00:04:26,2025-08-14 23:55:58,15001,5476c96874ab52db86d10493c32b2a4746c0967cabcb0201e1c88bb2f920e28b
2025-08-14,northeast,business_date=2025-08-14/sales_northeast_20250814.csv.gz,1667,2025-08-14 00:03:43,2025-08-14 23:59:43,17618,0e0a8ef6b122aeb97604f7ebcb4d98af71948b263fc454d6657437b35f740fde
2025-08-14,south,business_date=2025-08-14/sales_south_20250814.csv.gz,926,2025-08-14 00:13:28,2025-08-14 23:51:06,10099,08c2b06565e8123635bcdf71d36350d8f2661f8c96b0f45ee6fd59817c904fea
2025-08-15,bkk,business_date=2025-08-15/sales_bkk_20250815.csv.gz,2898,2025-08-15 00:00:31,2025-08-15 23:59:06,30345,e374ecdf50e60aad1edc1703a2061c6920709bf516407f5c2b510524d56b680a
2025-08-15,central,business_date=2025-08-15/sales_central_20250815.csv.gz,2340,2025-08-15 00:01:53,2025-08-15 23:59:47,24636,4b93e8ed9bd25edd4be55809c1e4a164a8973699bd77374175f91d2fcbd271ca
2025-08-15,north,business_date=2025-08-15/sales_north_20250815.csv.gz,1351,2025-08-15 00:21:36,2025-08-15 23:58:29,14406,4f2aca4cd1d2f186c647495eb4fa50184b00be3225e526d00e0cde21ae44bf50
2025-08-15,northeast,business_date=2025-08-15/sales_northeast_20250815.csv.gz,1626,2025-08-15 00:00:19,2025-08-15 23:54:46,17227,8b0ee6386a868e6ba04411cb6594497344788f552380fc2523823185e6006007
2025-08-15,south,business_date=2025-08-15/sales_south_20250815.csv.gz,916,2025-08-15 00:08:50,2025-08-15 23:59:43,9937,627493b5a6acf1e4bed8ac95d2db8525c1c44fd7ddc87e29e29c8aff333a64a3
2025-08-16,bkk,business_date=2025-08-16/sales_bkk_20250816.csv.gz,3372,2025-08-16 00:00:14,2025-08-16 23:57:15,35307,5786008119ad72050ef63d23583ff4f98045a83cc3f69885527693506ca1387a
2025-08-16,central,business_date=2025-08-16/sales_central_20250816.csv.gz,2736,2025-08-16 00:00:00,2025-08-16 23:59:31,28588,6f0e461b2811440a5f1c148a63b11ee620c217b64a4f8cedd4b1b85912892481
2025-08-16,north,business_date=2025-08-16/sales_north_20250816.csv.gz,1550,2025-08-16 00:00:59,2025-08-16 23:59:35,16423,6b529eec335d5a26753c67f3c67156c64ccfd7572e3fbdb54c03302d7f6b44a0
2025-08-16,northeast,business_date=2025-08-16/sales_northeast_20250816.csv.gz,1868,2025-08-16 00:10:23,2025-08-16 23:59:43,19651,aac3beecd77ec481a4db116394d4f18f3bcc0c4d4dbb5730a79e73a6b5d9cb1f
2025-08-16,south,business_date=2025-08-16/sales_south_20250816.csv.gz,1051,2025-08-16 00:06:14,2025-08-16 23:54:02,11433,b00c65bd22cba21a853042dac9fc31302e7c7f329a45ca4261bbe2263b7f51a1
2025-08-17,bkk,business_date=2025-08-17/sales_bkk_20250817.csv.gz,3775,2025-08-17 00:03:08,2025-08-17 23:59:34,39429,399e3ec448ede0475dee9d86b6fe550cbeca7c7d6450ef1656763870113512df
2025-08-17,central,business_date=2025-08-17/sales_central_20250817.csv.gz,2707,2025-08-17 00:03:34,2025-08-17 23:52:33,28328,c11202d2d7a5bd9a3d79a3b3830c8dde592b7adb2b76c9993caec74ac68bf5b4
2025-08-17,north,business_date=2025-08-17/sales_north_20250817.csv.gz,1502,2025-08-17 00:00:01,2025-08-17 23:57:23,15970,7e8a6ef65783252763a4f85a3a93ad1eafbcbaa9c24b2277df8d78acaa7edbb7
2025-08-17,northeast,business_date=2025-08-17/sales_northeast_20250817.csv.gz,1817,2025-08-17 00:01:39,2025-08-17 23:59:45,19095,56a80215d1c955872c7f69a5a28ee3a3678da36278c8ee1efeaca9bf4025532e
2025-08-17,south,business_date=2025-08-17/sales_south_20250817.csv.gz,1104,2025-08-17 00:06:15,2025-08-17 23:39:45,11935,d5c24f80745ec0f1598b977b8a5af8c38c03d88463e8f3dcd412c0d696b5a9c2
2025-08-18,bkk,business_date=2025-08-18/sales_bkk_20250818.csv.gz,2962,2025-08-18 00:03:37,2025-08-18 23:58:09,31080,ace19a903815dff2a326084f75ea1c5d535cf3ccd5f540f330b7c0ae38a352a1
2025-08-18,central,business_date=2025-08-18/sales_central_20250818.csv.gz,2155,2025-08-18 00:02:19,2025-08-18 23:58:58,22706,3f826a69584015db4f6c90945d28c4d0d91e58af68268e717a32877b5b4fe4cc
2025-08-18,north,business_date=2025-08-18/sales_north_20250818.csv.gz,1271,2025-08-18 00:03:19,2025-08-18 23:55:38,13513,40c5a12187b2caa2c46bb886216fd9cdc35b09056af122acdf9c4f08591d9890
2025-08-18,northeast,business_date=2025-08-18/sales_northeast_20250818.csv.gz,1654,2025-08-18 00:00:49,2025-08-18 23:52:37,17434,b1daffeef9afc65d1535ebed963764fa085ad13b70f25e5307cdc94c070ef4c2
2025-08-18,south,business_date=2025-08-18/sales_south_20250818.csv.gz,960,2025-08-18 00:04:47,2025-08-18 23:59:55,10429,262d813f5fe374925d97d8cc10821e44890c57497cd7144a8c54baf11778b62e
2025-08-19,bkk,business_date=2025-08-19/sales_bkk_20250819.csv.gz,3018,2025-08-19 00:00:13,2025-08-19 23:58:18,31708,2cf9e9888cb0384df7df63b8bf3272024084e89fceabeebc092d154bbdd53d92
2025-08-19,central,business_date=2025-08-19/sales_central_20250819.csv.gz,2174,2025-08-19 00:02:59,2025-08-19 23:58:28,22845,6fd6ecce32d6eae53e9df00fcd0342b728c9699109dba98cf6b40ed2b92849aa
2025-08-19,north,business_date=2025-08-19/sales_north_20250819.csv.gz,1316,2025-08-19 00:00:06,2025-08-19 23:58:41,14102,8adde1c96819b07801000b499f14da609eaad7c47f570c32424b2bb4f6ccbbad
2025-08-19,northeast,business_date=2025-08-19/sales_northeast_20250819.csv.gz,1684,2025-08-19 00:07:31,2025-08-19 23:59:44,17807,9bb0b3b87bcb81a9e86ca082325ed29d7581308dd58316e6a039ebb3cfe644b0
2025-08-19,south,business_date=2025-08-19/sales_south_20250819.csv.gz,909,2025-08-19 00:10:17,2025-08-19 23:24:38,9894,c3bea1c692d56918bfc025b11fe50a8f8fcfc699cdf94b7669d2caf341df75b8
2025-08-20,bkk,business_date=2025-08-20/sales_bkk_20250820.csv.gz,2938,2025-08-20 00:10:09,2025-08-20 23:54:34,30790,d612fec49e5ca395583bfdb8958090cfd1c56e7ebe091a76347db1107b6c692e
2025-08-20,central,business_date=2025-08-20/sales_central_20250820.csv.gz,2210,2025-08-20 00:12:30,2025-08-20 23:58:30,23202,8eb93f77247a62ced69875fa5d6466c549e41135e02049d92490d093d70a57bb
2025-08-20,north,business_date=2025-08-20/sales_north_20250820.csv.gz,1355,2025-08-20 00:01:06,2025-08-20 23:53:46,14495,a806e5cc029f8c0444c5159e26bc2bcbcf60b0c4ae2bb8d8893b9c03e4b21e4b
2025-08-20,northeast,business_date=2025-08-20/sales_northeast_20250820.csv.gz,1604,2025-08-20 00:03:41,2025-08-20 23:57:59,16922,80690537496bc692b30d45ff12862af37d902817daf243cb807b6136053f0776
2025-08-20,south,business_date=2025-08-20/sales_south_20250820.csv.gz,952,2025-08-20 00:01:46,2025-08-20 23:56:41,10332,38e205d2a066c80e6659650cf0ad4908a18215bd9a76b533f831f90cbe45e426
2025-08-21,bkk,business_date=2025-08-21/sales_bkk_20250821.csv.gz,3064,2025-08-21 00:00:52,2025-08-21 23:59:02,32122,a6e6e674509987af7f2dd66c6f8f9968e6b2008d85129a77af71d1da5491fb9c
2025-08-21,central,business_date=2025-08-21/sales_central_20250821.csv.gz,2189,2025-08-21 00:10:33,2025-08-21 23:59:20,22905,1d58fa2886669f6d719533a5fe1c2e29edb7ef27a87f6782d4b87988c71d25ea
2025-08-21,north,business_date=2025-08-21/sales_north_20250821.csv.gz,1424,2025-08-21 00:00:57,2025-08-21 23:59:40,15149,3f4ad2d5db40586f4fd9abdc74896e23f3d797092ddb347156e70aa08087eff7
2025-08-21,northeast,business_date=2025-08-21/sales_northeast_20250821.csv.gz,1673,2025-08-21 00:05:16,2025-08-21 23:57:41,17623,439ffb80d4f4d4c5920f05c0bdc4310fac1482cd33149a439d8c089e68700c9e
2025-08-21,south,business_date=2025-08-21/sales_south_20250821.csv.gz,876,2025-08-21 00:06:24,2025-08-21 23:53:41,9581,0a1a0af8ed7f69ea26cf327af1ea6161a7b36796bec419c298e07c00ac27bd40
2025-08-22,bkk,business_date=2025-08-22/sales_bkk_20250822.csv.gz,3089,2025-08-22 00:01:35,2025-08-22 23:59:52,32379,7f42b1335700b44054bf882929f1e6b5f9e9320891625cd0102d0297af54ec76
2025-08-22,central,business_date=2025-08-22/sales_central_20250822.csv.gz,2179,2025-08-22 00:00:57,2025-08-22 23:56:58,22932,02c096ce188bcb9a9fc3dd8b16ce92dc3f32c20178bf09ac573fc947108c8330
2025-08-22,north,business_date=2025-08-22/sales_north_20250822.csv.gz,1422,2025-08-22 00:00:43,2025-08-22 23:57:40,15169,98582cb9fddc42269e44259080d44c855fa8adfe394a9e28ad3ab9dc22af6612
2025-08-22,northeast,business_date=2025-08-22/sales_northeast_20250822.csv.gz,1617,2025-08-22 00:06:27,2025-08-22 23:59:02,17078,afc1539f4dff4311a4e901bff3d159b8767db5cf153870aeaa002f260426a304
2025-08-22,south,business_date=2025-08-22/sales_south_20250822.csv.gz,975,2025-08-22 00:11:18,2025-08-22 23:54:40,10541,17782eadd0203e35bbbb088da59554ed6ef0c35dace4f81c4886a73abf0d2bf3
2025-08-23,bkk,business_date=2025-08-23/sales_bkk_20250823.csv.gz,3508,2025-08-23 00:03:35,2025-08-23 23:59:34,36705,f73a47a4ebd200bb50a187d6c5c5a90a65672b210921329f47920d3d113aabaf
2025-08-23,central,business_date=2025-08-23/sales_central_20250823.csv.gz,2748,2025-08-23 00:12:15,2025-08-23 23:56:15,28761,a46a4ab00d1ebaa054024199ae24da222c2ff63b1b36fb3c41674589e66ee1d7
2025-08-23,north,business_date=2025-08-23/sales_north_20250823.csv.gz,1633,2025-08-23 00:01:47,2025-08-23 23:56:30,17287,de86e4868c595ed244bc08b44b65e6c8f03651500df6c1108da219f61c06c7f0
2025-08-23,northeast,business_date=2025-08-23/sales_northeast_20250823.csv.gz,1884,2025-08-23 00:03:49,2025-08-23 23:57:49,19785,0b45a63273c784da3224dce281a765a21760a17f9fe4a9b8025e7857063c9020
2025-08-23,south,business_date=2025-08-23/sales_south_20250823.csv.gz,1014,2025-08-23 01:08:30,2025-08-23 23:54:02,10924,c5c53e5450d7872fc9653760a57dc3e3611c161e1cd52bce55b2556ff5651c77
2025-08-24,bkk,business_date=2025-08-24/sales_bkk_20250824.csv.gz,3449,2025-08-24 00:01:33,2025-08-24 23:56:03,36111,a22f24683bbb97038ead9aec6269da2ecea19927183bcd0cccb760e8dd880b62
2025-08-24,central,business_date=2025-08-24/sales_central_20250824.csv.gz,2596,2025-08-24 00:03:49,2025-08-24 23:59:19,27142,2b5bce9e04c815ef9956e5c04b5c298fd1dc37bd1707d1ff0389b2096f619610
2025-08-24,north,business_date=2025-08-24/sales_north_20250824.csv.gz,1622,2025-08-24 00:06:47,2025-08-24 23:58:59,17196,03c49a03a98a6176e51fccc0c4852810bb1e5aeb064d2a4d5c9672e1f297abca
2025-08-24,northeast,business_date=2025-08-24/sales_northeast_20250824.csv.gz,1900,2025-08-24 00:00:41,2025-08-24 23:59:51,20038,7001144dc314ca4c883579b88992b1deb9cf02bc7efb9552c7c02b3db5e44045
2025-08-24,south,business_date=2025-08-24/sales_south_20250824.csv.gz,1023,2025-08-24 00:09:38,2025-08-24 23:57:05,11070,8fdddd4cd92355df0c16525682873800e8882cd787cc508d805222bd693f3990
2025-08-25,bkk,business_date=2025-08-25/sales_bkk_20250825.csv.gz,3135,2025-08-25 00:00:40,2025-08-25 23:59:42,32924,3996032f4a76d4a1ade268a877c77d1ff9be478b86d3be302905ded41d71da91
2025-08-25,central,business_date=2025-08-25/sales_central_20250825.csv.gz,2316,2025-08-25 00:12:40,2025-08-25 23:58:45,24280,33cf4f7aacade271c8fa043c6c514713ef5afff6d928c4aaa97b71e05abf4c94
2025-08-25,north,business_date=2025-08-25/sales_north_20250825.csv.gz,1426,2025-08-25 00:00:40,2025-08-25 23:59:58,15182,e17fa9948e8b53eabd4b0f46ee5acc8229d9dc742094fe076e0089e9f0997f8d
2025-08-25,northeast,business_date=2025-08-25/sales_northeast_20250825.csv.gz,1649,2025-08-25 00:05:37,2025-08-25 23:59:05,17390,f84f63188aec7f60637e20169d1198c36393e4ea9bfd792e00d20e3888c36389
2025-08-25,south,business_date=2025-08-25/sales_south_20250825.csv.gz,931,2025-08-25 00:01:05,2025-08-25 23:59:52,10155,8a90598efffd3a6b0536a9379cdd7971f3862a63848067f4537698ea5dc1a2d5
2025-08-26,bkk,business_date=2025-08-26/sales_bkk_20250826.csv.gz,3206,2025-08-26 00:01:50,2025-08-26 23:57:08,33613,10ee8bf4709b48823636fae4239b3cc4a391701ad3f7c644f15da2881ad27fb1
2025-08-26,central,business_date=2025-08-26/sales_central_20250826.csv.gz,2375,2025-08-26 00:02:38,2025-08-26 23:59:10,24985,92a0141262d4d4b8b47afe4d59a6b85c239a2ebc3a5889a93aa0d290f0d6e7e9
2025-08-26,north,business_date=2025-08-26/sales_north_20250826.csv.gz,1349,2025-08-26 00:03:32,2025-08-26 23:55:32,14413,0453cfdecd5f0b60fc2ce76e9f3bfd5a566c01759d945b5ea9a1b2a08b42ddb0
2025-08-26,northeast,business_date=2025-08-26/sales_northeast_20250826.csv.gz,1654,2025-08-26 00:03:06,2025-08-26 23:57:13,17432,e128e76f5e5cc94b8401015a26309cb3f2b8274970b8b568ed3948fd9a895fb3
2025-08-26,south,business_date=2025-08-26/sales_south_20250826.csv.gz,942,2025-08-26 00:10:54,2025-08-26 23:58:57,10213,393ea327564d003e8c1e4d19f559ee9eea44201e5e335b16dc0ad9d256fdceea
2025-08-27,bkk,business_date=2025-08-27/sales_bkk_20250827.csv.gz,3064,2025-08-27 00:00:52,2025-08-27 23:59:10,31983,b0ace6c070f4fb3ed7f3bd54fc97bcb996eec5f49954c3b2034164e812b83cea
2025-08-27,central,business_date=2025-08-27/sales_central_20250827.csv.gz,2280,2025-08-27 00:15:02,2025-08-27 23:56:01,23950,4236f9172df8b7577aab5cb7f22096bf9ee96c5013ee1e9fce5d1d420a86923c
2025-08-27,north,business_date=2025-08-27/sales_north_20250827.csv.gz,1307,2025-08-27 00:00:07,2025-08-27 23:59:59,13959,facb415a34c90c956b698def6a12737cbe221af1c4d8b71a7a09993497b8158d
2025-08-27,northeast,business_date=2025-08-27/sales_northeast_20250827.csv.gz,1567,2025-08-27 00:05:24,2025-08-27 23:58:19,16615,91dc5b54223b9ecd3c36a06bbd2983c3a0919da41145b981307c161551ef9223
2025-08-27,south,business_date=2025-08-27/sales_south_20250827.csv.gz,931,2025-08-27 00:02:52,2025-08-27 23:59:55,10108,34cbf415b930b91e9a2fd1987078f7ec66ddfe96287b9003472fa33fd5393f63
2025-08-28,bkk,business_date=2025-08-28/sales_bkk_20250828.csv.gz,3134,2025-08-28 00:01:54,2025-08-28 23:59:44,32768,06b1bad0ccccde38ed899e685551691a84e8b4a01049d9982ec36df258fa7c3e
2025-08-28,central,business_date=2025-08-28/sales_central_20250828.csv.gz,2278,2025-08-28 00:01:10,2025-08-28 23:59:00,23897,6999cb7f8bf714af6a4c59dc591480ee72d784fab314fcac05aa49edd15d7b6b
2025-08-28,north,business_date=2025-08-28/sales_north_20250828.csv.gz,1367,2025-08-28 00:05:23,2025-08-28 23:57:20,14538,c9f40e6c6221c884c706ca90cf2186254c47463d4b2f74aea961d1587333a4fe
2025-08-28,northeast,business_date=2025-08-28/sales_northeast_20250828.csv.gz,1614,2025-08-28 00:00:49,2025-08-28 23:56:15,17073,85539eb5943aaf64a6ab823713b17b6390a83fa3be108d690f22b6b5b7508783
2025-08-28,south,business_date=2025-08-28/sales_south_20250828.csv.gz,908,2025-08-28 00:20:09,2025-08-28 23:53:28,9907,c91215bcb389c61f37f1ba8cf87eeff38a4aa460786ae89b1834bd3430b05558
2025-08-29,bkk,business_date=2025-08-29/sales_bkk_20250829.csv.gz,2901,2025-08-29 00:03:49,2025-08-29 23:58:44,30406,d2ffaa0eea35273c49073bf56821fc60a0e70f99e5f5d580e20cd5b1757ddd5f
2025-08-29,central,business_date=2025-08-29/sales_central_20250829.csv.gz,2132,2025-08-29 00:13:17,2025-08-29 23:57:16,22416,79b222f67c841b2543e3bcc62c5a90be024f660c6410b9377e6d7dc0626f30bc
2025-08-29,north,business_date=2025-08-29/sales_north_20250829.csv.gz,1341,2025-08-29 00:06:53,2025-08-29 23:58:49,14291,00ecea2ec2c1ec9e1a4e0bf4e142ee62cf55df7cbda152fe9ec32a7960d7c791
2025-08-29,northeast,business_date=2025-08-29/sales_northeast_20250829.csv.gz,1551,2025-08-29 00:01:15,2025-08-29 23:55:24,16433,ac23ca850db92d816321f8ed550810d7d7d147854781c13a021e9fad175340c8
2025-08-29,south,business_date=2025-08-29/sales_south_20250829.csv.gz,964,2025-08-29 00:51:33,2025-08-29 23:57:10,10383,a4568b7fa231b9efb24117f22de93c6be4420c4cce73cfe0edd7b9bb5a07a9a6
2025-08-30,bkk,business_date=2025-08-30/sales_bkk_20250830.csv.gz,3744,2025-08-30 00:00:56,2025-08-30 23:58:30,39148,b6dbf15712547474cf944d49036c8d1dc0462d188804353637c327e77d97ca42
2025-08-30,central,business_date=2025-08-30/sales_central_20250830.csv.gz,2700,2025-08-30 00:02:03,2025-08-30 23:58:41,28332,f629e369eeaeab2a38a08293273966a4e4c6f0146ef858f54b8c0622adfe2262
2025-08-30,north,business_date=2025-08-30/sales_north_20250830.csv.gz,1518,2025-08-30 00:14:03,2025-08-30 23:57:43,16110,e9074f2cf806481470fe87bf3ec9d28844c5a93d2db3d8832342a71b80d3fe53
2025-08-30,northeast,business_date=2025-08-30/sales_northeast_20250830.csv.gz,1926,2025-08-30 00:01:16,2025-08-30 23:59:33,20287,164a24787f69abd547c582545cd90d5367829160ef1cedeb62b412a5e7604fda
2025-08-30,south,business_date=2025-08-30/sales_south_20250830.csv.gz,1062,2025-08-30 00:07:00,2025-08-30 23:58:23,11536,fad1bbe97aae6eebd2ca397ed93b77a23634d21124d0afd1c1fb7abedc93dada
2025-08-31,bkk,business_date=2025-08-31/sales_bkk_20250831.csv.gz,3438,2025-08-31 00:05:22,2025-08-31 23:59:25,36058,619068d1bf60a9c3f9a0f515054623d3f336ff49f095a7d6b27af162947f7b0b
2025-08-31,central,business_date=2025-08-31/sales_central_20250831.csv.gz,2449,2025-08-31 00:02:42,2025-08-31 23:56:38,25667,7bdf98dc9fef369914a913715fac086f849a8228f2bf339df058d64627ee5dae
2025-08-31,north,business_date=2025-08-31/sales_north_20250831.csv.gz,1652,2025-08-31 00:02:09,2025-08-31 23:56:17,17569,4e16706a64b74fa970b46adb9e155793cc69746ed86a2508b65892b1b1e19e73
2025-08-31,northeast,business_date=2025-08-31/sales_northeast_20250831.csv.gz,1943,2025-08-31 00:01:45,2025-08-31 23:57:46,20351,ba8d769ff656e7b0ef0e2c87dac3f70d5bffd9fdbc7c979fa6d7b8e6f272a6dc
2025-08-31,south,business_date=2025-08-31/sales_south_20250831.csv.gz,1129,2025-08-31 00:03:25,2025-08-31 23:58:11,12144,e650bb2232a2c404ad8a30dfa8d433e0b7bb54f7528046a4f7ad865f9812aee8
2025-09-01,bkk,business_date=2025-09-01/sales_bkk_20250901.csv.gz,3057,2025-09-01 00:03:31,2025-09-01 23:57:40,32015,fa233b10b2b4b3d1a19f9356a799d55d9b4379c2952c34fd69b6eb3c8da6c928
2025-09-01,central,business_date=2025-09-01/sales_central_20250901.csv.gz,2365,2025-09-01 00:09:52,2025-09-01 23:59:28,24870,5439c5e7cff18559107f38862dfb1d0e2775bd8547a7a23d3baf59a520a7edab
2025-09-01,north,business_date=2025-09-01/sales_north_20250901.csv.gz,1460,2025-09-01 00:00:23,2025-09-01 23:56:19,15610,57bfe12b4796cf962309e3ab40667fa9bcc9f3de56f79b8b0a429dd3edc1c477
2025-09-01,northeast,business_date=2025-09-01/sales_northeast_20250901.csv.gz,1692,2025-09-01 00:00:16,2025-09-01 23:55:01,17792,eaaa132dd372dc2f6aeaee6dd86cc4e6c49aef6ecb7dbaca57ee04bd4a6619fc
2025-09-01,south,business_date=2025-09-01/sales_south_20250901.csv.gz,918,2025-09-01 00:17:56,2025-09-01 23:56:42,9965,c73e3f73e4101d2b540d5ba94143609ed07add1cbf9d17bd344ce3d779797d69
2025-09-02,bkk,business_date=2025-09-02/sales_bkk_20250902.csv.gz,3214,2025-09-02 00:00:18,2025-09-02 23:59:51,33644,1f908ac858aa34917322d5243c6d8ab0dd00267c78081d3483f6208e9fea081b
2025-09-02,central,business_date=2025-09-02/sales_central_20250902.csv.gz,2155,2025-09-02 00:03:45,2025-09-02 23:59:49,22556,87bfea0b0534fe860baba0132ed8893369aba05847f01b0b1aa10dd03c5ea825
2025-09-02,north,business_date=2025-09-02/sales_north_20250902.csv.gz,1364,2025-09-02 00:02:41,2025-09-02 23:59:30,14540,b387b1b8b252a646ad21d6014704faa14c6e24859be852f0579deaee31320890
2025-09-02,northeast,business_date=2025-09-02/sales_northeast_20250902.csv.gz,1675,2025-09-02 00:02:06,2025-09-02 23:59:02,17561,1decb645690302a982c4ada891a2048d190bc60f95f1450a9fa9646f1cf26598
2025-09-02,south,business_date=2025-09-02/sales_south_20250902.csv.gz,997,2025-09-02 00:02:59,2025-09-02 23:58:40,10775,895f7fd96421f100a18f86b7cea0bf4feadac089a3f9a580a06e515247b1298f
2025-09-03,bkk,business_date=2025-09-03/sales_bkk_20250903.csv.gz,2869,2025-09-03 00:01:24,2025-09-03 23:56:35,30206,dfde619f94bb6786675095eccbd550d664b23ced70ecd216743e1de77dd24426
2025-09-03,central,business_date=2025-09-03/sales_central_20250903.csv.gz,2227,2025-09-03 00:03:09,2025-09-03 23:59:06,23404,aa980a5c0c004270671f1ce729845759a6bb2547e247e55f33b287a758f6a68d
2025-09-03,north,business_date=2025-09-03/sales_north_20250903.csv.gz,1460,2025-09-03 00:00:50,2025-09-03 23:59:08,15543,678683e0df3b4c82aecaff09e806518313d0e6da722ac5ce3885ddb7a0d7b543
2025-09-03,northeast,business_date=2025-09-03/sales_northeast_20250903.csv.gz,1625,2025-09-03 00:00:48,2025-09-03 23:59:25,17179,271fa1290b22c271c702d7123105c122339cf9239622f83691362637b6b00003
2025-09-03,south,business_date=2025-09-03/sales_south_20250903.csv.gz,1001,2025-09-03 00:04:43,2025-09-03 23:58:19,10889,ca376b00e9ff96fe949cc6e11bcfc7457e73f11865bd958ceba671e37cc61cdd
2025-09-04,bkk,business_date=2025-09-04/sales_bkk_20250904.csv.gz,3096,2025-09-04 00:02:33,2025-09-04 23:56:10,32353,4242aa118e7bd499ff64c036fccda0daf614bedc908642c89a503dfec626d66b
2025-09-04,central,business_date=2025-09-04/sales_central_20250904.csv.gz,2248,2025-09-04 00:00:12,2025-09-04 23:59:53,23636,258c7f6acbcd025b60b665a94c8d8051e217c5da8ebf3653a0bf65e84f62d87d
2025-09-04,north,business_date=2025-09-04/sales_north_20250904.csv.gz,1338,2025-09-04 00:00:47,2025-09-04 23:58:43,14277,7c833a99dcc0fbe8cdefe68576de789a2e90009fceb84a5cb6caed06dc9a66e9
2025-09-04,northeast,business_date=2025-09-04/sales_northeast_20250904.csv.gz,1652,2025-09-04 00:03:54,2025-09-04 23:58:42,17423,59c6d39ba483491f24728f22649b5de55fae8df50d17696e24e4dc085bbe91f2
2025-09-04,south,business_date=2025-09-04/sales_south_20250904.csv.gz,936,2025-09-04 00:05:57,2025-09-04 23:56:20,10178,9b63c80b4fe6b426b305512222ff63a85126aa48ceed177e0ba56053a372b978
2025-09-05,bkk,business_date=2025-09-05/sales_bkk_20250905.csv.gz,3098,2025-09-05 00:01:15,2025-09-05 23:59:50,32463,6cf639102eea7a162b1e818d6e78e6853933e84a36d8743008622863f64c955a
2025-09-05,central,business_date=2025-09-05/sales_central_20250905.csv.gz,2141,2025-09-05 00:00:20,2025-09-05 23:59:54,22453,1b4f1e4d4c51c7c1005c4fc6fcb4f301033ede9c5cf1e139ae1be612b55161e7
2025-09-05,north,business_date=2025-09-05/sales_north_20250905.csv.gz,1413,2025-09-05 00:00:17,2025-09-05 23:59:49,15070,bca71efe9d1b7c96b05f413e095cefda0e106888e1da0fe47c4138ebfe46962d
2025-09-05,northeast,business_date=2025-09-05/sales_northeast_20250905.csv.gz,1698,2025-09-05 00:14:23,2025-09-05 23:58:55,17889,3d3b529c7c2cd2bdfd794c6843faf7df84e00d838a93793f29778fbf5467c9ae
2025-09-05,south,business_date=2025-09-05/sales_south_20250905.csv.gz,920,2025-09-05 00:01:08,2025-09-05 23:59:36,10072,68122b23fbfb947b2f515550b44029f1fb7435ba9adced42d1a63759c74f2b2a
2025-09-06,bkk,business_date=2025-09-06/sales_bkk_20250906.csv.gz,3645,2025-09-06 00:02:13,2025-09-06 23:56:30,38169,f44166cbb2c7a6c1f0e5a187bff145582bc4884c7740c9abf79fb78dd69a2c08
2025-09-06,central,business_date=2025-09-06/sales_central_20250906.csv.gz,2550,2025-09-06 00:03:15,2025-09-06 23:58:42,26695,c509882cd07f53edc3dde91cfb8bde971dd410538c6e51acd589c2b4dbef3aee
2025-09-06,north,business_date=2025-09-06/sales_north_20250906.csv.gz,1567,2025-09-06 00:00:16,2025-09-06 23:59:10,16598,28973a4683f8dc5cdd294cd641c935593ccf1b4c322823cb2d772c3780ccfb92
2025-09-06,northeast,business_date=2025-09-06/sales_northeast_20250906.csv.gz,1943,2025-09-06 00:01:34,2025-09-06 23:55:25,20408,f3d7a23af9ef9c2587d383e496b89f22458ecc0e5a6c3118a270b6c2c42e252e
2025-09-06,south,business_date=2025-09-06/sales_south_20250906.csv.gz,1059,2025-09-06 00:03:03,2025-09-06 23:59:55,11442,03068fc74b77e63e8cfcd0d9854eda2328643fbfd9734aed663efc8224618a1e
2025-09-07,bkk,business_date=2025-09-07/sales_bkk_20250907.csv.gz,3346,2025-09-07 00:02:52,2025-09-07 23:59:13,35040,9cdc6072606cae8843e201336c19ef7ea17571267f2808f4703cb8da623bdabd
2025-09-07,central,business_date=2025-09-07/sales_central_20250907.csv.gz,2513,2025-09-07 00:01:36,2025-09-07 23:59:25,26318,fd70d905ea992b626c5825b4319698e3fb6d85b14e0e8c9b9f492aeba247015b
2025-09-07,north,business_date=2025-09-07/sales_north_20250907.csv.gz,1556,2025-09-07 00:01:30,2025-09-07 23:48:55,16473,1c9781bc2c18c86ce5181e9d32409838528975dff1bf5e63dc6160e49c78bf5c
2025-09-07,northeast,business_date=2025-09-07/sales_northeast_20250907.csv.gz,1845,2025-09-07 00:05:05,2025-09-07 23:58:59,19424,a18c1ad20d1e080c71858d5ea9348c27b61f042a13637c64d2d244183e469d0c
2025-09-07,south,business_date=2025-09-07/sales_south_20250907.csv.gz,1153,2025-09-07 00:00:48,2025-09-07 23:58:12,12442,77a8925b0c23b032289d15e94f803aaf2712e250a8b497f684e33e15aa894413
2025-09-08,bkk,business_date=2025-09-08/sales_bkk_20250908.csv.gz,3028,2025-09-08 00:00:44,2025-09-08 23:57:32,31760,2a8eb429523f934ffec9ae06889d23a47d2e88aa599c8c8728d3756470f26c61
2025-09-08,central,business_date=2025-09-08/sales_central_20250908.csv.gz,2163,2025-09-08 00:05:31,2025-09-08 23:59:17,22763,d540f00adf36c20f3d66980303f3a8dcbe138e7f03536e971493a9eede1c5072
2025-09-08,north,business_date=2025-09-08/sales_north_20250908.csv.gz,1450,2025-09-08 00:04:03,2025-09-08 23:58:41,15436,082a7282af353589542c399452e5bf72c2d3124711fce3d6ee6871af3f8afcad
2025-09-08,northeast,business_date=2025-09-08/sales_northeast_20250908.csv.gz,1735,2025-09-08 00:03:17,2025-09-08 23:59:01,18308,4536e66132206ed612181819ce3839a52fbe5f35c1422459d5a57e22d9129c3b
2025-09-08,south,business_date=2025-09-08/sales_south_20250908.csv.gz,920,2025-09-08 00:07:36,2025-09-08 23:59:51,9996,5a752eaf1bfdb993fe03c9172932df488841f16b93afed3a6d91d0142a76d451
2025-09-09,bkk,business_date=2025-09-09/sales_bkk_20250909.csv.gz,5219,2025-09-09 00:00:03,2025-09-09 23:59:04,54433,5c1027212652dea35c7f780738661cac3e3469188fe2e7b76bf827f48a9ebe1b
2025-09-09,central,business_date=2025-09-09/sales_central_20250909.csv.gz,3913,2025-09-09 00:01:18,2025-09-09 23:57:57,40846,33c5339ede136a29fdce5e234f71f8db078db001b1f2311176c0325cadb9f91c
2025-09-09,north,business_date=2025-09-09/sales_north_20250909.csv.gz,2315,2025-09-09 00:00:19,2025-09-09 23:58:46,24282,bf030008b01972626b0424ab2dce0b6d0ebd507079a2e06f321d2b0d50a58e94
2025-09-09,northeast,business_date=2025-09-09/sales_northeast_20250909.csv.gz,2803,2025-09-09 00:04:36,2025-09-09 23:59:53,29304,e635c63293ba3434f9958283d343b6f8e41d91376c2168248ea125d0a4d3bfae
2025-09-09,south,business_date=2025-09-09/sales_south_20250909.csv.gz,1476,2025-09-09 00:09:50,2025-09-09 23:58:44,15733,dbf8e19dc13d215933580fc271dbcb0d7e9e9d7c4946cbd6649574112afe6095
2025-09-10,bkk,business_date=2025-09-10/sales_bkk_20250910.csv.gz,2988,2025-09-10 00:02:16,2025-09-10 23:57:21,31348,e040502725a4864a5b5008dca62cc8b3f645f0ad0cb408050482da0366a1b5b0
2025-09-10,central,business_date=2025-09-10/sales_central_20250910.csv.gz,2270,2025-09-10 00:04:00,2025-09-10 23:58:17,23848,59ea4f93fd98d6d426c057778607d6ad069d046bf2ab984d2f02ccbfc6c7759a
2025-09-10,north,business_date=2025-09-10/sales_north_20250910.csv.gz,1391,2025-09-10 00:08:10,2025-09-10 23:59:01,14883,548e9e483aca06d382e75388f03c0cf1c6a02b7b66a4e2964a00024416038bc1
2025-09-10,northeast,business_date=2025-09-10/sales_northeast_20250910.csv.gz,1640,2025-09-10 00:17:27,2025-09-10 23:59:58,17217,7cfe84540955072c2205879042f7fb4d53464b2ee68c5d02c5a45a5e044e2cf9
2025-09-10,south,business_date=2025-09-10/sales_south_20250910.csv.gz,919,2025-09-10 00:03:25,2025-09-10 23:42:26,10043,cc1d83c87f363470ac0ca424f74591f2eb814be15a09aa3ac99a508735fe05fa
2025-09-11,bkk,business_date=2025-09-11/sales_bkk_20250911.csv.gz,2954,2025-09-11 00:00:24,2025-09-11 23:57:54,31009,8765b0b1914a4d9c21bb082cc07ec92b1afb220d9225d90ad8f1a4bbd23cbde7
2025-09-11,central,business_date=2025-09-11/sales_central_20250911.csv.gz,2203,2025-09-11 00:00:19,2025-09-11 23:58:16,23150,1cf93c511b1b35ec503c68b35379cd931eb546a1b26cc5983640180de6d55f86
2025-09-11,north,business_date=2025-09-11/sales_north_20250911.csv.gz,1397,2025-09-11 00:10:27,2025-09-11 23:54:22,14884,b5baf5bd3b714630efe13cf33981c99ce0b3a93da284a853835f69e3fed60610
2025-09-11,northeast,business_date=2025-09-11/sales_northeast_20250911.csv.gz,1579,2025-09-11 00:06:08,2025-09-11 23:55:58,16681,37cd5a0ad4778027f9d46c39253880b683f08531280a632ff27630df5f9e9dde
2025-09-11,south,business_date=2025-09-11/sales_south_20250911.csv.gz,948,2025-09-11 00:10:24,2025-09-11 23:57:55,10264,debe277d2f8934e8175066b14ee2d1b17508190d8e2f42e0e00826f3fb634281
2025-09-12,bkk,business_date=2025-09-12/sales_bkk_20250912.csv.gz,3197,2025-09-12 00:05:32,2025-09-12 23:56:06,33436,69c5d5a0d04126a9157d988b250f4d60337d614c86e236dad6b113f2d3698b9b
2025-09-12,central,business_date=2025-09-12/sales_central_20250912.csv.gz,2374,2025-09-12 00:03:55,2025-09-12 23:59:20,25011,97942d7eeaaa52eee58c71a63155ce85e8b41a61899e8057eccd0a6f5e4862f5
2025-09-12,north,business_date=2025-09-12/sales_north_20250912.csv.gz,1433,2025-09-12 00:03:31,2025-09-12 23:54:50,15184,e9742119f1c4ed4423442eab25e0e19a16e1e7fafd8cb4e4d394df63aac953a7
2025-09-12,northeast,business_date=2025-09-12/sales_northeast_20250912.csv.gz,1581,2025-09-12 00:02:45,2025-09-12 23:59:40,16710,45dd74a18bc7442988514f9c0c232ce06567ce74a6358f78629eae21da3d43b1
2025-09-12,south,business_date=2025-09-12/sales_south_20250912.csv.gz,918,2025-09-12 00:15:31,2025-09-12 23:47:44,10022,2d4b448fcaa38f34b22ddcc8a46f6f674dcf8b91b9cee6e3c3ee8919e10e6d00
2025-09-13,bkk,business_date=2025-09-13/sales_bkk_20250913.csv.gz,3718,2025-09-13 00:00:19,2025-09-13 23:58:24,38803,89c8103f25322bea63fccb96b815f28199b4ac2df91399329b77340fee54e0cd
2025-09-13,central,business_date=2025-09-13/sales_central_20250913.csv.gz,2669,2025-09-13 00:05:55,2025-09-13 23:57:22,27997,e1db108e2d4c534c102415f08efe4094f6642c0d9fcf61b3bca0f97008c4201c
2025-09-13,north,business_date=2025-09-13/sales_north_20250913.csv.gz,1540,2025-09-13 00:13:58,2025-09-13 23:56:49,16372,036a728297f8d2cd752fed3f81ac2d0ab65a7f62aa5916ec2c045040bc066169
2025-09-13,northeast,business_date=2025-09-13/sales_northeast_20250913.csv.gz,1970,2025-09-13 00:00:24,2025-09-13 23:59:12,20703,bcb42325dbee83c9176518dd7517d61008b1bfda0ca958ea07e21a3228d36004
2025-09-13,south,business_date=2025-09-13/sales_south_20250913.csv.gz,1129,2025-09-13 00:00:05,2025-09-13 23:58:13,12241,f9a6a18d0afdd517995d7a321a19c046c3cff24a2b71917f9e309a0cebf54c82
2025-09-14,bkk,business_date=2025-09-14/sales_bkk_20250914.csv.gz,3543,2025-09-14 00:03:29,2025-09-14 23:57:28,37007,3f5b09176273ddebb0704719386a5b23e5260c2638e52dd69b199532d1621f97
2025-09-14,central,business_date=2025-09-14/sales_central_20250914.csv.gz,2503,2025-09-14 00:01:44,2025-09-14 23:59:40,26137,84450c2bbcd4bd55754266523a249a51d0ee91f8d46a2a6d60273dd9d079bb87
2025-09-14,north,business_date=2025-09-14/sales_north_20250914.csv.gz,1640,2025-09-14 00:08:58,2025-09-14 23:56:48,17383,40bc46cc84e2f9c81c4519380a52663fdfa8462f01af8d34f4e021eb0e85ac34
2025-09-14,northeast,business_date=2025-09-14/sales_northeast_20250914.csv.gz,1819,2025-09-14 00:00:06,2025-09-14 23:58:55,19142,23fa10d2e88556c542b83bf3fb9af5f123502e83c0631b5711bb1496e61012fb
2025-09-14,south,business_date=2025-09-14/sales_south_20250914.csv.gz,1070,2025-09-14 00:25:59,2025-09-14 23:57:27,11567,45fd7f797c9674b41a2039ab7c03f1fd7a7e033b8f42f31780fc7111c44dba1f
2025-09-15,bkk,business_date=2025-09-15/sales_bkk_20250915.csv.gz,3090,2025-09-15 00:01:24,2025-09-15 23:57:04,32469,235a55e8593a790193871641fc82d9f2480f46c52a2cf249618db316d37acca4
2025-09-15,central,business_date=2025-09-15/sales_central_20250915.csv.gz,2349,2025-09-15 00:00:10,2025-09-15 23:58:11,24701,e37741e691213380026eb38280c7a62f40410a15c500feeb272b942c14c867eb
2025-09-15,north,business_date=2025-09-15/sales_north_20250915.csv.gz,1407,2025-09-15 00:02:06,2025-09-15 23:53:23,15026,f650d17e8d15950ead0e15e701851d1a29c7dc0adc6639059a45783e09de9e77
2025-09-15,northeast,business_date=2025-09-15/sales_northeast_20250915.csv.gz,1695,2025-09-15 00:04:44,2025-09-15 23:59:06,17815,064cf0d8abf9ee10386a0e7cf1a8c0d77d2ce78e3adfa38d75c27a740cb9aaa6
2025-09-15,south,business_date=2025-09-15/sales_south_20250915.csv.gz,901,2025-09-15 00:08:16,2025-09-15 23:57:11,9818,83f3daccb958c8257560152f03e1356e3562b29f774d22f8a338ecd85c6e1d43
2025-09-16,bkk,business_date=2025-09-16/sales_bkk_20250916.csv.gz,3209,2025-09-16 00:00:17,2025-09-16 23:59:17,33604,78760ad485c5cac15be25dd6efe7afc828026532bced39f1c18c1750b01c8890
2025-09-16,central,business_date=2025-09-16/sales_central_20250916.csv.gz,2371,2025-09-16 00:00:49,2025-09-16 23:59:04,24900,e6a7c8b4df6a7776cb4cb17e9dfa45ee52d95e1e28b688458fab45305ead0b95
2025-09-16,north,business_date=2025-09-16/sales_north_20250916.csv.gz,1357,2025-09-16 00:13:50,2025-09-16 23:40:28,14538,0a628be33051e01336d8309e501e69eb22b98b3a6c07c6db80583fe982be598b
2025-09-16,northeast,business_date=2025-09-16/sales_northeast_20250916.csv.gz,1631,2025-09-16 00:05:48,2025-09-16 23:50:09,17259,578dbe49096b604aeb07c3b7d03f43b8855d2d4be34591d8014f189118f6a208
2025-09-16,south,business_date=2025-09-16/sales_south_20250916.csv.gz,961,2025-09-16 00:30:53,2025-09-16 23:55:18,10404,c4d0bec74435d7c9e425e9f29b39349b794b650038e06ec37a89f54b807cf72d
2025-09-17,bkk,business_date=2025-09-17/sales_bkk_20250917.csv.gz,2890,2025-09-17 00:01:20,2025-09-17 23:58:23,30394,337c8c0d98dec70213bc1f55856acb5c0004174fd99ed9ff2f85f62c19c50077
2025-09-17,central,business_date=2025-09-17/sales_central_20250917.csv.gz,2160,2025-09-17 00:02:04,2025-09-17 23:55:26,22761,81929a253b3537b87e0a0a752a84c1d7af91c842ae58c427c24af99d6f0ba93d
2025-09-17,north,business_date=2025-09-17/sales_north_20250917.csv.gz,1448,2025-09-17 00:06:47,2025-09-17 23:56:13,15405,546e5ec208bf8b19540fc3bf0d56aabea5301217bb2afb131d4ea4130f7877c8
2025-09-17,northeast,business_date=2025-09-17/sales_northeast_20250917.csv.gz,1738,2025-09-17 00:04:45,2025-09-17 23:58:22,18344,671816e1cb3a355a54a66128c8c05b0871723f6b240663de9433f6c8c55548ec
2025-09-17,south,business_date=2025-09-17/sales_south_20250917.csv.gz,936,2025-09-17 00:00:59,2025-09-17 23:59:11,10220,9f2c8850311baa641a03ab766946bcebac10dc95818cf61f5e61f43de8c94e13
2025-09-18,bkk,business_date=2025-09-18/sales_bkk_20250918.csv.gz,3002,2025-09-18 00:00:28,2025-09-18 23:58:01,31564,4c5ffdbc059d42e4b902a168c78b89a6414ad82f90dfe0140d08872ca9097b8e
2025-09-18,central,business_date=2025-09-18/sales_central_20250918.csv.gz,2382,2025-09-18 00:07:41,2025-09-18 23:59:40,24908,1adfed03bc04f17efef5237fce76453661b9bd0378599d65dd54f5011c8169fa
2025-09-18,north,business_date=2025-09-18/sales_north_20250918.csv.gz,1364,2025-09-18 00:01:38,2025-09-18 23:59:13,14536,46bbca3ebb7c05d9ba694fb7930154f43d3a3bad286a027d7db56a71b50a9aa7
2025-09-18,northeast,business_date=2025-09-18/sales_northeast_20250918.csv.gz,1576,2025-09-18 00:01:11,2025-09-18 23:54:57,16587,e8a76ebffc01d5cdc8e9cd7021cb850f603086644a30bebf9f1d61e7ab463a86
2025-09-18,south,business_date=2025-09-18/sales_south_20250918.csv.gz,915,2025-09-18 00:28:32,2025-09-18 23:59:02,9969,226ad3db531fed03d723009be793a12d4a459e476c9af13ae348b6bcd920f7ef
2025-09-19,bkk,business_date=2025-09-19/sales_bkk_20250919.csv.gz,3135,2025-09-19 00:01:55,2025-09-19 23:59:50,32830,a154da870bf50a7e50259681c315f966d1e492411322da690914f28dfbb1ccfa
2025-09-19,central,business_date=2025-09-19/sales_central_20250919.csv.gz,2248,2025-09-19 00:00:03,2025-09-19 23:49:51,23692,634a980fa1b0211d5380cabbb95be4f2d7c7613f55a3d2bfd1ab5d100772391b
2025-09-19,north,business_date=2025-09-19/sales_north_20250919.csv.gz,1438,2025-09-19 00:00:46,2025-09-19 23:59:56,15358,4f4d356f93657caeea529d0626becd76d0f3535af36e564665dc64bc08cd2aab
2025-09-19,northeast,business_date=2025-09-19/sales_northeast_20250919.csv.gz,1621,2025-09-19 00:01:00,2025-09-19 23:55:33,17155,902308d6487842cfcb99f9ae2659bb966b9eb0fb2c8ae9259021c6818f17ef1e
2025-09-19,south,business_date=2025-09-19/sales_south_20250919.csv.gz,1002,2025-09-19 00:00:55,2025-09-19 23:55:11,10887,a55eb938beed8a7d3c1c11d040e4dcc21814cc52ef9aee2c48b1e1dd5fb348be
2025-09-20,bkk,business_date=2025-09-20/sales_bkk_20250920.csv.gz,3343,2025-09-20 00:04:00,2025-09-20 23:59:40,35107,c24525f878cff3a4ea8bc09c277f24cff7ffdbf70879c8e4811daed3bef348bd
2025-09-20,central,business_date=2025-09-20/sales_central_20250920.csv.gz,2751,2025-09-20 00:02:48,2025-09-20 23:56:48,28719,112152edef8cfe8e3c60a9b9743048dda8360711bf4c6b7a1dfeddd74eecaca1
2025-09-20,north,business_date=2025-09-20/sales_north_20250920.csv.gz,1664,2025-09-20 00:04:56,2025-09-20 23:59:08,17661,a5c247aadc765dccb9651f6e2d533cff796dbaa1cf666e107565066406e842ce
2025-09-20,northeast,business_date=2025-09-20/sales_northeast_20250920.csv.gz,1986,2025-09-20 00:00:51,2025-09-20 23:58:28,20913,5c2e13140e7740815a3e9a7c33262c7b826377827de1d3bf1c6fd8acfaedf6a9
2025-09-20,south,business_date=2025-09-20/sales_south_20250920.csv.gz,1121,2025-09-20 00:02:30,2025-09-20 23:56:03,12113,7d8dbc8490867f5f0e2e1c129a85a017d6af3ee3c1d998ba4701893553528b53
2025-09-21,bkk,business_date=2025-09-21/sales_bkk_20250921.csv.gz,3364,2025-09-21 00:08:33,2025-09-21 23:59:27,35202,2eff3f0cf533988746a18cf1919573716de937d898c9914ca2257e7776b9950a
2025-09-21,central,business_date=2025-09-21/sales_central_20250921.csv.gz,2484,2025-09-21 00:18:09,2025-09-21 23:57:02,25984,a9f8555815073e39e1c897436df673e30861c8e14c4033a8f92e9c03794b4983
2025-09-21,north,business_date=2025-09-21/sales_north_20250921.csv.gz,1572,2025-09-21 00:00:15,2025-09-21 23:57:41,16613,1bd6efc57aff621d80abdba89755387fa80d27a6f13b4efd70350bc2798465ed
2025-09-21,northeast,business_date=2025-09-21/sales_northeast_20250921.csv.gz,1907,2025-09-21 00:01:29,2025-09-21 23:55:44,20058,cfd73b635999d189e7438d08c3b2995ab38ca09fc511dc7e3ba9b5a6945d5d02
2025-09-21,south,business_date=2025-09-21/sales_south_20250921.csv.gz,1067,2025-09-21 00:16:41,2025-09-21 23:54:29,11521,db3812551de006cdb0a1102b0ebba0cdf6fa670ae9bf8eef4afc820b66c9f4b7
2025-09-22,bkk,business_date=2025-09-22/sales_bkk_20250922.csv.gz,3120,2025-09-22 00:03:25,2025-09-22 23:59:28,32689,7cfd7990df53c6368d340640a7d73475705caee15b30b68694783b87982e4bac
2025-09-22,central,business_date=2025-09-22/sales_central_20250922.csv.gz,2165,2025-09-22 00:04:39,2025-09-22 23:59:59,22818,cd18c95fa35381437e17e6ef442c3561e99020637411f41bea06d3e99109a620
2025-09-22,north,business_date=2025-09-22/sales_north_20250922.csv.gz,1340,2025-09-22 00:07:23,2025-09-22 23:56:45,14306,769955f6576ae2f9b2e51aa5334f5191ea926a99dfd528fe5e67cd0ecb3ee540
2025-09-22,northeast,business_date=2025-09-22/sales_northeast_20250922.csv.gz,1716,2025-09-22 00:07:59,2025-09-22 23:59:36,18147,89d2f2367268785812025d874eff0c0e0d8717602de745238ef2c0df58b0420c
2025-09-22,south,business_date=2025-09-22/sales_south_20250922.csv.gz,986,2025-09-22 00:01:09,2025-09-22 23:52:27,10676,917e5807cf2e19cddcbb0f133d2a95126f9d83e84ca3597f550b33ddc89f695b
2025-09-23,bkk,business_date=2025-09-23/sales_bkk_20250923.csv.gz,3046,2025-09-23 00:08:00,2025-09-23 23:58:54,32014,21899c2c116df5e1e81f17588eeeb5a555601b919c4b3718df39689d516f381b
2025-09-23,central,business_date=2025-09-23/sales_central_20250923.csv.gz,2159,2025-09-23 00:00:49,2025-09-23 23:57:29,22658,dbae7317a6610fbedf8ac098dc5d649542348c950d265065ca792edcfa6ccd8f
2025-09-23,north,business_date=2025-09-23/sales_north_20250923.csv.gz,1419,2025-09-23 00:07:12,2025-09-23 23:57:00,15124,7c5bb036669f90d5559fe1d7070f6398096d87c13f5fa235c49ead5e56188d74
2025-09-23,northeast,business_date=2025-09-23/sales_northeast_20250923.csv.gz,1658,2025-09-23 00:02:25,2025-09-23 23:59:03,17507,79c1c8fda6529d791b82acc51db118b74f15d993dd373a0010f54fc8f5a25446
2025-09-23,south,business_date=2025-09-23/sales_south_20250923.csv.gz,991,2025-09-23 00:03:14,2025-09-23 23:53:10,10804,e0440ffcf7e6c1ec7c5649ad7c84ed91f74ec37d23add37ea7fb8a1e9f1f7710
2025-09-24,bkk,business_date=2025-09-24/sales_bkk_20250924.csv.gz,2920,2025-09-24 00:00:41,2025-09-24 23:58:16,30612,f65d4fd43c5c8973a72100ad4480e2ba27a2abac6a716e829fcd8a896d2cc442
2025-09-24,central,business_date=2025-09-24/sales_central_20250924.csv.gz,2244,2025-09-24 00:08:36,2025-09-24 23:58:10,23672,c4fc562fe011d99f4cfc0ba2c75a0b40b8fb92741fab4f2091c8137d414c4ab3
2025-09-24,north,business_date=2025-09-24/sales_north_20250924.csv.gz,1326,2025-09-24 00:00:26,2025-09-24 23:56:26,14168,413c812783a61aee3f474ee3e4127ebe48364f9ce41c78bea018427d9b229a00
2025-09-24,northeast,business_date=2025-09-24/sales_northeast_20250924.csv.gz,1657,2025-09-24 00:04:03,2025-09-24 23:44:20,17391,b3e58aea26b21d6800aa95393831943d6a252fe920a6afe31dce03e40860cb79
2025-09-24,south,business_date=2025-09-24/sales_south_20250924.csv.gz,991,2025-09-24 00:08:39,2025-09-24 23:55:52,10757,de05d5cfc0bab884adacbf0cbf35fad825326253000d93bfcf084bf292134910
2025-09-25,bkk,business_date=2025-09-25/sales_bkk_20250925.csv.gz,3123,2025-09-25 00:03:03,2025-09-25 23:58:11,32716,118f87bdd72fd71724d90540c0625b0ef3cc286c6adf349ade9c9a0dfda2c3b6
2025-09-25,central,business_date=2025-09-25/sales_central_20250925.csv.gz,2141,2025-09-25 00:05:12,2025-09-25 23:57:21,22592,67c22ccd2d2921fefa40b5f58c552839e2ec2c8ddba166d73af393da48631898
2025-09-25,north,business_date=2025-09-25/sales_north_20250925.csv.gz,1324,2025-09-25 00:10:34,2025-09-25 23:59:52,14119,e7a314f05c44c2d488bf1ac7f5b3486d364933b885b42a06e07557b8fdf6f520
2025-09-25,northeast,business_date=2025-09-25/sales_northeast_20250925.csv.gz,1664,2025-09-25 00:00:12,2025-09-25 23:59:07,17488,7d82c9e1532e318c51803538be256633b67c09218695d4201596a0cccdf067c6
2025-09-25,south,business_date=2025-09-25/sales_south_20250925.csv.gz,894,2025-09-25 00:10:27,2025-09-25 23:37:48,9733,ada12657cc03680a2d0df3acaaa4a8f82c6deceda24a7bc42ae4829009bfd36d
2025-09-26,bkk,business_date=2025-09-26/sales_bkk_20250926.csv.gz,3162,2025-09-26 00:00:55,2025-09-26 23:56:36,33193,e46ccf0456ae76b40bf2b9b15ac2352d6287084785ee93adcf170732b9dc747a
2025-09-26,central,business_date=2025-09-26/sales_central_20250926.csv.gz,2369,2025-09-26 00:02:52,2025-09-26 23:56:25,24876,80c6fccccddddb3df751d88283118b0fc75ce87dff36302ef288979da535d1e3
2025-09-26,north,business_date=2025-09-26/sales_north_20250926.csv.gz,1396,2025-09-26 00:01:20,2025-09-26 23:59:45,14827,b15855a8d0190d230a66cbfde3f390f31993b7d0f4adf7dd88638ad68cc7a517
2025-09-26,northeast,business_date=2025-09-26/sales_northeast_20250926.csv.gz,1741,2025-09-26 00:00:45,2025-09-26 23:59:14,18395,e83fd936251f3f8c11ae113d016981793606791c7e5795e2959153b049c5a95c
2025-09-26,south,business_date=2025-09-26/sales_south_20250926.csv.gz,890,2025-09-26 00:10:21,2025-09-26 23:58:18,9731,253e73bb3568bb07a673c637ff6719be05b714e9c1e9b7f4c9700aecdebabe7a
2025-09-27,bkk,business_date=2025-09-27/sales_bkk_20250927.csv.gz,3362,2025-09-27 00:00:38,2025-09-27 23:59:51,35235,e91389b33b1ddd12f00224b7dfde4268d0cbe988408b836177d6eb7ebf744ce1
2025-09-27,central,business_date=2025-09-27/sales_central_20250927.csv.gz,2738,2025-09-27 00:00:07,2025-09-27 23:59:49,28593,465a787672b8c953c2173fecd033a5aadeb7f8cea2dc941c1d87ec6dc7563940
2025-09-27,north,business_date=2025-09-27/sales_north_20250927.csv.gz,1573,2025-09-27 00:02:32,2025-09-27 23:52:16,16719,bd1029009c5b96f320af67451e47b1902ee7256ec5f3c29e8c810bdca4ecea60
2025-09-27,northeast,business_date=2025-09-27/sales_northeast_20250927.csv.gz,1902,2025-09-27 00:10:58,2025-09-27 23:59:41,20042,9dfed64a311ce5fa33ae757d0d1d780d20650ad488c964f8eea5f6e4d18999b3
2025-09-27,south,business_date=2025-09-27/sales_south_20250927.csv.gz,1096,2025-09-27 00:01:36,2025-09-27 23:40:29,11842,c06cad60d79d197970d8c74974058bafc0927174a77514b08b758e398e72ccb0
2025-09-28,bkk,business_date=2025-09-28/sales_bkk_20250928.csv.gz,3553,2025-09-28 00:00:29,2025-09-28 23:59:28,37212,fe53985d0f4b9fe5755f7f4ab42c8d839c8f45a485c189e11906e382e80a41db
2025-09-28,central,business_date=2025-09-28/sales_central_20250928.csv.gz,2564,2025-09-28 00:03:30,2025-09-28 23:59:43,26862,b63569d6197cc1401c003407e7d4e9c0cca6023fd4e5edb53d67a0d896e22e74
2025-09-28,north,business_date=2025-09-28/sales_north_20250928.csv.gz,1575,2025-09-28 00:03:49,2025-09-28 23:57:56,16747,b8a7b265826f7aeb151dfefc1396816e981901197169b577449f31b5114fb8fa
2025-09-28,northeast,business_date=2025-09-28/sales_northeast_20250928.csv.gz,1846,2025-09-28 00:03:20,2025-09-28 23:59:20,19492,1befaa66c6b5834b0f5cbeaacf62a68e647c4fd20f15a25c551083adfe92423c
2025-09-28,south,business_date=2025-09-28/sales_south_20250928.csv.gz,1082,2025-09-28 00:19:49,2025-09-28 23:59:49,11730,baf969fa9805211b1428af244e034c8cd5f6631e0a19cc0ba70057cc2b91a4a2
2025-09-29,bkk,business_date=2025-09-29/sales_bkk_20250929.csv.gz,3132,2025-09-29 00:00:16,2025-09-29 23:56:08,32980,36d5d10a1cbb51b92c7b157e6be1b5a920d8420834f8e74444bf4cf921eddd18
2025-09-29,central,business_date=2025-09-29/sales_central_20250929.csv.gz,2245,2025-09-29 00:01:34,2025-09-29 23:59:10,23545,93cc8ff6a39eb8bf18524e2d174842155e558400bd8452b46c8af59e8086fa5d
2025-09-29,north,business_date=2025-09-29/sales_north_20250929.csv.gz,1339,2025-09-29 00:01:05,2025-09-29 23:59:55,14284,5956cbdc2ebf1a80620fb25f57d4b6e58fa0107fa16c5c2b2e1547cdf3b2b592
2025-09-29,northeast,business_date=2025-09-29/sales_northeast_20250929.csv.gz,1739,2025-09-29 00:06:33,2025-09-29 23:59:53,18262,34cceae107c5500db26c73bdeee3ad306c76032b3422e7aaeaeedd389dcd9847
2025-09-29,south,business_date=2025-09-29/sales_south_20250929.csv.gz,917,2025-09-29 00:10:56,2025-09-29 23:43:03,9925,f2283353ac7f12634fd0dccffa93f5bc05d64d46ef9c99d16da105c0e734fca1
2025-09-30,bkk,business_date=2025-09-30/sales_bkk_20250930.csv.gz,3211,2025-09-30 00:02:25,2025-09-30 23:59:41,33553,e62bf916b576f02c6d01d02c0cdb9056edd024a72bfa781494edc3541c316f2f
2025-09-30,central,business_date=2025-09-30/sales_central_20250930.csv.gz,2206,2025-09-30 00:06:18,2025-09-30 23:46:10,23180,ea814c2030586ffef0cc3abf4aca426222aadd54200093eff3ed814881f7e68d
2025-09-30,north,business_date=2025-09-30/sales_north_20250930.csv.gz,1329,2025-09-30 00:05:15,2025-09-30 23:58:44,14174,5c2b05782e01f13b90ad3e8dcbf4852b04e7fc7915c238e7b60399542fa383cb
2025-09-30,northeast,business_date=2025-09-30/sales_northeast_20250930.csv.gz,1735,2025-09-30 00:00:11,2025-09-30 23:58:14,18278,86d015978236393e44e3dc363b89cde645df980230ef4bab89a6e6db35bc0c74
2025-09-30,south,business_date=2025-09-30/sales_south_20250930.csv.gz,919,2025-09-30 00:00:50,2025-09-30 23:58:34,10000,53a6861c30329bf6e3dd273f06aba885df98f0f66f5ee5d8bcc6e49624820a86
2025-10-01,bkk,business_date=2025-10-01/sales_bkk_20251001.csv.gz,3093,2025-10-01 00:02:43,2025-10-01 23:57:35,32511,8a5e67c203077fc1a2f88e59cd437b6ae32d5295c7118ecce5e0310cc5dd2079
2025-10-01,central,business_date=2025-10-01/sales_central_20251001.csv.gz,2165,2025-10-01 00:06:28,2025-10-01 23:57:57,22765,d374399d3687addf417a7edf728c089fdb4972db16ed43d9caee384351deaf34
2025-10-01,north,business_date=2025-10-01/sales_north_20251001.csv.gz,1477,2025-10-01 00:01:26,2025-10-01 23:52:05,15675,1753e1499ec3bc3359400460f5d6f93efeac3beb5c23a55f3fcd817b9ef5725c
2025-10-01,northeast,business_date=2025-10-01/sales_northeast_20251001.csv.gz,1770,2025-10-01 00:01:14,2025-10-01 23:57:16,18692,812527a9939448ef9fdf59d549db25d086dcbc67e43d354f917f33cd7a14601f
2025-10-01,south,business_date=2025-10-01/sales_south_20251001.csv.gz,1002,2025-10-01 00:00:29,2025-10-01 23:45:23,10860,86c59ad8d9aed715702509a3213d85ca432a9c924802075dd044c0e130e71bee
2025-10-02,bkk,business_date=2025-10-02/sales_bkk_20251002.csv.gz,2989,2025-10-02 00:02:06,2025-10-02 23:59:11,31340,be47b04804b879dc9964d6ee8086fff54c35f4af0acf1a649c7106f7451db15c
2025-10-02,central,business_date=2025-10-02/sales_central_20251002.csv.gz,2168,2025-10-02 00:05:13,2025-10-02 23:59:55,22840,486499eb222f3b4c8d1b79cf030ee9ec2eb77e7239a13680b919302df19e64bf
2025-10-02,north,business_date=2025-10-02/sales_north_20251002.csv.gz,1508,2025-10-02 00:00:09,2025-10-02 23:58:01,16020,6d3bc0f548a10c621ffaccd8d34dfbe89c1b3c0713cb14e7be038507fd986b79
2025-10-02,northeast,business_date=2025-10-02/sales_northeast_20251002.csv.gz,1641,2025-10-02 00:05:47,2025-10-02 23:53:19,17340,9abd2fd5a2f5ae5e60350bd462e9143f235357b5475d8d192a6b2ad5adff6f05
2025-10-02,south,business_date=2025-10-02/sales_south_20251002.csv.gz,980,2025-10-02 00:06:24,2025-10-02 23:55:19,10584,5d0e8f6fb24e102f4b7e9022f1c1d1b9fb2f279168c05a0cdebcaa9909a696e0
2025-10-03,bkk,business_date=2025-10-03/sales_bkk_20251003.csv.gz,3032,2025-10-03 00:05:22,2025-10-03 23:59:22,31828,0cddb75f840d1827ba29c6606adf396942cc844948e9eb7a308f7ed7b8afdff1
2025-10-03,central,business_date=2025-10-03/sales_central_20251003.csv.gz,2178,2025-10-03 00:13:23,2025-10-03 23:59:25,22872,76367410b314aea707e3eb3a38ae3ead02a4fbde6d011b2a910ef547b9252fdd
2025-10-03,north,business_date=2025-10-03/sales_north_20251003.csv.gz,1512,2025-10-03 00:06:41,2025-10-03 23:55:46,16097,cae62873adccf23e56c88c5b7c3df0fb815169bfd8a28551d5bbecd946a104cb
2025-10-03,northeast,business_date=2025-10-03/sales_northeast_20251003.csv.gz,1720,2025-10-03 00:00:07,2025-10-03 23:57:45,18161,03741d0b2c827eb317f3c515eed25a2037d119dcbb8308c2846f45c501682082
2025-10-03,south,business_date=2025-10-03/sales_south_20251003.csv.gz,1024,2025-10-03 00:11:52,2025-10-03 23:52:46,11082,894b3e550260dd3e20b03a6a8e483ecd21f64812a035430dc48b5847d28cc875
2025-10-04,bkk,business_date=2025-10-04/sales_bkk_20251004.csv.gz,3762,2025-10-04 00:02:34,2025-10-04 23:57:35,39307,8f69b0fa72056a35d40847917f2129cd0b6a73d01649f6ad8a17b9d7ac668db2
2025-10-04,central,business_date=2025-10-04/sales_central_20251004.csv.gz,2729,2025-10-04 00:01:38,2025-10-04 23:59:38,28577,58b49be66d6458540cf8e3e7198e74b6b6b5fa862c99d49b2f89578593df472c
2025-10-04,north,business_date=2025-10-04/sales_north_20251004.csv.gz,1800,2025-10-04 00:00:33,2025-10-04 23:57:49,19019,be75dc53b204d5f227db2c6baf180d2538e2536648afc4e32cca980f937612ae
2025-10-04,northeast,business_date=2025-10-04/sales_northeast_20251004.csv.gz,2090,2025-10-04 00:03:08,2025-10-04 23:59:18,21887,5b9972d126937ae220f492630c7862598d8a94e1ee2fb85a2aedfb2430c6d487
2025-10-04,south,business_date=2025-10-04/sales_south_20251004.csv.gz,1219,2025-10-04 00:05:08,2025-10-04 23:59:34,13106,038aaf87bd54517b883a5f4ccf1ba1d09043a6c72faf5884254ddcb85eb8961d
2025-10-05,bkk,business_date=2025-10-05/sales_bkk_20251005.csv.gz,3394,2025-10-05 00:06:46,2025-10-05 23:59:31,35466,ef3a8725c21b82639de02429c33dd545c873f25290c23f57e2129fa571688d53
2025-10-05,central,business_date=2025-10-05/sales_central_20251005.csv.gz,2593,2025-10-05 00:08:29,2025-10-05 23:58:08,27089,51e824a25308bb10273021c26981ef45eae2cb7b6c2c95759332e438850a17c8
2025-10-05,north,business_date=2025-10-05/sales_north_20251005.csv.gz,1677,2025-10-05 00:05:48,2025-10-05 23:59:41,17714,94611a4aa4b8216484218aaa7af096c3406e31ec32fcaffab42d7711eff03687
2025-10-05,northeast,business_date=2025-10-05/sales_northeast_20251005.csv.gz,2003,2025-10-05 00:02:04,2025-10-05 23:59:15,21118,664f5f5f07468d2900ede40cf74898d9bcb50cc830d550ce7e1efbab8d78038e
2025-10-05,south,business_date=2025-10-05/sales_south_20251005.csv.gz,1140,2025-10-05 00:09:11,2025-10-05 23:59:24,12206,029dfd489384893019af8482e3cd9d2fd7a14dd183d92b9ff915975c0963b637
2025-10-06,bkk,business_date=2025-10-06/sales_bkk_20251006.csv.gz,3134,2025-10-06 00:00:27,2025-10-06 23:59:28,32868,fba7eea4a9c88e732c6bb208bb725fe2c8e5e0e09ebb0f1992524cdfff448a51
2025-10-06,central,business_date=2025-10-06/sales_central_20251006.csv.gz,2308,2025-10-06 00:02:21,2025-10-06 23:55:42,24194,4619b8c9d5395daf3b1a55e04a1c2ccd930b51ebefd436f9cfffc7a77e98936c
2025-10-06,north,business_date=2025-10-06/sales_north_20251006.csv.gz,1424,2025-10-06 00:02:33,2025-10-06 23:55:38,15191,63562615c6dba7d6ca1cfaad767859cfc9d5eb5ecd02826d63fdf504e70c3f6c
2025-10-06,northeast,business_date=2025-10-06/sales_northeast_20251006.csv.gz,1639,2025-10-06 00:09:14,2025-10-06 23:54:37,17292,cd80ccb03e0ca802288000155ebe9cab189836084b55857f7ff1a844f1f31030
2025-10-06,south,business_date=2025-10-06/sales_south_20251006.csv.gz,985,2025-10-06 00:04:10,2025-10-06 23:58:34,10683,f989eb9b4e6c1359c904ed72b61b9e09b037bb1dee258f9483f189bd0a40a866
2025-10-07,bkk,business_date=2025-10-07/sales_bkk_20251007.csv.gz,3095,2025-10-07 00:02:16,2025-10-07 23:59:26,32487,1169e005eb76f1a675f9805a0812b936346145856645324da4f457e7f52631d1
2025-10-07,central,business_date=2025-10-07/sales_central_20251007.csv.gz,2287,2025-10-07 00:00:56,2025-10-07 23:59:17,23996,e3a5da55ad3b1a9329d1df97a75d8c161a79fef4af85b813a77c812da71405e0
2025-10-07,north,business_date=2025-10-07/sales_north_20251007.csv.gz,1560,2025-10-07 00:01:22,2025-10-07 23:58:15,16586,9795ac2250bf722593c42f0dc130810b4645f4ee89fbe9a35ec77c5e7247bbc2
2025-10-07,northeast,business_date=2025-10-07/sales_northeast_20251007.csv.gz,1740,2025-10-07 00:01:48,2025-10-07 23:58:33,18433,76d1e946a6d9a2fdd7ec6b8dcca42401ce33cb3c740b40f3a3efc65e5bc9fc1a
2025-10-07,south,business_date=2025-10-07/sales_south_20251007.csv.gz,1056,2025-10-07 00:11:49,2025-10-07 23:52:47,11427,8c636399b50d18d4a3a54673870037509bdf3666041b7d984971abfe71a716a8
2025-10-08,bkk,business_date=2025-10-08/sales_bkk_20251008.csv.gz,2938,2025-10-08 00:00:27,2025-10-08 23:59:30,30888,44e24b7e6b12024c9cf1744dfbdd6c125833043416adead7764c220ca7eae65b
2025-10-08,central,business_date=2025-10-08/sales_central_20251008.csv.gz,2188,2025-10-08 00:14:26,2025-10-08 23:57:28,22990,8f51014e5480f0f7312d884560ca1e4dc17d77fb17a15a1db602a80a7c97e4fd
2025-10-08,north,business_date=2025-10-08/sales_north_20251008.csv.gz,1538,2025-10-08 00:03:06,2025-10-08 23:58:31,16357,6a1a802656eb90e0c679aab193ed14daea7cb045cc5c1880fe9ae9b87cf98662
2025-10-08,northeast,business_date=2025-10-08/sales_northeast_20251008.csv.gz,1695,2025-10-08 00:01:46,2025-10-08 23:57:59,17938,7f4848c7f0c8a24018aa4ed66a244ee9d0d4609bf0b7df28343dbfa904ce8137
2025-10-08,south,business_date=2025-10-08/sales_south_20251008.csv.gz,1039,2025-10-08 00:04:20,2025-10-08 23:58:52,11218,9d42421799a48f9800ec80c993b543f489edaeb150f98ccfe258af8bf20cd5e8
2025-10-09,bkk,business_date=2025-10-09/sales_bkk_20251009.csv.gz,3181,2025-10-09 00:03:03,2025-10-09 23:57:47,33352,207e4229b5b1635af64e398b827cbc47e25e2cf74d87aef15cc3ae6d047b41b3
2025-10-09,central,business_date=2025-10-09/sales_central_20251009.csv.gz,2311,2025-10-09 00:10:07,2025-10-09 23:58:22,24261,ecaf4e91cc392c7891e04c6b395f36e2813037073a8b35419902110bf773f0ab
2025-10-09,north,business_date=2025-10-09/sales_north_20251009.csv.gz,1476,2025-10-09 00:06:55,2025-10-09 23:44:53,15623,e6c43f3f7a39bd05c5755c3d04a83e16372d16c71bae83464a7e5c1761528910
2025-10-09,northeast,business_date=2025-10-09/sales_northeast_20251009.csv.gz,1795,2025-10-09 00:04:36,2025-10-09 23:55:08,18906,386116a2e9a2d1b590e844ed5035e52892a3de0e8527b904e90f408f7246c883
2025-10-09,south,business_date=2025-10-09/sales_south_20251009.csv.gz,1066,2025-10-09 00:06:35,2025-10-09 23:59:31,11590,28b28e93cab37460c9adb941884440d4024c8410927e51ca9e776b0a2b72e4a5
2025-10-10,bkk,business_date=2025-10-10/sales_bkk_20251010.csv.gz,5538,2025-10-10 00:02:31,2025-10-10 23:59:13,57718,d600e15359a5ad6caa27a92626df94e17199fbe711a334f816037b8fc00e47a6
2025-10-10,central,business_date=2025-10-10/sales_central_20251010.csv.gz,4240,2025-10-10 00:00:01,2025-10-10 23:58:54,44051,c4f48952679efa2b989edbf295581be1a55458aa56378d92b54d893e062214ac
2025-10-10,north,business_date=2025-10-10/sales_north_20251010.csv.gz,2862,2025-10-10 00:03:29,2025-10-10 23:59:35,30096,051d58f56537356652fd59e132d45f009b7ab132e25955b344689c928e442f90
2025-10-10,northeast,business_date=2025-10-10/sales_northeast_20251010.csv.gz,3137,2025-10-10 00:03:39,2025-10-10 23:56:45,32686,1271efd20e3992928ffaed3e97f5da062afe85ffc06afb43fbf2146a701915cf
2025-10-10,south,business_date=2025-10-10/sales_south_20251010.csv.gz,1724,2025-10-10 00:00:30,2025-10-10 23:54:47,18395,0082bf846407314dfa4c2491bf002092bfdf362525013ef2720576979d2770e8
2025-10-11,bkk,business_date=2025-10-11/sales_bkk_20251011.csv.gz,3598,2025-10-11 00:04:19,2025-10-11 23:58:29,37532,bb03aa5bdaf16fc2be154865b561b92f393599b74e9bca41e406459cfa5718c1
2025-10-11,central,business_date=2025-10-11/sales_central_20251011.csv.gz,2576,2025-10-11 00:01:33,2025-10-11 23:57:18,26927,50c073ce41bdeb0e64386e9e6345ec80654151b9f4bf0105c88513bdfddf4aab
2025-10-11,north,business_date=2025-10-11/sales_north_20251011.csv.gz,1778,2025-10-11 00:03:17,2025-10-11 23:56:28,18838,e4944851dde859416e25a2ffb23e8d3cd5551700eff0419f6d56130017719171
2025-10-11,northeast,business_date=2025-10-11/sales_northeast_20251011.csv.gz,1923,2025-10-11 00:00:47,2025-10-11 23:59:09,20172,a0770c575c52489b45a98c169051f5fc48f9191d9fad926b848f2309384cd275
2025-10-11,south,business_date=2025-10-11/sales_south_20251011.csv.gz,1163,2025-10-11 00:09:28,2025-10-11 23:59:41,12523,b56fb47bb43c97c9cff494c499f4c30f4aef9e2b7b7d31d4078c5a14fc956f45
2025-10-12,bkk,business_date=2025-10-12/sales_bkk_20251012.csv.gz,3462,2025-10-12 00:02:04,2025-10-12 23:59:46,36231,9476a1c0114e47ee0eead360f33f2591027ce7dfbb17ee52f08421c444b569a3
2025-10-12,central,business_date=2025-10-12/sales_central_20251012.csv.gz,2805,2025-10-12 00:02:35,2025-10-12 23:59:03,29386,cea4b61f54deb44bfae1c347213e38d927d187a3d892da9a00a563b535aec7b5
2025-10-12,north,business_date=2025-10-12/sales_north_20251012.csv.gz,1738,2025-10-12 00:00:59,2025-10-12 23:46:27,18410,21bbca42918f9689b34fdd68bec2659c1a62bcf74acf7c5e9ad8b633135cf9b0
2025-10-12,northeast,business_date=2025-10-12/sales_northeast_20251012.csv.gz,2017,2025-10-12 00:03:22,2025-10-12 23:59:16,21200,4c983afad80f379e8421383df20aabe135ed8d4bc81038f384921a8ad86db9dc
2025-10-12,south,business_date=2025-10-12/sales_south_20251012.csv.gz,1181,2025-10-12 00:00:02,2025-10-12 23:59:02,12718,98169a219bd3699d8e98dceb6e4c1e9c702de981714586802040c7b9b2f2a077
2025-10-13,bkk,business_date=2025-10-13/sales_bkk_20251013.csv.gz,3097,2025-10-13 00:02:27,2025-10-13 23:56:18,32485,cb6c59f9e3beb11d50bb0d719471c5b73485d00b8c701ea0421cd76abb1004d8
2025-10-13,central,business_date=2025-10-13/sales_central_20251013.csv.gz,2325,2025-10-13 00:09:05,2025-10-13 23:57:22,24490,ad9a52f0343496c68d0d659e55c4ed6e9abf8d7e5f84e62b5674e1236ef762a2
2025-10-13,north,business_date=2025-10-13/sales_north_20251013.csv.gz,1431,2025-10-13 00:06:12,2025-10-13 23:59:13,15220,b254c718b427de882e1564e097063855c4f4a19336c6b9260ac9805af4fc03b9
2025-10-13,northeast,business_date=2025-10-13/sales_northeast_20251013.csv.gz,1631,2025-10-13 00:02:44,2025-10-13 23:52:24,17287,743350f820ec384f819a6cb7f5dc523b27ec791d96bac57881ac3a88e14b7d42
2025-10-13,south,business_date=2025-10-13/sales_south_20251013.csv.gz,951,2025-10-13 00:19:01,2025-10-13 23:41:15,10340,b21b829e04d5737c56deb68ce21c190a62a6791b376d6adad0c642f6999d3ecf
2025-10-14,bkk,business_date=2025-10-14/sales_bkk_20251014.csv.gz,3245,2025-10-14 00:03:41,2025-10-14 23:58:58,33932,ff0cde8d39ea0b3a1ab7a33ffac580e18e054bad83f3c4e881f2e595c568d046
2025-10-14,central,business_date=2025-10-14/sales_central_20251014.csv.gz,2255,2025-10-14 00:01:22,2025-10-14 23:58:51,23632,2dce90c9ef4247fef2e8c8bd491ecbe7b3b4b9eb0488edb4dfe46668e27d68b7
2025-10-14,north,business_date=2025-10-14/sales_north_20251014.csv.gz,1499,2025-10-14 00:01:28,2025-10-14 23:54:59,15836,bcdf9749f8391f47033a7161a7e3064cf10408cd923ece5d10320867fca5794f
2025-10-14,northeast,business_date=2025-10-14/sales_northeast_20251014.csv.gz,1599,2025-10-14 00:02:51,2025-10-14 23:57:10,16929,8a5ef1c182fd5094654f2709682dab44575461e967eda07a3aba5b52afe21e92
2025-10-14,south,business_date=2025-10-14/sales_south_20251014.csv.gz,1016,2025-10-14 00:05:19,2025-10-14 23:59:39,11026,00a1e85e3ca3b3dfe7e58c5c5bea496562ec83b1e07a73a740002ca9ceb85e91
2025-10-15,bkk,business_date=2025-10-15/sales_bkk_20251015.csv.gz,2930,2025-10-15 00:02:39,2025-10-15 23:59:09,30717,6682e7508c96fd15d6947b3a8410dfb151f008159c61a0e4db3f5040047b0033
2025-10-15,central,business_date=2025-10-15/sales_central_20251015.csv.gz,2328,2025-10-15 00:00:04,2025-10-15 23:56:51,24457,127d6827648b507afe7af9a3c1108ea0f4bc38ed566dba40d0dcb73a568f5ca4
2025-10-15,north,business_date=2025-10-15/sales_north_20251015.csv.gz,1598,2025-10-15 00:11:32,2025-10-15 23:58:07,17011,fd2af30f73e8f43bf658fd92815885a6b47b7524e9a87461f2701d98590e80f4
2025-10-15,northeast,business_date=2025-10-15/sales_northeast_20251015.csv.gz,1627,2025-10-15 00:01:33,2025-10-15 23:54:41,17189,2dceee68f564e35a5ca060290bc7545554dbdd555139047f256468229477d840
2025-10-15,south,business_date=2025-10-15/sales_south_20251015.csv.gz,955,2025-10-15 00:08:28,2025-10-15 23:43:12,10394,d01a2536ba6055b99c90c98d66075fe7f3443939cdbad360029d13518b00c867
2025-10-16,bkk,business_date=2025-10-16/sales_bkk_20251016.csv.gz,3253,2025-10-16 00:07:23,2025-10-16 23:58:37,34026,1dea067dbf4570f70ecc9b0cdccb1e6e0c9ce0aa7dcefeb652c1cd4929883c80
2025-10-16,central,business_date=2025-10-16/sales_central_20251016.csv.gz,2204,2025-10-16 00:00:51,2025-10-16 23:58:42,23197,bf019a48b1e9be83593bf5d7400f20f401b1682c5eae1ec759324a4d0d1c906e
2025-10-16,north,business_date=2025-10-16/sales_north_20251016.csv.gz,1425,2025-10-16 00:04:31,2025-10-16 23:59:27,15234,b7f07445faf7788ba3c6600b1d3c600c11aa66c184b2e66b8d0a0ba0411c22dc
2025-10-16,northeast,business_date=2025-10-16/sales_northeast_20251016.csv.gz,1680,2025-10-16 00:02:17,2025-10-16 23:58:07,17772,710f1af247fe29b65dddd440d62eac3fd79c78d9457eb9292de5a41a0eea9309
2025-10-16,south,business_date=2025-10-16/sales_south_20251016.csv.gz,1058,2025-10-16 00:15:41,2025-10-16 23:59:46,11476,d92032d623f2422f8e9de9ed3fcb8763a7890807d10aa6706f07b549c5885659
2025-10-17,bkk,business_date=2025-10-17/sales_bkk_20251017.csv.gz,3021,2025-10-17 00:03:42,2025-10-17 23:59:25,31687,ac80cbee5ff562274fe8ff114bffb4fbb710f8cd704645e2c4b5ac7c0d017088
2025-10-17,central,business_date=2025-10-17/sales_central_20251017.csv.gz,2328,2025-10-17 00:00:16,2025-10-17 23:58:56,24444,702f64a251768d994f0db513be0f8851486108c625d9ac130ce17d5578811927
2025-10-17,north,business_date=2025-10-17/sales_north_20251017.csv.gz,1575,2025-10-17 00:00:42,2025-10-17 23:59:47,16671,26e93e97bb914712478fafd8fe27c73c580b826beb31d4f0c8daa8c5ddedf036
2025-10-17,northeast,business_date=2025-10-17/sales_northeast_20251017.csv.gz,1675,2025-10-17 00:05:57,2025-10-17 23:59:00,17669,1b705a703c0918fe27df9dd2d6f3d1fe661aaab11b9fa3b77159b84fb46e2a94
2025-10-17,south,business_date=2025-10-17/sales_south_20251017.csv.gz,1064,2025-10-17 00:03:58,2025-10-17 23:55:10,11545,e92d22f967df7df4868f8229672ec0834570c3a4b836989acc84195c0298ca9a
2025-10-18,bkk,business_date=2025-10-18/sales_bkk_20251018.csv.gz,3469,2025-10-18 00:00:19,2025-10-18 23:58:41,36319,ec7208e8c45ec287e2b772fa81c64c1859220d7a593bb12a579db462f572303d
2025-10-18,central,business_date=2025-10-18/sales_central_20251018.csv.gz,2807,2025-10-18 00:02:35,2025-10-18 23:58:07,29398,8ef033af6dd68f60ae9b91a7b398f26da33fa684da5e6299dee308e71d73a91b
2025-10-18,north,business_date=2025-10-18/sales_north_20251018.csv.gz,1819,2025-10-18 00:05:05,2025-10-18 23:59:07,19174,c5e12d4be08270af036bccd8ec351cc49bb847708a5bc252e35d713f2b544ef3
2025-10-18,northeast,business_date=2025-10-18/sales_northeast_20251018.csv.gz,2015,2025-10-18 00:00:14,2025-10-18 23:58:04,21217,12bf7bc701bb895c395d69f92e266ad083b10ae5f3a96c84cc1c779bc1b385a5
2025-10-18,south,business_date=2025-10-18/sales_south_20251018.csv.gz,1194,2025-10-18 00:02:24,2025-10-18 23:56:08,12804,a9bb05280d4d7df1484afd6ef30aab2e344b51925db08f80cfa49813479ac6d4
2025-10-19,bkk,business_date=2025-10-19/sales_bkk_20251019.csv.gz,3518,2025-10-19 00:01:14,2025-10-19 23:59:54,36858,36bcde47c917d77be928b3bd5a1bff2b791e32768b33fcfbc9e950a71e33c3af
2025-10-19,central,business_date=2025-10-19/sales_central_20251019.csv.gz,2669,2025-10-19 00:01:17,2025-10-19 23:59:53,27965,2090700606f05f92e12c62ab10c679da2c6afefb95dd78650cde885d604e8547
2025-10-19,north,business_date=2025-10-19/sales_north_20251019.csv.gz,1822,2025-10-19 00:03:55,2025-10-19 23:59:36,19303,c99db28990b0d22224a59e897497423b7ac0d3b9f955f0616dc41aba0e73dc0d
2025-10-19,northeast,business_date=2025-10-19/sales_northeast_20251019.csv.gz,2011,2025-10-19 00:02:29,2025-10-19 23:56:22,21100,1c8c07a082e46070c4feb6917fbbaf581c84dec56acfde127522d985221a42b4
2025-10-19,south,business_date=2025-10-19/sales_south_20251019.csv.gz,1108,2025-10-19 00:10:56,2025-10-19 23:57:28,11915,cea77a97b7b124dda214fc903043e20b1b2f2a534e3244acf6025a4c1188e472
2025-10-20,bkk,business_date=2025-10-20/sales_bkk_20251020.csv.gz,3170,2025-10-20 00:04:01,2025-10-20 23:59:25,33170,f41cf37f402b25900bd68ded3d25256dc4e41681ac4d733267424a50f67a3707
2025-10-20,central,business_date=2025-10-20/sales_central_20251020.csv.gz,2267,2025-10-20 00:04:51,2025-10-20 23:58:05,23773,0094fb154f1abb8637cc289772d9b3ddc52aab756ba65e2541371203519b1e54
2025-10-20,north,business_date=2025-10-20/sales_north_20251020.csv.gz,1558,2025-10-20 00:01:31,2025-10-20 23:57:14,16534,86897a92c3c592b7df5e1a1aa14c52dbc718dd579b4372c9bc1177435ef1e0a1
2025-10-20,northeast,business_date=2025-10-20/sales_northeast_20251020.csv.gz,1715,2025-10-20 00:13:14,2025-10-20 23:58:25,18078,a9e429e62b677a01433ba529f4c1c111f55d6af99b2d9c12f230e9212f04e3e6
2025-10-20,south,business_date=2025-10-20/sales_south_20251020.csv.gz,1030,2025-10-20 00:10:07,2025-10-20 23:58:29,11131,4e9feae6abcfa50294f9ea99aa42d807057f97371c5a09fc2bdee86f2ba9607a
2025-10-21,bkk,business_date=2025-10-21/sales_bkk_20251021.csv.gz,2965,2025-10-21 00:01:40,2025-10-21 23:59:37,31107,17e9d726c223d2fe4c2703557c4fbad2dae115e30538d8a7390d1e0540664bcf
2025-10-21,central,business_date=2025-10-21/sales_central_20251021.csv.gz,2295,2025-10-21 00:00:36,2025-10-21 23:58:12,23938,3e1d9944fdefe94d97c6144ce27ed819ac18c99b3e6f4db5327864c70b293c0f
2025-10-21,north,business_date=2025-10-21/sales_north_20251021.csv.gz,1575,2025-10-21 00:01:19,2025-10-21 23:50:07,16760,bfd7bbacab17cb97003b2f1487a6637991dd894208f738edfa4b0b1f6ff8256a
2025-10-21,northeast,business_date=2025-10-21/sales_northeast_20251021.csv.gz,1653,2025-10-21 00:00:38,2025-10-21 23:52:13,17473,441dc0a94fa1213c81b7423b29f91d179adba2867151652fcb0588cfc33bd3cb
2025-10-21,south,business_date=2025-10-21/sales_south_20251021.csv.gz,1002,2025-10-21 00:02:04,2025-10-21 23:56:14,10833,2a2a4742ba86df587bf635bebb3900eb1600f080080f811c7cfcdd41511c1db0
2025-10-22,bkk,business_date=2025-10-22/sales_bkk_20251022.csv.gz,3058,2025-10-22 00:03:49,2025-10-22 23:58:20,32085,30aa9881976b954632f6553ab34edc3f0d86af2b229247197634d7a0ff141be3
2025-10-22,central,business_date=2025-10-22/sales_central_20251022.csv.gz,2168,2025-10-22 00:02:30,2025-10-22 23:58:17,22850,17df1b85d6232d1d68e69114f00a23f8509a78cf422be276aeaa07050112df2b
2025-10-22,north,business_date=2025-10-22/sales_north_20251022.csv.gz,1537,2025-10-22 00:14:04,2025-10-22 23:53:31,16338,88414a8cd8e43e2ef1fc209e02ec16cd4632cd1cc14e92c260e3ded2d7ab30dc
2025-10-22,northeast,business_date=2025-10-22/sales_northeast_20251022.csv.gz,1683,2025-10-22 00:01:31,2025-10-22 23:59:30,17804,d5676bcad70bcf26cc2e88a92e1134198b203e22d3d3d1236d2f56829b95c782
2025-10-22,south,business_date=2025-10-22/sales_south_20251022.csv.gz,976,2025-10-22 00:02:28,2025-10-22 23:51:35,10579,e24656d0b78880897200f6c8be7c0b9385b15fdf199340899a1a9effc885098e
2025-10-23,bkk,business_date=2025-10-23/sales_bkk_20251023.csv.gz,3057,2025-10-23 00:00:44,2025-10-23 23:59:29,32080,5002c39fffc625396933daf2410f4f24e472de8e54a8f4454fd16582d20b377e
2025-10-23,central,business_date=2025-10-23/sales_central_20251023.csv.gz,2333,2025-10-23 00:01:01,2025-10-23 23:54:25,24548,4955657045942d56e616a31dc5e985a16aea5c698d25b2d95d812a36962df35c
2025-10-23,north,business_date=2025-10-23/sales_north_20251023.csv.gz,1456,2025-10-23 00:01:18,2025-10-23 23:53:50,15452,d806877c0652e4fdda33481b8a50bec9091740b6d15856a2a9384f114976efc0
2025-10-23,northeast,business_date=2025-10-23/sales_northeast_20251023.csv.gz,1762,2025-10-23 00:03:50,2025-10-23 23:59:16,18535,7e13ae092d3a7b009bd39cf8a444fd4a975a961971fce4f71fe4b168ab19b51f
2025-10-23,south,business_date=2025-10-23/sales_south_20251023.csv.gz,997,2025-10-23 00:13:47,2025-10-23 23:56:18,10774,fa1c75a1dd4e098992b4c1fcc7c13cbbafe83b9d36db585213d5fb36dab76222
2025-10-24,bkk,business_date=2025-10-24/sales_bkk_20251024.csv.gz,3162,2025-10-24 00:06:23,2025-10-24 23:58:25,33198,467d9285a422e5764f7e4fb36574c6605df86eecdfb7a613c8898ac1a8c94e3c
2025-10-24,central,business_date=2025-10-24/sales_central_20251024.csv.gz,2208,2025-10-24 00:09:30,2025-10-24 23:59:31,23220,25e0e0995b93a10659e8153c7f5a5a7bfd6315ac66ae147752a8195ca5a77da9
2025-10-24,north,business_date=2025-10-24/sales_north_20251024.csv.gz,1448,2025-10-24 00:03:19,2025-10-24 23:57:30,15409,238dd40abedaa355a82e2e45679bff16e8aee3eca6a0e5ab14c600794623b07c
2025-10-24,northeast,business_date=2025-10-24/sales_northeast_20251024.csv.gz,1786,2025-10-24 00:06:15,2025-10-24 23:58:17,18728,548df08b8c702e75ad5abbc53544785113c8a2b33b3b2814ce6afc4c78b98b86
2025-10-24,south,business_date=2025-10-24/sales_south_20251024.csv.gz,1037,2025-10-24 00:00:15,2025-10-24 23:58:55,11205,e78ef7a215f380ebc0d5c36930993e17a9b0b585f90d3c5440b895fe8fed0b98
2025-10-25,bkk,business_date=2025-10-25/sales_bkk_20251025.csv.gz,3690,2025-10-25 00:00:10,2025-10-25 23:59:49,38578,d72978fa66badb81a9d16f9966c527762400225e96fb3aac6fce70bfec4d3ed3
2025-10-25,central,business_date=2025-10-25/sales_central_20251025.csv.gz,2803,2025-10-25 00:00:04,2025-10-25 23:57:20,29359,5cbb72b5bf8b0207a36ca26dedaebdd922b4cd2c4aae4206744b1166f2ae71d8
2025-10-25,north,business_date=2025-10-25/sales_north_20251025.csv.gz,1786,2025-10-25 00:06:41,2025-10-25 23:56:10,18830,ddb44230875dd22b0286e99c11e8e6655b517fdbd15255dd3a950951d5b4f55e
2025-10-25,northeast,business_date=2025-10-25/sales_northeast_20251025.csv.gz,1954,2025-10-25 00:02:03,2025-10-25 23:58:22,20536,00948b1bc4c38c73d612c3dbaeb899ec5bc8c8d2d074ff192f858db3f61e585b
2025-10-25,south,business_date=2025-10-25/sales_south_20251025.csv.gz,1168,2025-10-25 00:03:52,2025-10-25 23:57:48,12481,a147e752dc6de69493ec561733dbe6a6141ec5a854bee41f1cc2fb7de131efa4
2025-10-26,bkk,business_date=2025-10-26/sales_bkk_20251026.csv.gz,3600,2025-10-26 00:01:27,2025-10-26 23:56:55,37583,8c0b6ba45e0f46d4ad49f0862ea1c0b52198aa942848066616f86f3577435be3
2025-10-26,central,business_date=2025-10-26/sales_central_20251026.csv.gz,2545,2025-10-26 00:00:39,2025-10-26 23:57:09,26617,6a81f22e1107725c66815a957460f01924bed8362d90cd494013e4942cd65816
2025-10-26,north,business_date=2025-10-26/sales_north_20251026.csv.gz,1754,2025-10-26 00:04:27,2025-10-26 23:57:55,18563,c2851da673c99993d9c92fd3e93f2bb1094ba313bf251fbb66387e2de4f67b84
2025-10-26,northeast,business_date=2025-10-26/sales_northeast_20251026.csv.gz,1861,2025-10-26 00:03:33,2025-10-26 23:58:45,19625,3da98493af8d1860fbb01623abc29c6cba2a3551db3bc348a75db721ae2c9d11
2025-10-26,south,business_date=2025-10-26/sales_south_20251026.csv.gz,1234,2025-10-26 00:03:23,2025-10-26 23:56:15,13255,67fc06eabba861d5b5c730ed21aa09079c7855557bb73b139a1495dfedf06a63
2025-10-27,bkk,business_date=2025-10-27/sales_bkk_20251027.csv.gz,3174,2025-10-27 00:00:51,2025-10-27 23:59:47,33254,063cbbe0b97b347e12c9ed6b8e1653d2ce37fc91d57aaf2a26503f85387a7b76
2025-10-27,central,business_date=2025-10-27/sales_central_20251027.csv.gz,2335,2025-10-27 00:04:51,2025-10-27 23:57:35,24597,b325dd5a565398acfde284abea1fe69f1c9b1344b077f607c4d3827466d42f18
2025-10-27,north,business_date=2025-10-27/sales_north_20251027.csv.gz,1462,2025-10-27 00:03:26,2025-10-27 23:58:31,15558,00552aa400fe8a93f3b4e300577cfd947125b77173a73f72872c781134c88f73
2025-10-27,northeast,business_date=2025-10-27/sales_northeast_20251027.csv.gz,1600,2025-10-27 00:08:26,2025-10-27 23:50:52,16938,6362bce0470956b7a5480cf1cfd3bc50650698ae5b074876c2f7153a513e22d7
2025-10-27,south,business_date=2025-10-27/sales_south_20251027.csv.gz,953,2025-10-27 00:17:38,2025-10-27 23:56:43,10330,b2c90c85125e3444fa8a9edadd6fc609e3a84e4eaffa7b4fdec116f770f67c79
2025-10-28,bkk,business_date=2025-10-28/sales_bkk_20251028.csv.gz,3142,2025-10-28 00:00:05,2025-10-28 23:58:47,32977,dfc517fed7b7b28e39e68e05f8e6a72942dc524fedd5c1beef075c93c2c80682
2025-10-28,central,business_date=2025-10-28/sales_central_20251028.csv.gz,2422,2025-10-28 00:07:04,2025-10-28 23:49:16,25310,2a05babc6740ce771afec5d3478dd2cdc3e46b189301c0e6032f4f782b6a70ff
2025-10-28,north,business_date=2025-10-28/sales_north_20251028.csv.gz,1506,2025-10-28 00:00:28,2025-10-28 23:59:43,16035,102338cc53ff2c90a67d5366fdc68dbecba15d69d4c67fee319a718c2647f07c
2025-10-28,northeast,business_date=2025-10-28/sales_northeast_20251028.csv.gz,1644,2025-10-28 00:01:43,2025-10-28 23:56:38,17311,209afda9c25ed43a68fc9e04e2ea7a3080f057b11f856750d01369b8b38c6727
2025-10-28,south,business_date=2025-10-28/sales_south_20251028.csv.gz,1013,2025-10-28 00:01:17,2025-10-28 23:54:31,10932,dcad097dbfccbcf4336d7d53d211e894d3ab2e9d65ab78290d4c531edb409a5b
2025-10-29,bkk,business_date=2025-10-29/sales_bkk_20251029.csv.gz,2982,2025-10-29 00:00:10,2025-10-29 23:59:37,31428,7bc6340ce1941d62314373bbeca9737dc67417edf4ab4978355212885c311dc3
2025-10-29,central,business_date=2025-10-29/sales_central_20251029.csv.gz,2424,2025-10-29 00:03:36,2025-10-29 23:55:13,25417,33ff1978311e46c9107d0daeac8a23f3c77904d39f93c6d8e815409c8faf3d89
2025-10-29,north,business_date=2025-10-29/sales_north_20251029.csv.gz,1454,2025-10-29 00:00:42,2025-10-29 23:59:54,15510,04b134719db33c10581ba49edf88c9dec35cc1231ef1c02a29614965de73a6dd
2025-10-29,northeast,business_date=2025-10-29/sales_northeast_20251029.csv.gz,1696,2025-10-29 00:00:38,2025-10-29 23:57:26,17887,4e7637a956739dae5f5c63dbba75cc82f475ca07316c10fffbaf18c23baf2738
2025-10-29,south,business_date=2025-10-29/sales_south_20251029.csv.gz,982,2025-10-29 00:00:32,2025-10-29 23:55:05,10659,e9e9302752867fd064bbd87bc6aa4411a150f561858e4f73fbdbc4aa8a10b7d6
2025-10-30,bkk,business_date=2025-10-30/sales_bkk_20251030.csv.gz,3030,2025-10-30 00:00:51,2025-10-30 23:58:41,31801,04832ecf7b405999cc260b41577da532050089ffe8068897ffb54b65dae11f2e
2025-10-30,central,business_date=2025-10-30/sales_central_20251030.csv.gz,2348,2025-10-30 00:01:21,2025-10-30 23:57:33,24634,360a04ea6116476cdaeaa09d14e009f3278902f5a17e843b4be78cad64eded7e
2025-10-30,north,business_date=2025-10-30/sales_north_20251030.csv.gz,1586,2025-10-30 00:06:17,2025-10-30 23:58:54,16846,8d7b7622ffc71e6a3184f0721b98743e83d829ef6dae241dc17c3d509f6ca722
2025-10-30,northeast,business_date=2025-10-30/sales_northeast_20251030.csv.gz,1780,2025-10-30 00:01:22,2025-10-30 23:54:49,18781,83eed85fa72dbc2ad746a3597b1bc656b2387b5f73ce6b814ec5fb9e6744544c
2025-10-30,south,business_date=2025-10-30/sales_south_20251030.csv.gz,1012,2025-10-30 00:00:18,2025-10-30 23:48:57,10988,0e298b6a540200f100a9b78f7bf2aaec7f05a59d40e80d6f80f02b8326d303f0
2025-10-31,bkk,business_date=2025-10-31/sales_bkk_20251031.csv.gz,3078,2025-10-31 00:06:42,2025-10-31 23:58:54,32319,1979e57d75f9f0bcce123c8932da7623530561caf4163110848910276706b2d6
2025-10-31,central,business_date=2025-10-31/sales_central_20251031.csv.gz,2214,2025-10-31 00:09:00,2025-10-31 23:59:29,23284,e041ddcae7dc3b8e728f7a9feacc0c89c0345468adb02fc4fb6fd89d808a86b6
2025-10-31,north,business_date=2025-10-31/sales_north_20251031.csv.gz,1512,2025-10-31 00:27:24,2025-10-31 23:56:20,16015,4cdc037d29db82f4e9a95410d5e59ef74ef273af543a3d8b958ac85623c44ba9
2025-10-31,northeast,business_date=2025-10-31/sales_northeast_20251031.csv.gz,1620,2025-10-31 00:00:08,2025-10-31 23:59:57,17078,f152b284298da890ec12939468e399caa79757454cc124fa25335e73e934a32e
2025-10-31,south,business_date=2025-10-31/sales_south_20251031.csv.gz,966,2025-10-31 00:02:10,2025-10-31 23:59:57,10525,c30fa2a5d7dfd345505f7b2c523d75a8bfc70a80b1df9541248d88afd34eb619
2025-11-01,bkk,business_date=2025-11-01/sales_bkk_20251101.csv.gz,3738,2025-11-01 00:04:10,2025-11-01 23:58:44,39016,db02a9825709cb7318fd2dda0c6c796b1da30bf6dfb4e51e8a7a68a66a5143cc
2025-11-01,central,business_date=2025-11-01/sales_central_20251101.csv.gz,2829,2025-11-01 00:03:32,2025-11-01 23:58:38,29627,3db7c2f61b44f1b83a20223df2282fa96c085684c666223d33ca2386a767a97f
2025-11-01,north,business_date=2025-11-01/sales_north_20251101.csv.gz,2066,2025-11-01 00:02:20,2025-11-01 23:59:49,21841,be0811687364c69b1c44337e000ca48869d5a3b67fd9179213400b084299c40d
2025-11-01,northeast,business_date=2025-11-01/sales_northeast_20251101.csv.gz,2216,2025-11-01 00:00:01,2025-11-01 23:59:56,23190,ecc9866c97404fc76852bce470f77860d6418388acd2b7bea59cbf5a0b81ea50
2025-11-01,south,business_date=2025-11-01/sales_south_20251101.csv.gz,1264,2025-11-01 00:03:20,2025-11-01 23:59:26,13579,079a9a090a63312b2df941c296c09e0653d3217d9ebc664661f25dff76e858a7
2025-11-02,bkk,business_date=2025-11-02/sales_bkk_20251102.csv.gz,3591,2025-11-02 00:02:17,2025-11-02 23:58:41,37654,363e97a6835ee5c9b1636e104e84ebc08eebc4adf54d1949b888e64575e86833
2025-11-02,central,business_date=2025-11-02/sales_central_20251102.csv.gz,2599,2025-11-02 00:00:21,2025-11-02 23:58:21,27188,cb6a85a9be5add39f53f5050054e54744e43d8cf1667d35fd9c76281af0d9065
2025-11-02,north,business_date=2025-11-02/sales_north_20251102.csv.gz,2017,2025-11-02 00:08:52,2025-11-02 23:57:52,21291,86420f9cf2ca3d5e4274215ad9bb4ed93b9cc1ba03159b29dea1b05c8e5e961d
2025-11-02,northeast,business_date=2025-11-02/sales_northeast_20251102.csv.gz,2052,2025-11-02 00:00:35,2025-11-02 23:58:55,21581,49a3dfe03b16bd5cd4ae937c3183d2c7b9fb4f54d7d5cf5d78a23c8b813a5964
2025-11-02,south,business_date=2025-11-02/sales_south_20251102.csv.gz,1290,2025-11-02 00:04:07,2025-11-02 23:58:18,13737,e75bcbbcb0a03739f2eab335b071127667eef16bc6899f6cdeb16c4a69ea8929
2025-11-03,bkk,business_date=2025-11-03/sales_bkk_20251103.csv.gz,3032,2025-11-03 00:03:52,2025-11-03 23:58:15,31807,6f4c67a2fdb6d81603af1786db487ba23fccf3d40a2de92d27d5d1ff37dd35d3
2025-11-03,central,business_date=2025-11-03/sales_central_20251103.csv.gz,2227,2025-11-03 00:01:18,2025-11-03 23:59:57,23382,00cbeb7ca81129fd83f5e6103636e2d24afc2677a41a4fac5701fc85c110fe2b
2025-11-03,north,business_date=2025-11-03/sales_north_20251103.csv.gz,1697,2025-11-03 00:01:11,2025-11-03 23:58:27,17988,33f19a22c6a32b9af431a0bd613dbee38f71dc0b7a55fbd272a0b31fc52ae08d
2025-11-03,northeast,business_date=2025-11-03/sales_northeast_20251103.csv.gz,1783,2025-11-03 00:04:03,2025-11-03 23:58:44,18716,99fda351039fb95c85d19c560960c89e3c1dc764b3b4f7b89c183b1cf70360dc
2025-11-03,south,business_date=2025-11-03/sales_south_20251103.csv.gz,1155,2025-11-03 00:00:44,2025-11-03 23:57:44,12444,b1854db7d58438b7c8aad1518708cd550679e5b8c9bceb493e61e0d3c6267edb
2025-11-04,bkk,business_date=2025-11-04/sales_bkk_20251104.csv.gz,3131,2025-11-04 00:01:05,2025-11-04 23:59:23,32778,142f52c1be714a95545b88b5d50e1e2f943e147dc6a97b80e90359accefc8904
2025-11-04,central,business_date=2025-11-04/sales_central_20251104.csv.gz,2221,2025-11-04 00:01:16,2025-11-04 23:58:50,23310,598cfd025229771cf8acff0fdbaba002059d1e3afd953e31fa2f1f6c8fb0c24c
2025-11-04,north,business_date=2025-11-04/sales_north_20251104.csv.gz,1696,2025-11-04 00:03:26,2025-11-04 23:56:52,18008,e0d2accaf9a19c0dd157080ba5cc971c7cf9b52fd08190c8f36f2dc210030e1b
2025-11-04,northeast,business_date=2025-11-04/sales_northeast_20251104.csv.gz,1926,2025-11-04 00:01:45,2025-11-04 23:58:10,20282,7b1c36fdac8ff342d061a55cf8affb1910a502c854cba381451fcab4032efc05
2025-11-04,south,business_date=2025-11-04/sales_south_20251104.csv.gz,1044,2025-11-04 00:03:53,2025-11-04 23:54:16,11275,54b24c601dc949408ff77b6adac175e87f88890478086a9ce8ab36f94fc31c30
2025-11-05,bkk,business_date=2025-11-05/sales_bkk_20251105.csv.gz,3367,2025-11-05 00:06:56,2025-11-05 23:59:14,35184,3493521b6d67c6c0a61300f6e19b0de7a33931b076d01dbf922a3c72e7d8191b
2025-11-05,central,business_date=2025-11-05/sales_central_20251105.csv.gz,2318,2025-11-05 00:00:11,2025-11-05 23:58:42,24284,e183961c8d940ce002bc14789f683d7bf6d2101cc450bbe295f23fe62010a444
2025-11-05,north,business_date=2025-11-05/sales_north_20251105.csv.gz,1823,2025-11-05 00:01:27,2025-11-05 23:54:32,19218,7a2f55a8ad899c897048f2ffcf29a17bbfb42c9fa2acf35518633d6ac0bbeb10
2025-11-05,northeast,business_date=2025-11-05/sales_northeast_20251105.csv.gz,1847,2025-11-05 00:05:21,2025-11-05 23:59:59,19327,5e86b36755bab5998dac514bc585021ea4c4e728c8057168800496184d646276
2025-11-05,south,business_date=2025-11-05/sales_south_20251105.csv.gz,1096,2025-11-05 00:04:22,2025-11-05 23:59:59,11900,5fb66fecb7650a6dff9ebcd712240cba45ebbdc1035849f80791ce39b3817d9f
2025-11-06,bkk,business_date=2025-11-06/sales_bkk_20251106.csv.gz,3249,2025-11-06 00:00:09,2025-11-06 23:58:58,33959,961586b0d11356f318fc35062d6254d921807fcb7fc3c00b9baf35e98102fa18
2025-11-06,central,business_date=2025-11-06/sales_central_20251106.csv.gz,2316,2025-11-06 00:02:47,2025-11-06 23:58:30,24275,8e4ff775395cc1b3b23b00b26e90c93472edb31780fabef4d4eb2e313d2490b9
2025-11-06,north,business_date=2025-11-06/sales_north_20251106.csv.gz,1715,2025-11-06 00:09:01,2025-11-06 23:58:29,18085,3b1ff7f05915f69e670b5fca08fb09cf1758b142bd7d8d338c816555ac1659b9
2025-11-06,northeast,business_date=2025-11-06/sales_northeast_20251106.csv.gz,1882,2025-11-06 00:00:06,2025-11-06 23:58:13,19833,d8fd53a39136316c185c85f9b69c518250c32f164adbf126147abdb5ce48fcc4
2025-11-06,south,business_date=2025-11-06/sales_south_20251106.csv.gz,1172,2025-11-06 00:06:23,2025-11-06 23:57:28,12561,63999a05289f2f773b59e829e1b7ab429da62171012c2f2fe5eafc666279fbaa
2025-11-07,bkk,business_date=2025-11-07/sales_bkk_20251107.csv.gz,3374,2025-11-07 00:00:30,2025-11-07 23:57:48,35271,960a12319bfd40f58a4d4658d37303c1786a869b8e07ec52ed4921b57e3be4f6
2025-11-07,central,business_date=2025-11-07/sales_central_20251107.csv.gz,2307,2025-11-07 00:03:36,2025-11-07 23:56:42,24287,9c880174ce96cc0d8423c2bc59b968640e4b7fcb614cbbfa2e306801115d4308
2025-11-07,north,business_date=2025-11-07/sales_north_20251107.csv.gz,1705,2025-11-07 00:04:02,2025-11-07 23:58:25,18078,ef0466a17b7c28dad985d71e435fa816c3a5bf5511ca1421ce88a49060679b7c
2025-11-07,northeast,business_date=2025-11-07/sales_northeast_20251107.csv.gz,1827,2025-11-07 00:02:27,2025-11-07 23:58:05,19207,37146bf29927646235e940a3f3e5c19635fe1891abae7e6e0a1244a7ae933fc6
2025-11-07,south,business_date=2025-11-07/sales_south_20251107.csv.gz,1116,2025-11-07 00:06:59,2025-11-07 23:50:17,11999,61bd881a1c82f0ab7500aec10176c2053eb545d481d38bdcd04d6151ec36f918
2025-11-08,bkk,business_date=2025-11-08/sales_bkk_20251108.csv.gz,3709,2025-11-08 00:02:30,2025-11-08 23:57:49,38801,74497b7e6274533af2829003ca928699a15d90794f392b9341bc13595712b6dc
2025-11-08,central,business_date=2025-11-08/sales_central_20251108.csv.gz,2635,2025-11-08 00:08:46,2025-11-08 23:58:47,27608,c12706e9c85a031bbc443a7a360e441ab867bd4a80d13ca886fe53b9955d10cd
2025-11-08,north,business_date=2025-11-08/sales_north_20251108.csv.gz,1952,2025-11-08 00:01:37,2025-11-08 23:57:37,20529,7d506c5d2e19c8d2aa279ee975e21aba832898b7f1b430183b405f742712978f
2025-11-08,northeast,business_date=2025-11-08/sales_northeast_20251108.csv.gz,2081,2025-11-08 00:04:13,2025-11-08 23:59:43,21757,e529e575bd0f71239c03599bb47bc8e7c9db143727a46afd7c28c139fb659899
2025-11-08,south,business_date=2025-11-08/sales_south_20251108.csv.gz,1218,2025-11-08 00:12:43,2025-11-08 23:55:45,13092,b570ed1c1937c3bf0b034a053b0dde06989cf382642735f44b910728c6d72562
2025-11-09,bkk,business_date=2025-11-09/sales_bkk_20251109.csv.gz,3642,2025-11-09 00:01:15,2025-11-09 23:57:35,38132,00b62f1f9c1421bcfd149412de3689cc3ac0753938056612d726cb636a5c00a8
2025-11-09,central,business_date=2025-11-09/sales_central_20251109.csv.gz,2748,2025-11-09 00:00:22,2025-11-09 23:57:26,28737,06f264f9504c297d976fd89e8bdf4fcbd42d9515d99f15555a7d76f34f8edaf3
2025-11-09,north,business_date=2025-11-09/sales_north_20251109.csv.gz,1976,2025-11-09 00:00:02,2025-11-09 23:57:48,20911,7f7f520bb3405f59ce3655d23c06a8ae8f830dd777cf0e51edd404472920f222
2025-11-09,northeast,business_date=2025-11-09/sales_northeast_20251109.csv.gz,2205,2025-11-09 00:04:57,2025-11-09 23:55:23,23082,9b65f41023b8671617f24e1c58501161905beef265f0264e04742495f9341c69
2025-11-09,south,business_date=2025-11-09/sales_south_20251109.csv.gz,1320,2025-11-09 00:02:42,2025-11-09 23:59:41,14139,f73f2b2cf4c8ad0e93ed2a9d067a7f7cdd39a2d7f3b0c35c118622c54b855f02
2025-11-10,bkk,business_date=2025-11-10/sales_bkk_20251110.csv.gz,3028,2025-11-10 00:03:50,2025-11-10 23:59:07,31713,9eed12103804efce6b434e3b9be39de792e15e8b8c8942c70e2766d0b87a9a2e
2025-11-10,central,business_date=2025-11-10/sales_central_20251110.csv.gz,2275,2025-11-10 00:00:48,2025-11-10 23:59:21,23915,d6902e38a8dc7b4c54bbaac89a75be02ce52e45abf8f225e5894ff3880a4144f
2025-11-10,north,business_date=2025-11-10/sales_north_20251110.csv.gz,1785,2025-11-10 00:00:47,2025-11-10 23:58:03,18819,f7a69b787b46a946ec56b9afae72998a4e2f7c26b93163934027cec44154b276
2025-11-10,northeast,business_date=2025-11-10/sales_northeast_20251110.csv.gz,1846,2025-11-10 00:01:27,2025-11-10 23:58:01,19389,720bd12e25c398d0162973b5772c266b2e22ca293763352f8a9a916cd3d5f457
2025-11-10,south,business_date=2025-11-10/sales_south_20251110.csv.gz,1080,2025-11-10 00:11:15,2025-11-10 23:56:15,11699,2a98081b2a02b66709e69609cc7e27c9ff16fb0177c8c0302183625fbc2b211e
2025-11-11,bkk,business_date=2025-11-11/sales_bkk_20251111.csv.gz,6648,2025-11-11 00:02:14,2025-11-11 23:59:21,69258,14c266c658d3dedcf98b0c4a1d867306c23bdd916ffe688f0561daadd7bf0288
2025-11-11,central,business_date=2025-11-11/sales_central_20251111.csv.gz,5414,2025-11-11 00:01:33,2025-11-11 23:59:22,56256,f6ca4ee3666b7ee230a11152d529b976e3e4343ac1e0453806f813eac00f8452
2025-11-11,north,business_date=2025-11-11/sales_north_20251111.csv.gz,3935,2025-11-11 00:00:30,2025-11-11 23:58:37,41081,fc9a7cc8daa82dc8b06c2be86230e1ac6f5dae9d709beb024887790c3c65eb6f
2025-11-11,northeast,business_date=2025-11-11/sales_northeast_20251111.csv.gz,4182,2025-11-11 00:00:02,2025-11-11 23:58:14,43459,e1189a5600ddc4d7d93d5a15fa3293221b5991096f94125cb4c3232b274b927d
2025-11-11,south,business_date=2025-11-11/sales_south_20251111.csv.gz,2386,2025-11-11 00:00:18,2025-11-11 23:59:19,25128,853e4aeacd72a3f919114dc92004f11126d2d6c16cb933e04d6453a32d1fb746
2025-11-12,bkk,business_date=2025-11-12/sales_bkk_20251112.csv.gz,3024,2025-11-12 00:00:31,2025-11-12 23:59:00,31746,4c94ce0d52ab30a7e88c368be24c4ba7c4e17d8ad68e242080321e7a67e32a20
2025-11-12,central,business_date=2025-11-12/sales_central_20251112.csv.gz,2196,2025-11-12 00:00:53,2025-11-12 23:59:55,23186,bef7eab8dd28ecc552aa396a7da19dc1cd52e5bb04dc26fc8b91b061c549cfcf
2025-11-12,north,business_date=2025-11-12/sales_north_20251112.csv.gz,1836,2025-11-12 00:01:35,2025-11-12 23:59:03,19364,badd4ccbf4649e26311ab1721cbe662f7fd53e5c1999ad74bbb341425d32136a
2025-11-12,northeast,business_date=2025-11-12/sales_northeast_20251112.csv.gz,1910,2025-11-12 00:00:46,2025-11-12 23:58:37,20113,dc159fa93dd08f2c96e58abf5dd0d44d396a403f7956ee3e7f2a697fc2388cc5
2025-11-12,south,business_date=2025-11-12/sales_south_20251112.csv.gz,1092,2025-11-12 00:04:55,2025-11-12 23:56:13,11813,0ead013521114079954688eed2a003406ea15dcdea54dac744183df01971d97e
2025-11-13,bkk,business_date=2025-11-13/sales_bkk_20251113.csv.gz,3151,2025-11-13 00:04:14,2025-11-13 23:59:20,33054,c651f8a56cc73791bd1c64e2c779a1f1924eaf44797ac3dc2970e897b8ac4f7d
2025-11-13,central,business_date=2025-11-13/sales_central_20251113.csv.gz,2329,2025-11-13 00:02:04,2025-11-13 23:58:52,24451,09a575ef3c313daf1ebeb05dceee8b9e0d67115437ac43d90e1ffc788d3e842a
2025-11-13,north,business_date=2025-11-13/sales_north_20251113.csv.gz,1724,2025-11-13 00:05:48,2025-11-13 23:56:23,18333,1ee81ad5234df19a06fd998121268edeee085d5d362b6f64f06a48fc9357e7d7
2025-11-13,northeast,business_date=2025-11-13/sales_northeast_20251113.csv.gz,1898,2025-11-13 00:05:25,2025-11-13 23:58:27,19931,95c0b2432cf7ac85ba71a7464e61ae4d7dddc17b2910693c72a37ee31398724f
2025-11-13,south,business_date=2025-11-13/sales_south_20251113.csv.gz,1153,2025-11-13 00:19:49,2025-11-13 23:51:53,12416,554711429b500f7eaf0369dbe3419c0975b7487377ffca641666fe44b76e34da
2025-11-14,bkk,business_date=2025-11-14/sales_bkk_20251114.csv.gz,3207,2025-11-14 00:00:01,2025-11-14 23:59:44,33621,e3b26292535352ae7c9b5e38e62fec88cfc2890c1179695f5ed8d2fa945ddce1
2025-11-14,central,business_date=2025-11-14/sales_central_20251114.csv.gz,2350,2025-11-14 00:08:46,2025-11-14 23:57:52,24743,98f6d97f619a930e4bebe3762efbc5c5993d945c0ac92fc7fcf58056b990d417
2025-11-14,north,business_date=2025-11-14/sales_north_20251114.csv.gz,1651,2025-11-14 00:11:32,2025-11-14 23:58:56,17502,84c8dcb9c58bb4c1612e8cde6dee795cf68a30bd59563de8623704e64727107c
2025-11-14,northeast,business_date=2025-11-14/sales_northeast_20251114.csv.gz,1869,2025-11-14 00:03:00,2025-11-14 23:58:46,19737,af9eb29528b59fe386711716651b7ef6833eee940e96bbac883bc6356fab52e9
2025-11-14,south,business_date=2025-11-14/sales_south_20251114.csv.gz,1138,2025-11-14 00:06:53,2025-11-14 23:56:35,12286,ee9c8c55574094fb71ce9f4a69cf59b568b86cc73340bc0659c25847c2ae5e74
2025-11-15,bkk,business_date=2025-11-15/sales_bkk_20251115.csv.gz,3595,2025-11-15 00:00:16,2025-11-15 23:58:51,37653,9d12631217a6ef04e99452fbd6d159b4be275ed6b20003664dae556d89f75089
2025-11-15,central,business_date=2025-11-15/sales_central_20251115.csv.gz,2819,2025-11-15 00:00:04,2025-11-15 23:58:03,29430,851690fff3e5edd2861aae3cc92248e7924551722ed9285e10c7a4ff5e62eb03
2025-11-15,north,business_date=2025-11-15/sales_north_20251115.csv.gz,1991,2025-11-15 00:01:05,2025-11-15 23:59:36,20932,5f44fd6259e24df3e65d6dcdddb004058a85f03f9947f171a0813a5c2deffe3c
2025-11-15,northeast,business_date=2025-11-15/sales_northeast_20251115.csv.gz,2174,2025-11-15 00:00:07,2025-11-15 23:56:29,22801,a2a8985655a85a0eb2b23cfad5bd60687d5302a15082814936d0ee395af58da9
2025-11-15,south,business_date=2025-11-15/sales_south_20251115.csv.gz,1249,2025-11-15 00:06:26,2025-11-15 23:59:06,13419,36bf8645e21cb47d6f756080a5e235c8645bd5c5e6fb0fcbb48ff78f7f836169
2025-11-16,bkk,business_date=2025-11-16/sales_bkk_20251116.csv.gz,3491,2025-11-16 00:03:03,2025-11-16 23:59:32,36604,a6886a2a505c23da50a279da770be05213b1c645c56e62030b335dd8856bc6e2
2025-11-16,central,business_date=2025-11-16/sales_central_20251116.csv.gz,2754,2025-11-16 00:04:31,2025-11-16 23:59:37,28766,ae507b3bfabc4dc2a08375b4cc45003c1d28ad979f47ccee8c4427fb08999e4d
2025-11-16,north,business_date=2025-11-16/sales_north_20251116.csv.gz,2065,2025-11-16 00:00:57,2025-11-16 23:59:12,21765,02a960434a56e4a50fa533d0d2dc95a46f89e5f13766c8aa31e3d29671f7de11
2025-11-16,northeast,business_date=2025-11-16/sales_northeast_20251116.csv.gz,2183,2025-11-16 00:00:04,2025-11-16 23:58:43,22907,c69d4199180d4327145b6aaaa802dee396ecaf09493128d81b465643a6215370
2025-11-16,south,business_date=2025-11-16/sales_south_20251116.csv.gz,1246,2025-11-16 00:11:48,2025-11-16 23:58:16,13365,91ec6fc40140f4ac116cf91a9073287f89253f7a8a9e0dda2af8aadaf7b5741e
2025-11-17,bkk,business_date=2025-11-17/sales_bkk_20251117.csv.gz,3260,2025-11-17 00:00:50,2025-11-17 23:59:31,34166,bba570e84555a6b0382a3d383f05b18fd29c16f067cc68f98e67e24429c0497b
2025-11-17,central,business_date=2025-11-17/sales_central_20251117.csv.gz,2351,2025-11-17 00:03:27,2025-11-17 23:58:33,24679,b45077872c7258969021a7c414437b3453a549c843c35c29dcea5478662ddaa5
2025-11-17,north,business_date=2025-11-17/sales_north_20251117.csv.gz,1678,2025-11-17 00:01:32,2025-11-17 23:58:54,17814,dc711250120c8d8d328542b1db04e240103bfb75880a58e12a2d1102e9d24c2c
2025-11-17,northeast,business_date=2025-11-17/sales_northeast_20251117.csv.gz,1825,2025-11-17 00:01:16,2025-11-17 23:53:37,19207,5df24f2e06b348c81db967376af4a8c114cb9cd8e3ef6f980d5f43ebb11f5c75
2025-11-17,south,business_date=2025-11-17/sales_south_20251117.csv.gz,1126,2025-11-17 00:05:58,2025-11-17 23:56:52,12130,9afd3694c4a68488be50329ef1cc6dea9bd86a4d1393ae7cc85de8fc646feda5
2025-11-18,bkk,business_date=2025-11-18/sales_bkk_20251118.csv.gz,3194,2025-11-18 00:03:33,2025-11-18 23:58:52,33482,dd01fc09981b4e86898ccd0cbb707c880627bd0092e81e5ef17c8e48562499bd
2025-11-18,central,business_date=2025-11-18/sales_central_20251118.csv.gz,2207,2025-11-18 00:01:34,2025-11-18 23:59:28,23176,1dd7ffe6bd6b622d13dc6091913fe3e4179dd215dc2aed17597741200e4cc0c4
2025-11-18,north,business_date=2025-11-18/sales_north_20251118.csv.gz,1839,2025-11-18 00:07:18,2025-11-18 23:54:25,19402,375e82fee502652ae0f2f7f1959d2910734cf4b04235cdd3083a1362c14e43d3
2025-11-18,northeast,business_date=2025-11-18/sales_northeast_20251118.csv.gz,1880,2025-11-18 00:04:04,2025-11-18 23:58:28,19686,7414761a6239d679b0a44f6369b5050934b251e39c5054a56852728acf7535f9
2025-11-18,south,business_date=2025-11-18/sales_south_20251118.csv.gz,1116,2025-11-18 00:03:16,2025-11-18 23:56:24,12039,57f68ec8a8fc4ce3ac4b90c89401a6e5e14ad41f04c3917f5d01d410989cd8a2
2025-11-19,bkk,business_date=2025-11-19/sales_bkk_20251119.csv.gz,3355,2025-11-19 00:01:00,2025-11-19 23:59:36,35067,18f5bd888b5af96150b70ca9f1b66586c574bfb9ec60fadc0fe5e3dc79597ed6
2025-11-19,central,business_date=2025-11-19/sales_central_20251119.csv.gz,2366,2025-11-19 00:03:51,2025-11-19 23:59:29,24893,e6f945789d674111598f6c88074b01b8249227cac6c9086b8ac90b15f87794eb
2025-11-19,north,business_date=2025-11-19/sales_north_20251119.csv.gz,1821,2025-11-19 00:00:46,2025-11-19 23:58:41,19294,b1873a7d35df9948c4f68055290b05f12e398cc2c28227c212d83c45454c4ceb
2025-11-19,northeast,business_date=2025-11-19/sales_northeast_20251119.csv.gz,1886,2025-11-19 00:01:18,2025-11-19 23:59:07,19791,37000de93029c634765c718ce608200ad1b2cd79ccfb152962e227ba941a3e3d
2025-11-19,south,business_date=2025-11-19/sales_south_20251119.csv.gz,1122,2025-11-19 00:00:24,2025-11-19 23:58:50,12053,cd7673dea5e2f5322428823e86bba770e4418dc5df6880da341aadb70480a45f
2025-11-20,bkk,business_date=2025-11-20/sales_bkk_20251120.csv.gz,3259,2025-11-20 00:05:36,2025-11-20 23:59:51,34199,ea64566fcf045fb2388f73ea86deaa04a6e3da2260a4260e71d00a7af8eab1e4
2025-11-20,central,business_date=2025-11-20/sales_central_20251120.csv.gz,2445,2025-11-20 00:00:46,2025-11-20 23:58:18,25649,dffb9c92c6962bb4da9a534b87ce1235cc6fd71ae875d800f38f8fdd3f40768f
2025-11-20,north,business_date=2025-11-20/sales_north_20251120.csv.gz,1773,2025-11-20 00:06:09,2025-11-20 23:58:55,18659,0c2de30bbeaf223bb76d96456100932a6edef1ee4705e29e36df478efc1108f5
2025-11-20,northeast,business_date=2025-11-20/sales_northeast_20251120.csv.gz,1915,2025-11-20 00:00:25,2025-11-20 23:58:42,20180,a46eb79021642483a4c08979c8a4e5d1355c2f7ac5cd6145986e0150731db99c
2025-11-20,south,business_date=2025-11-20/sales_south_20251120.csv.gz,1110,2025-11-20 00:01:53,2025-11-20 23:57:50,11986,805ffbeefb7acb660f1381cd1ab676e4b4626e207121a3f36ce9fca0bf99726d
2025-11-21,bkk,business_date=2025-11-21/sales_bkk_20251121.csv.gz,3385,2025-11-21 00:00:00,2025-11-21 23:59:07,35396,e454e5471bc89dd36817b776eb0ac0ad5742ffb5930d2d0124e97a750c7927e1
2025-11-21,central,business_date=2025-11-21/sales_central_20251121.csv.gz,2437,2025-11-21 00:02:27,2025-11-21 23:59:54,25562,d8452fcea1350c5eff0dbf78f0e09d34cda60905822cdf8dea9420b7ee673dee
2025-11-21,north,business_date=2025-11-21/sales_north_20251121.csv.gz,1792,2025-11-21 00:05:57,2025-11-21 23:51:04,18956,f23ab77673751ef566bb300ebc41d14c3f79a7a80aae09fee620af961debc734
2025-11-21,northeast,business_date=2025-11-21/sales_northeast_20251121.csv.gz,1845,2025-11-21 00:09:26,2025-11-21 23:54:55,19424,e8cdcc8eac430efa4201bea9732bf662e1d66d931783afb10252f5bc771ce0cb
2025-11-21,south,business_date=2025-11-21/sales_south_20251121.csv.gz,1166,2025-11-21 00:02:03,2025-11-21 23:59:53,12571,73f217f167a7c91f198e61cdb3f534fb70663a6f0b12a431917867200631de85
2025-11-22,bkk,business_date=2025-11-22/sales_bkk_20251122.csv.gz,3802,2025-11-22 00:01:10,2025-11-22 23:58:55,39747,2483c4fe2d1c33346f35ab481f2cc39ee9fb8f450f5c1b94ddcb71db3b27423a
2025-11-22,central,business_date=2025-11-22/sales_central_20251122.csv.gz,2625,2025-11-22 00:01:31,2025-11-22 23:58:15,27499,eb1b3bf67696c8e499da7ecb7b3065282abb5cf22bb36d296f0a8bcf7e710901
2025-11-22,north,business_date=2025-11-22/sales_north_20251122.csv.gz,1938,2025-11-22 00:09:06,2025-11-22 23:51:02,20402,ebcb4836cb7ef5254bf563ec32a58486c119b2155d16f4eebb6ddca9cf92e94a
2025-11-22,northeast,business_date=2025-11-22/sales_northeast_20251122.csv.gz,2204,2025-11-22 00:02:00,2025-11-22 23:59:43,23068,2b756df2817cfd6b4f85fc96a89326d79e637fe4a40516f9b34f34158cdc9d07
2025-11-22,south,business_date=2025-11-22/sales_south_20251122.csv.gz,1273,2025-11-22 00:06:22,2025-11-22 23:56:27,13683,f96355536fb0aa85d379261ca353491bd8d61b865f2855967a514d84f5f92685
2025-11-23,bkk,business_date=2025-11-23/sales_bkk_20251123.csv.gz,3834,2025-11-23 00:00:15,2025-11-23 23:58:42,39997,a75fe3d5797b314efabde0db6192fd6d15ba710b15abface04cc9e7c342f454c
2025-11-23,central,business_date=2025-11-23/sales_central_20251123.csv.gz,2687,2025-11-23 00:00:40,2025-11-23 23:58:52,28155,cfefadad7312b6f50dbd5b5a0395204d0f957d6d6557ac35b9c5e90d9a481936
2025-11-23,north,business_date=2025-11-23/sales_north_20251123.csv.gz,1951,2025-11-23 00:03:32,2025-11-23 23:57:45,20545,ee9fe00c90e8d19a9d5760bb9fc8b5d728dad6b535854dcf20e18412ffed9a25
2025-11-23,northeast,business_date=2025-11-23/sales_northeast_20251123.csv.gz,2005,2025-11-23 00:03:04,2025-11-23 23:58:38,21049,c5bca8ba755e48f776e68d16211785c087dd7c6ab85cdd5f44b33e4894afdda5
2025-11-23,south,business_date=2025-11-23/sales_south_20251123.csv.gz,1309,2025-11-23 00:04:17,2025-11-23 23:58:04,13965,28858703fce9bfadbf6303946729f60c5124716b991358af54e08d5241bd0cad
2025-11-24,bkk,business_date=2025-11-24/sales_bkk_20251124.csv.gz,3325,2025-11-24 00:00:12,2025-11-24 23:58:42,34861,3b65acd427a4b437f69566eb457735aa0269fe8ecddd5fcdab102ad872e2cb2e
2025-11-24,central,business_date=2025-11-24/sales_central_20251124.csv.gz,2312,2025-11-24 00:03:39,2025-11-24 23:58:40,24292,af24bfa5821084f0f7d0b9267f38e7de6a5c909baca8ebb50fa5dfb3be54ac2b
2025-11-24,north,business_date=2025-11-24/sales_north_20251124.csv.gz,1791,2025-11-24 00:03:44,2025-11-24 23:55:37,18912,9da165e7d8744363eb918556690e912c55b1e3852422112e584d19f5bafa75a3
2025-11-24,northeast,business_date=2025-11-24/sales_northeast_20251124.csv.gz,1816,2025-11-24 00:05:57,2025-11-24 23:58:42,19188,1a762aa99a16bb145946a85f2c08a9d6fdad5161b956521410cf01be8274d2f9
2025-11-24,south,business_date=2025-11-24/sales_south_20251124.csv.gz,1157,2025-11-24 00:00:23,2025-11-24 23:57:23,12426,9db7323076d30a1307522eacdffaaf0517e6a623e71feb78a7e975f98f4729dc
2025-11-25,bkk,business_date=2025-11-25/sales_bkk_20251125.csv.gz,3235,2025-11-25 00:06:54,2025-11-25 23:58:45,33819,823ec7a900ee2ee9376b57ce86627b076029c54c0744160f8e64c2f2cbfcfbc7
2025-11-25,central,business_date=2025-11-25/sales_central_20251125.csv.gz,2314,2025-11-25 00:01:56,2025-11-25 23:57:46,24366,af36cb50324b2cc64a808c6a97123c935a451e99314a43644b14ee8d8f6fe13c
2025-11-25,north,business_date=2025-11-25/sales_north_20251125.csv.gz,1799,2025-11-25 00:14:33,2025-11-25 23:59:37,19027,79d8c677109ac2df4e7e3551ace94cfdf41f6ecd85ca0c1bc503a4130b222571
2025-11-25,northeast,business_date=2025-11-25/sales_northeast_20251125.csv.gz,1820,2025-11-25 00:03:40,2025-11-25 23:59:06,19147,958f43146cebc7ce82b7b344cea2e871617e8852d0c2e8a9004d06fdd4dcd6a3
2025-11-25,south,business_date=2025-11-25/sales_south_20251125.csv.gz,1172,2025-11-25 00:02:18,2025-11-25 23:52:29,12576,dc5d55f6773a7510c0bb314a2668939922dfe6c9383b336e191629f2df0afa24
2025-11-26,bkk,business_date=2025-11-26/sales_bkk_20251126.csv.gz,3067,2025-11-26 00:03:45,2025-11-26 23:58:35,32135,71f8ef92150e1c9385a202144937a4256b5ae9f08d7e7e7d148b3d42de87bced
2025-11-26,central,business_date=2025-11-26/sales_central_20251126.csv.gz,2433,2025-11-26 00:00:12,2025-11-26 23:59:17,25490,4e730f1782300fcbe3f315033711d07347ae6e12b8aace3f27bcbcdde9a0a47b
2025-11-26,north,business_date=2025-11-26/sales_north_20251126.csv.gz,1801,2025-11-26 00:03:35,2025-11-26 23:59:03,19095,d40eea5bfbc9dd1c51a59348f54ce6c1a959281d078c9b7020e2a0fcdc0dab07
2025-11-26,northeast,business_date=2025-11-26/sales_northeast_20251126.csv.gz,1837,2025-11-26 00:07:25,2025-11-26 23:58:32,19370,bf6d14b96ebac735e07d30b30bc4465eed4f27b44ce3db5b4acc9095a9c76240
2025-11-26,south,business_date=2025-11-26/sales_south_20251126.csv.gz,1068,2025-11-26 00:01:13,2025-11-26 23:56:36,11539,9d5a57e83319a26b29c9b8eb01036d2fa1954260fa1c61000d531cb485fbf00f
2025-11-27,bkk,business_date=2025-11-27/sales_bkk_20251127.csv.gz,3089,2025-11-27 00:03:25,2025-11-27 23:59:49,32419,0a01d631488e89cbe619c1d1949141d5ceff90034df6ab62a19a620bab2d3bd1
2025-11-27,central,business_date=2025-11-27/sales_central_20251127.csv.gz,2304,2025-11-27 00:00:16,2025-11-27 23:51:54,24220,346f130963e79ce02e7b6b38ebe159e36519381ada9f4f8ea7acd87f8b9b10af
2025-11-27,north,business_date=2025-11-27/sales_north_20251127.csv.gz,1667,2025-11-27 00:09:54,2025-11-27 23:57:09,17722,00b37249afe69b15ff347ff6f9286055ceeb86256749ff883adc9fcf90c9716d
2025-11-27,northeast,business_date=2025-11-27/sales_northeast_20251127.csv.gz,1884,2025-11-27 00:03:58,2025-11-27 23:58:00,19890,d2b4b8c6459191c2c6b3a0d630d66f1f9ba3b0b6b53a47cfe4fb8afcec01bfbe
2025-11-27,south,business_date=2025-11-27/sales_south_20251127.csv.gz,1091,2025-11-27 00:02:20,2025-11-27 23:59:37,11819,1cb142f30914f18869f25c9339fbfa0ada9558ae8d496896c34ba7e64957d9ed
2025-11-28,bkk,business_date=2025-11-28/sales_bkk_20251128.csv.gz,3273,2025-11-28 00:04:09,2025-11-28 23:59:26,34238,bdb97c5aa0f9f6f34c075840f877094d4f9f1eaf3765779f9eb1c4a5e085f94b
2025-11-28,central,business_date=2025-11-28/sales_central_20251128.csv.gz,2431,2025-11-28 00:03:37,2025-11-28 23:59:22,25555,a9e1280b8044c6b99e615d6d9dab30ab993380c8a60783a31757b683b871b213
2025-11-28,north,business_date=2025-11-28/sales_north_20251128.csv.gz,1691,2025-11-28 00:06:17,2025-11-28 23:58:57,17939,dc98ccca15cb9d64bd01aa906b770aff9969ce5fedacf684be92474e8dfe2252
2025-11-28,northeast,business_date=2025-11-28/sales_northeast_20251128.csv.gz,1734,2025-11-28 00:00:38,2025-11-28 23:58:34,18312,c2be4015390fd28ec379677c8e811464c452b520e84c49f9c2a79302e9a3d769
2025-11-28,south,business_date=2025-11-28/sales_south_20251128.csv.gz,1091,2025-11-28 00:03:31,2025-11-28 23:58:39,11771,ac4479fbda3d00056ae0439dbf93f4642f502ad9fc54d646efd8877422a89155
2025-11-29,bkk,business_date=2025-11-29/sales_bkk_20251129.csv.gz,3889,2025-11-29 00:00:40,2025-11-29 23:59:15,40645,b0ad7d13026ab99ec34c8f8ea033c483c2e9f4cefb0b719d91215b76f56a3831
2025-11-29,central,business_date=2025-11-29/sales_central_20251129.csv.gz,2565,2025-11-29 00:00:56,2025-11-29 23:59:40,26877,28fb3ea4437d9ee4db8b0adb8f944da920b2848392b6eccb4a9362d15dc42a19
2025-11-29,north,business_date=2025-11-29/sales_north_20251129.csv.gz,1913,2025-11-29 00:01:57,2025-11-29 23:57:16,20198,5218a5411d38c916caf770f07a02139f4baab9928276dab08c0ace330e150c54
2025-11-29,northeast,business_date=2025-11-29/sales_northeast_20251129.csv.gz,2049,2025-11-29 00:00:20,2025-11-29 23:58:37,21528,b064450152d6b02dd6ff2d6935f3c9a4dca7ff0f4b518f0ede5f5212a913e030
2025-11-29,south,business_date=2025-11-29/sales_south_20251129.csv.gz,1336,2025-11-29 00:00:11,2025-11-29 23:56:47,14250,afef7c8f2cf3b94ab754f6e172c6b8ea5437268661c04f0f108c1d1929c320ae
2025-11-30,bkk,business_date=2025-11-30/sales_bkk_20251130.csv.gz,3848,2025-11-30 00:00:37,2025-11-30 23:57:46,40194,fdf9a8b218d7addec6b7f7f958451321bf5a040143454efeb1550897ab6ee9a1
2025-11-30,central,business_date=2025-11-30/sales_central_20251130.csv.gz,2807,2025-11-30 00:01:33,2025-11-30 23:53:03,29298,b9c14b3e8e2d86a9089afa01178a0153d5eca6582fac2a9b00bd877118e8fa82
2025-11-30,north,business_date=2025-11-30/sales_north_20251130.csv.gz,2078,2025-11-30 00:01:40,2025-11-30 23:58:50,21922,f866791c5418cce3d6e554e2ea31706c8375e4748b07f8d977c3045ef34e671e
2025-11-30,northeast,business_date=2025-11-30/sales_northeast_20251130.csv.gz,2038,2025-11-30 00:06:43,2025-11-30 23:59:28,21375,64ea1c89b364f3d3a487440c6c9b9224ad091c28cd12efacdf38ff8c6ae11802
2025-11-30,south,business_date=2025-11-30/sales_south_20251130.csv.gz,1331,2025-11-30 00:01:58,2025-11-30 23:54:41,14330,c41379494b0e9f954db08031f02e5b10c795c4d1342a6c71023feede8e0f3dc1
2025-12-01,bkk,business_date=2025-12-01/sales_bkk_20251201.csv.gz,3196,2025-12-01 00:03:11,2025-12-01 23:58:55,33497,6cbad4d95bc5d9d924f79b8f9ed9b16fc914ba708815b181803be0554ea35c3c
2025-12-01,central,business_date=2025-12-01/sales_central_20251201.csv.gz,2362,2025-12-01 00:03:15,2025-12-01 23:57:46,24740,ae89da1b542be158143a5c19ab4eba3b87cf373041156a9acce842dbce6803d2
2025-12-01,north,business_date=2025-12-01/sales_north_20251201.csv.gz,1826,2025-12-01 00:00:39,2025-12-01 23:58:50,19281,cda62fb2797d342b5ebd45be9850e9642b5c2679c9554a6bda3c786bb5184d4f
2025-12-01,northeast,business_date=2025-12-01/sales_northeast_20251201.csv.gz,2080,2025-12-01 00:08:32,2025-12-01 23:55:03,21818,c004442263da1745764410eb07d12206f9c8a343f70d512de4f44e6abb4a490c
2025-12-01,south,business_date=2025-12-01/sales_south_20251201.csv.gz,1264,2025-12-01 00:03:33,2025-12-01 23:52:01,13558,081866e918cd93ef2bcbada505167f6306b55f6b3dfc50cb7f274675c4004fce
2025-12-02,bkk,business_date=2025-12-02/sales_bkk_20251202.csv.gz,3460,2025-12-02 00:02:12,2025-12-02 23:57:58,36271,2fc5b0ebc653cd79008c9429c493efe2b8536903590316c43678ed32177023d6
2025-12-02,central,business_date=2025-12-02/sales_central_20251202.csv.gz,2349,2025-12-02 00:05:20,2025-12-02 23:59:52,24594,1b049f80cebc7a163208c078fcc1649c933eac2de3d70ec363c1d4c18d9a68ce
2025-12-02,north,business_date=2025-12-02/sales_north_20251202.csv.gz,1804,2025-12-02 00:02:00,2025-12-02 23:56:57,19130,b2a28080b485d8bc83a16f4bc5a949b18a921c04e927eb48c033ae7bade3d15f
2025-12-02,northeast,business_date=2025-12-02/sales_northeast_20251202.csv.gz,2074,2025-12-02 00:11:17,2025-12-02 23:59:52,21729,584f49e7772af57629b6ebfcf42048a82ad1ed90d5e911c19abfe598e58ae670
2025-12-02,south,business_date=2025-12-02/sales_south_20251202.csv.gz,1289,2025-12-02 00:07:14,2025-12-02 23:58:20,13883,ba32a1cbd44e4a081f7f14423c2b46f716229ea762798db34584fe6df803b775
2025-12-03,bkk,business_date=2025-12-03/sales_bkk_20251203.csv.gz,3465,2025-12-03 00:01:00,2025-12-03 23:57:13,36268,0c56dc7bf32fb346761b4eea3643a923f3976a50cf587975f4ae8fa565cb0a5b
2025-12-03,central,business_date=2025-12-03/sales_central_20251203.csv.gz,2389,2025-12-03 00:05:35,2025-12-03 23:59:40,24994,8f4b9da1731a6c76679bddde5bb6713b91cdf145b34c06dbc507be51827dcdc9
2025-12-03,north,business_date=2025-12-03/sales_north_20251203.csv.gz,1812,2025-12-03 00:00:07,2025-12-03 23:59:07,19082,d6f25bde3023d2fc123156dcb567deda0842cb3ac0af9d7d6cf977a932ef40dd
2025-12-03,northeast,business_date=2025-12-03/sales_northeast_20251203.csv.gz,2093,2025-12-03 00:01:24,2025-12-03 23:57:24,21999,951728c4c31ef1ae416ad7114c7d7d6a424a2547e7b422cd81547e1bc4cfec24
2025-12-03,south,business_date=2025-12-03/sales_south_20251203.csv.gz,1231,2025-12-03 00:10:03,2025-12-03 23:53:59,13183,b81173593a2b28d94db45a9143e27d130e5806ac349e566b4526cd1edb518467
2025-12-04,bkk,business_date=2025-12-04/sales_bkk_20251204.csv.gz,3234,2025-12-04 00:00:39,2025-12-04 23:59:38,33762,487caecea46d57da289dffcd8073a7e2d64536eae9307f0db261f3dea6d02212
2025-12-04,central,business_date=2025-12-04/sales_central_20251204.csv.gz,2279,2025-12-04 00:02:25,2025-12-04 23:57:47,24023,de37a91d4bbc6796f2e0f7b9d277e81878b1173025972b46e7e9841950ef8c25
2025-12-04,north,business_date=2025-12-04/sales_north_20251204.csv.gz,1928,2025-12-04 00:04:41,2025-12-04 23:52:51,20305,101336b2c457286a705297db33c65905b363cee33f96ae607e9cd050d5f9411e
2025-12-04,northeast,business_date=2025-12-04/sales_northeast_20251204.csv.gz,1953,2025-12-04 00:00:16,2025-12-04 23:58:26,20558,9d793dc4fcf17360eaf27828f631f6389b8c60d4b0298612d1b21b31f2fb31cc
2025-12-04,south,business_date=2025-12-04/sales_south_20251204.csv.gz,1262,2025-12-04 00:00:30,2025-12-04 23:59:24,13598,97fcf4af80193357241c802e618672864c5fc55496b0789db3464bceb4c42151
2025-12-05,bkk,business_date=2025-12-05/sales_bkk_20251205.csv.gz,3488,2025-12-05 00:01:27,2025-12-05 23:59:32,36435,17a602f3a1fa82defab5197dfd552fa78372658e1f293a4e8b093cdc0e6f8459
2025-12-05,central,business_date=2025-12-05/sales_central_20251205.csv.gz,2375,2025-12-05 00:06:58,2025-12-05 23:59:39,24951,f89bdeede617bf9471b2e21269f613ef63bb04b876f04c64096cbb9d95463055
2025-12-05,north,business_date=2025-12-05/sales_north_20251205.csv.gz,1914,2025-12-05 00:00:49,2025-12-05 23:59:36,20191,51a6b66ab6d459a2b077f58c416030eaf0030af608fa02e6a91f91acbee5b8fe
2025-12-05,northeast,business_date=2025-12-05/sales_northeast_20251205.csv.gz,2028,2025-12-05 00:02:16,2025-12-05 23:59:00,21326,c6ffbbf7364a695d9de455168133d72390ba6972211636bfdd80cc3b7aec6638
2025-12-05,south,business_date=2025-12-05/sales_south_20251205.csv.gz,1320,2025-12-05 00:02:04,2025-12-05 23:47:26,14130,468555a95a187ddb79449d8f62139c7d9ec892603618b95ffbbe63d36b6793ad
2025-12-06,bkk,business_date=2025-12-06/sales_bkk_20251206.csv.gz,4037,2025-12-06 00:01:40,2025-12-06 23:59:13,42189,b4deac60375a955bfe170c5d241b6c1352f010eb6280f8e1e2bf177dd22916cd
2025-12-06,central,business_date=2025-12-06/sales_central_20251206.csv.gz,2705,2025-12-06 00:00:29,2025-12-06 23:59:40,28305,1f9a2b55262e8402cf03cb4e58233a67ab76c3736e39a5ad1f8d6029163d9b44
2025-12-06,north,business_date=2025-12-06/sales_north_20251206.csv.gz,2282,2025-12-06 00:12:34,2025-12-06 23:58:31,23928,6fec95bcd0c360534baef1f34636d4bab3139b3fa86926bc042049848b3697a9
2025-12-06,northeast,business_date=2025-12-06/sales_northeast_20251206.csv.gz,2436,2025-12-06 00:03:51,2025-12-06 23:59:33,25559,c9617b7a37cd0a02e9e42713bd09fd2d77204403b63ebe463bbac7ac74ebaf40
2025-12-06,south,business_date=2025-12-06/sales_south_20251206.csv.gz,1560,2025-12-06 00:10:20,2025-12-06 23:53:33,16603,532f0ec80bef6cb2f82789a936b5a3c41ea026b6c445bda23d51d3652ba8f25f
2025-12-07,bkk,business_date=2025-12-07/sales_bkk_20251207.csv.gz,3782,2025-12-07 00:02:25,2025-12-07 23:59:06,39415,54e59263f16919f96f900896f600e2b14e7b7bc670efef349497dd20f6db2145
2025-12-07,central,business_date=2025-12-07/sales_central_20251207.csv.gz,2733,2025-12-07 00:01:06,2025-12-07 23:59:45,28645,447e53e17480b381a5bf2217bd86444aad710f614c371c18133979ad214b323a
2025-12-07,north,business_date=2025-12-07/sales_north_20251207.csv.gz,2129,2025-12-07 00:00:49,2025-12-07 23:59:07,22477,90df7a222ff64b66dc19122617e55c9d710699f9b840b54e19fd849e5df766d5
2025-12-07,northeast,business_date=2025-12-07/sales_northeast_20251207.csv.gz,2394,2025-12-07 00:02:20,2025-12-07 23:59:11,24989,118b89dde2f7cc1ed6d3f5a54c4bb03455590eadd042bae1c5ee28dcf4836e94
2025-12-07,south,business_date=2025-12-07/sales_south_20251207.csv.gz,1563,2025-12-07 00:00:45,2025-12-07 23:57:15,16616,efa1d08b2084f4d4ec2fbbe562250a0017e1d79ebbd49d3e317a56510c3053a9
2025-12-08,bkk,business_date=2025-12-08/sales_bkk_20251208.csv.gz,3140,2025-12-08 00:02:54,2025-12-08 23:59:58,32960,799f6631f16dfbc993ec32eafe8c0622191aa4c684637a284b4e5ffe0a21296b
2025-12-08,central,business_date=2025-12-08/sales_central_20251208.csv.gz,2455,2025-12-08 00:06:43,2025-12-08 23:59:51,25793,08c94128f7cfd328e6825610e86154cf4da57679d624152a93e0fa1d01134092
2025-12-08,north,business_date=2025-12-08/sales_north_20251208.csv.gz,1862,2025-12-08 00:01:00,2025-12-08 23:59:40,19687,1707da297608d8d337fa48f7beab60ea2453bffa8252c9763628397a769b605d
2025-12-08,northeast,business_date=2025-12-08/sales_northeast_20251208.csv.gz,1931,2025-12-08 00:05:03,2025-12-08 23:58:55,20346,9309d3544f978ec682b955684b96d258a69711327817dfb8179457177c87902e
2025-12-08,south,business_date=2025-12-08/sales_south_20251208.csv.gz,1291,2025-12-08 00:04:47,2025-12-08 23:57:59,13862,58c3ed0b3f93dbfb6fa66e708a7bdc55a6bbf2a9c4f12045d1005e94b7fba607
2025-12-09,bkk,business_date=2025-12-09/sales_bkk_20251209.csv.gz,3463,2025-12-09 00:05:04,2025-12-09 23:59:34,36184,7ab8b3fbaee33a6ef907a93ef68ff5d6c4def8cf89ff0206fb427b92167abbe0
2025-12-09,central,business_date=2025-12-09/sales_central_20251209.csv.gz,2325,2025-12-09 00:02:16,2025-12-09 23:53:04,24413,7015414e8b22e69558b9e674a2961e977fea797dbbdcbbc0bf829b8b6d5aec7f
2025-12-09,north,business_date=2025-12-09/sales_north_20251209.csv.gz,1860,2025-12-09 00:06:48,2025-12-09 23:59:35,19640,57d57b034054a72aedb055077598c03298cecf72627e5fc9533efe7a4962fa41
2025-12-09,northeast,business_date=2025-12-09/sales_northeast_20251209.csv.gz,1944,2025-12-09 00:13:02,2025-12-09 23:57:25,20414,43a4d5dc17ccd229d00ff9664609b7a2e3d465b40b355d2d95002a917c7a9dfa
2025-12-09,south,business_date=2025-12-09/sales_south_20251209.csv.gz,1370,2025-12-09 00:05:12,2025-12-09 23:56:24,14682,872fc0beb2bc3b77ccad6c63ea193fbafa310be6b9e073c9afc78ba6d97a2a36
2025-12-10,bkk,business_date=2025-12-10/sales_bkk_20251210.csv.gz,3168,2025-12-10 00:00:54,2025-12-10 23:59:52,33248,1a697ae9b601d80ba5a5aac8cac802a7f7b03b2e641138b2da32f6ae9c5f75f8
2025-12-10,central,business_date=2025-12-10/sales_central_20251210.csv.gz,2536,2025-12-10 00:07:19,2025-12-10 23:58:56,26586,a8251204adf182ee4044efe97a75e6f3133f6226c3471a34390db3d35a20ca0b
2025-12-10,north,business_date=2025-12-10/sales_north_20251210.csv.gz,1955,2025-12-10 00:03:01,2025-12-10 23:59:38,20529,3eddb3eb418f853b868e598cbbae1176f8fbf5b2854a510678ad888025cc3d29
2025-12-10,northeast,business_date=2025-12-10/sales_northeast_20251210.csv.gz,2046,2025-12-10 00:01:28,2025-12-10 23:59:30,21524,e8a76a0a90f8f83a83db9a99555b0625d35ee1dd30530cc0fe13a2664309bf1c
2025-12-10,south,business_date=2025-12-10/sales_south_20251210.csv.gz,1228,2025-12-10 00:00:14,2025-12-10 23:54:21,13215,d3ab222549025e1ff0488290ceec9ff4c92ced8e6ffb068cffcbb84dc024e610
2025-12-11,bkk,business_date=2025-12-11/sales_bkk_20251211.csv.gz,3174,2025-12-11 00:00:21,2025-12-11 23:57:55,33249,8508fd979590d81d8aa5f0ed6f742b787998b254909dbc21c9caf21b2c5749e4
2025-12-11,central,business_date=2025-12-11/sales_central_20251211.csv.gz,2535,2025-12-11 00:00:50,2025-12-11 23:59:12,26566,0a88573b9786514d73124cb5525d4092a1fe5145421f93172f1d7d0906fc4e94
2025-12-11,north,business_date=2025-12-11/sales_north_20251211.csv.gz,1964,2025-12-11 00:02:05,2025-12-11 23:53:13,20616,ed0850063f5f336c0fe094e3c747174bd3c6c93ad65cbfa48372f46cd1706773
2025-12-11,northeast,business_date=2025-12-11/sales_northeast_20251211.csv.gz,1958,2025-12-11 00:00:16,2025-12-11 23:56:53,20588,02561122ea3dc7892dec1dfaee6d4f1a680ecfd25f1f86c0a2315aee8b4afa76
2025-12-11,south,business_date=2025-12-11/sales_south_20251211.csv.gz,1378,2025-12-11 00:01:10,2025-12-11 23:55:33,14754,934a0d85b0206252edaa8d897fc3a6b49eeb90a10cfd2068cb43f07b62737126
2025-12-12,bkk,business_date=2025-12-12/sales_bkk_20251212.csv.gz,8356,2025-12-12 00:05:38,2025-12-12 23:59:48,86975,cbee84abfb3bf84d87fe6de99273156debcb18d14a771a7f7bff5b093a78db0f
2025-12-12,central,business_date=2025-12-12/sales_central_20251212.csv.gz,6080,2025-12-12 00:02:15,2025-12-12 23:59:49,63181,984dceb844eccfaa9c84bbbfa1de1e841a0e093fd11565a2772a8493abf651f5
2025-12-12,north,business_date=2025-12-12/sales_north_20251212.csv.gz,4349,2025-12-12 00:00:28,2025-12-12 23:56:43,45378,7ef56ba6c392bd37d735b2b4bf8b164f94b9d3094285b3305ac258de9ff9d45c
2025-12-12,northeast,business_date=2025-12-12/sales_northeast_20251212.csv.gz,4851,2025-12-12 00:01:52,2025-12-12 23:59:16,50372,2a3f099810331ffd948ab14623b211243089cd5f467bae00ed9f76f88dd46ba0
2025-12-12,south,business_date=2025-12-12/sales_south_20251212.csv.gz,3013,2025-12-12 00:01:32,2025-12-12 23:59:33,31633,d8fdba29af5feef5f1d364a81375adad42e3b6fa77d3992ffd4e00872d189107
2025-12-13,bkk,business_date=2025-12-13/sales_bkk_20251213.csv.gz,3782,2025-12-13 00:05:21,2025-12-13 23:57:22,39629,8edf7e1c46f97bd4f1058024fcdae4dd9e9df678bad9f11e3e762232aabcdfe5
2025-12-13,central,business_date=2025-12-13/sales_central_20251213.csv.gz,2873,2025-12-13 00:01:26,2025-12-13 23:56:54,30031,e3f8866a0822a7476e30bb876185babeb94e9183cbd6c1dde63f30eff81f69bf
2025-12-13,north,business_date=2025-12-13/sales_north_20251213.csv.gz,2116,2025-12-13 00:00:04,2025-12-13 23:59:02,22299,da524a020759846b217d668ac2be6b1c9122e9c5568fbdf0b0979d14ce271b16
2025-12-13,northeast,business_date=2025-12-13/sales_northeast_20251213.csv.gz,2247,2025-12-13 00:02:31,2025-12-13 23:59:03,23499,239bd82240e8d305b02581690098c49e9b749fd323f66616c6a614e3382c4907
2025-12-13,south,business_date=2025-12-13/sales_south_20251213.csv.gz,1451,2025-12-13 00:00:35,2025-12-13 23:58:01,15527,7f1c83991c07c1b6a9f07d2d8aa35fc48818f46f269c9f34dcdc68180248d35e
2025-12-14,bkk,business_date=2025-12-14/sales_bkk_20251214.csv.gz,3854,2025-12-14 00:06:14,2025-12-14 23:59:56,40264,f17af15d4262f95da1fe84c9c7394d65f1d400e8cd797d3221470d2f4807569c
2025-12-14,central,business_date=2025-12-14/sales_central_20251214.csv.gz,2777,2025-12-14 00:05:11,2025-12-14 23:59:56,29094,d8d174fa51b553bfe60bc97cd1e8ad68538caa5062e687fe261ec08e687d9c2b
2025-12-14,north,business_date=2025-12-14/sales_north_20251214.csv.gz,2235,2025-12-14 00:07:34,2025-12-14 23:59:50,23518,589944d113448f3f95045209656a85cb5957f6fef04b006c2f44c9ae98691f4c
2025-12-14,northeast,business_date=2025-12-14/sales_northeast_20251214.csv.gz,2221,2025-12-14 00:01:49,2025-12-14 23:58:20,23243,6538625646e4d211c82db83f77c42cfa0862ea390ebcb7fa731bbbd5adf62e0a
2025-12-14,south,business_date=2025-12-14/sales_south_20251214.csv.gz,1436,2025-12-14 00:11:11,2025-12-14 23:56:23,15274,aff75e1027a36e9d535dce707cc1ffc588e444918de40f8d01a80beeab4de700
2025-12-15,bkk,business_date=2025-12-15/sales_bkk_20251215.csv.gz,3116,2025-12-15 00:02:58,2025-12-15 23:59:33,32683,a744e5bc2751770d29be70f9846cfb77f2c8def7e17747a707083256c7b7f15f
2025-12-15,central,business_date=2025-12-15/sales_central_20251215.csv.gz,2332,2025-12-15 00:03:45,2025-12-15 23:59:31,24431,5da48d88b532c4fc975ce7ba37953c280b868ba4b0eb8f6e396ad6e298f88e03
2025-12-15,north,business_date=2025-12-15/sales_north_20251215.csv.gz,1941,2025-12-15 00:21:32,2025-12-15 23:58:43,20493,6f0116b0d2d8c4a2f3dc23371880862e56c7d77dc55861fb24d770c584d69c27
2025-12-15,northeast,business_date=2025-12-15/sales_northeast_20251215.csv.gz,1943,2025-12-15 00:02:02,2025-12-15 23:58:16,20452,705f1155581e3308d106e522ef0aaadd889513db7957309d96ee9fd2dc58f002
2025-12-15,south,business_date=2025-12-15/sales_south_20251215.csv.gz,1320,2025-12-15 00:06:26,2025-12-15 23:57:07,14132,cbf1d2bb76de796d0a76f733191b8434b6e8eb82808a8a3d86c21d905e53102a
2025-12-16,bkk,business_date=2025-12-16/sales_bkk_20251216.csv.gz,3373,2025-12-16 00:01:31,2025-12-16 23:59:52,35351,bbd23c0243a3d239e6ac0b82b93d5c631240f7192c92890eee0ba9df0dc20f04
2025-12-16,central,business_date=2025-12-16/sales_central_20251216.csv.gz,2431,2025-12-16 00:01:38,2025-12-16 23:59:56,25453,6a738df83c0941eb5693b2ece1d640480d6ce481cc1e24ea7b2c5c50cbdd9b61
2025-12-16,north,business_date=2025-12-16/sales_north_20251216.csv.gz,1882,2025-12-16 00:14:01,2025-12-16 23:57:27,19858,20ea5a0fb562cbd71283abeed836d341089f6f2971788719adc64b271b7b5b5f
2025-12-16,northeast,business_date=2025-12-16/sales_northeast_20251216.csv.gz,1947,2025-12-16 00:01:26,2025-12-16 23:57:56,20421,576227791ce5d175b2afefb0a06dfca8e276a7b143f20d1c064b6c0e738e72f7
2025-12-16,south,business_date=2025-12-16/sales_south_20251216.csv.gz,1358,2025-12-16 00:02:30,2025-12-16 23:55:10,14615,0d9988d03984eddcbefb0bc2ea23d398270e19a6436928af58d706389036ec1e
2025-12-17,bkk,business_date=2025-12-17/sales_bkk_20251217.csv.gz,3316,2025-12-17 00:01:40,2025-12-17 23:59:43,34702,cb4eb1c40cf4e1e6d5240ffd89d5912400c0e44c20296baa957687aaf6422473
2025-12-17,central,business_date=2025-12-17/sales_central_20251217.csv.gz,2322,2025-12-17 00:22:13,2025-12-17 23:57:01,24345,e472eb5b8a9ecc4b35b0a6ca29116abf3b9dca7e3e5128f2403719a75b6233c0
2025-12-17,north,business_date=2025-12-17/sales_north_20251217.csv.gz,1929,2025-12-17 00:03:57,2025-12-17 23:57:02,20365,fee4a5ce3c145f53b05c72fd3139fd43bac482d1d0002a1a28fa6be8ca81a483
2025-12-17,northeast,business_date=2025-12-17/sales_northeast_20251217.csv.gz,2105,2025-12-17 00:14:42,2025-12-17 23:57:27,22101,c087ce5d4ef5c75d6e1cf715dd53fb094921b45858200df9b3570063d2cd49d7
2025-12-17,south,business_date=2025-12-17/sales_south_20251217.csv.gz,1291,2025-12-17 00:02:18,2025-12-17 23:58:21,13877,2d064688a5515f3f1958ebf63ce111fc0d4f00bfceaac9e935bec2c19ce124ed
2025-12-18,bkk,business_date=2025-12-18/sales_bkk_20251218.csv.gz,3169,2025-12-18 00:05:41,2025-12-18 23:58:06,33258,25ae880037cc9114e6ac98ce4d37b5951c568c73f9b621b1ea47467e313f5963
2025-12-18,central,business_date=2025-12-18/sales_central_20251218.csv.gz,2279,2025-12-18 00:01:42,2025-12-18 23:59:54,24021,3eacb208e8469ed34ba999fd5146b120ece3797d66137d24cfccfbfb97dce75c
2025-12-18,north,business_date=2025-12-18/sales_north_20251218.csv.gz,1915,2025-12-18 00:02:45,2025-12-18 23:57:56,20196,c5413ee6d38f291e064bc3a4649d64b74a7f1fe4c8f175fd506b46c3b611a0d1
2025-12-18,northeast,business_date=2025-12-18/sales_northeast_20251218.csv.gz,1973,2025-12-18 00:03:49,2025-12-18 23:56:24,20733,6d5c2667c6f4f639f3e02a2e73b3aa23c0ef731be1a113eb1bf34f50d79290fe
2025-12-18,south,business_date=2025-12-18/sales_south_20251218.csv.gz,1276,2025-12-18 00:17:16,2025-12-18 23:56:25,13689,da66b2b54e8aec95cb8b67c8f9a7daf3eea91adf709bb12e9c5c35c997208c0d
2025-12-19,bkk,business_date=2025-12-19/sales_bkk_20251219.csv.gz,3481,2025-12-19 00:00:13,2025-12-19 23:58:21,36408,9a79935749025ac0be6cd36a3a1e884c3bcbe79f9287726d8b5f695d35c178b6
2025-12-19,central,business_date=2025-12-19/sales_central_20251219.csv.gz,2471,2025-12-19 00:04:02,2025-12-19 23:59:11,26001,bc1f7bd1afefb4743926f25accaa59c16e2ecc4bccde9e40ea603e1030463b99
2025-12-19,north,business_date=2025-12-19/sales_north_20251219.csv.gz,1910,2025-12-19 00:01:02,2025-12-19 23:59:01,20182,87e1f19a2ee4cdf7d84a19de6f29b7eee88c8cfd6c756579fbaa6935a6f686d7
2025-12-19,northeast,business_date=2025-12-19/sales_northeast_20251219.csv.gz,2014,2025-12-19 00:00:45,2025-12-19 23:58:59,21080,5b3bdd594f61c6e6bb492fd0851c9d2e2b46b7d011bc3a40b9b44c6799f3b712
2025-12-19,south,business_date=2025-12-19/sales_south_20251219.csv.gz,1249,2025-12-19 00:05:08,2025-12-19 23:58:15,13373,b30879b515dc1bfc03e3d4c68fbb5080bab0df2ad25e343560304124c50f4a06
2025-12-20,bkk,business_date=2025-12-20/sales_bkk_20251220.csv.gz,3605,2025-12-20 00:03:20,2025-12-20 23:58:10,37665,14f580d3237ef5615c343bdee1d6dfcf42f8a150b77933d236d82610d46a2902
2025-12-20,central,business_date=2025-12-20/sales_central_20251220.csv.gz,2900,2025-12-20 00:00:29,2025-12-20 23:59:39,30214,a25e667cb81f46a8b62a68df90d026be6ea04630aae130aaec040d98335e6fba
2025-12-20,north,business_date=2025-12-20/sales_north_20251220.csv.gz,2071,2025-12-20 00:03:27,2025-12-20 23:55:57,21783,78a4ace814d32757cc32fde9c8c714324397e9993cc3189e61700ae12abd8ad2
2025-12-20,northeast,business_date=2025-12-20/sales_northeast_20251220.csv.gz,2170,2025-12-20 00:13:37,2025-12-20 23:58:06,22679,8ae9a6b647bb75f869965d262a2ea7487091f0fb1e4fa5266540005a7a04ded6
2025-12-20,south,business_date=2025-12-20/sales_south_20251220.csv.gz,1523,2025-12-20 00:12:41,2025-12-20 23:55:51,16210,2ad8c449eac42b316374854136ff64ebe0f50bd3f4cc96ad51bbeca4c21612c7
2025-12-21,bkk,business_date=2025-12-21/sales_bkk_20251221.csv.gz,3669,2025-12-21 00:03:03,2025-12-21 23:57:08,38283,122537ef8d8d41e73ec6297786fd497cb6bd5d25c6c0efff2fe6bf3140cc0718
2025-12-21,central,business_date=2025-12-21/sales_central_20251221.csv.gz,2697,2025-12-21 00:01:19,2025-12-21 23:57:39,28180,2f4bc75b9906a939c6d6e85a7d5e5a77cf3ab90f2e0273282f2fe9bc65db2eba
2025-12-21,north,business_date=2025-12-21/sales_north_20251221.csv.gz,2141,2025-12-21 00:03:42,2025-12-21 23:57:15,22499,ed67bfdba016bede01817ecb757ddf4d0edabaffbaf14278bf6c0499aeea3e84
2025-12-21,northeast,business_date=2025-12-21/sales_northeast_20251221.csv.gz,2340,2025-12-21 00:06:25,2025-12-21 23:58:06,24489,0cb0573c35ee27185092c9d1ec3fedbe7664acb98d6b2de9b0445cc921f09b38
2025-12-21,south,business_date=2025-12-21/sales_south_20251221.csv.gz,1493,2025-12-21 00:21:20,2025-12-21 23:52:24,15982,1dd40ec486e2141813ce766c823b1b28176b46ea378778c7ebec981043fb3b28
2025-12-22,bkk,business_date=2025-12-22/sales_bkk_20251222.csv.gz,3112,2025-12-22 00:06:22,2025-12-22 23:57:57,32633,3fdf92a0d640a642cb60753f55fcad063f8b97a83bcad366b99a17aeedc972a2
2025-12-22,central,business_date=2025-12-22/sales_central_20251222.csv.gz,2432,2025-12-22 00:00:05,2025-12-22 23:57:54,25462,3136558607c7805f3a040b9609d5ce3dd1f6e46b91b22b15f7c337de5d837a0d
2025-12-22,north,business_date=2025-12-22/sales_north_20251222.csv.gz,1786,2025-12-22 00:09:56,2025-12-22 23:58:49,18866,7f0e7b85f3caea1bc06544a05e891fe41781cf17fea9aada418067b35d550ab0
2025-12-22,northeast,business_date=2025-12-22/sales_northeast_20251222.csv.gz,1911,2025-12-22 00:00:36,2025-12-22 23:59:24,20093,433627e03ba4efd9154921af1c75c9a0a0161962c5f636b300196ca63c482b35
2025-12-22,south,business_date=2025-12-22/sales_south_20251222.csv.gz,1383,2025-12-22 00:03:56,2025-12-22 23:59:38,14839,e5a0064eeab8b21d38ec225dfbacf0cd624be78669863db9ab3f59f4d6bbc723
2025-12-23,bkk,business_date=2025-12-23/sales_bkk_20251223.csv.gz,3198,2025-12-23 00:01:07,2025-12-23 23:59:50,33500,24adeffc73595ef514b6c14912e50200945e2f97151dac2face0ae64b2b743f9
2025-12-23,central,business_date=2025-12-23/sales_central_20251223.csv.gz,2463,2025-12-23 00:04:59,2025-12-23 23:58:37,25886,b65176913a7f2dabe3b38f7a13bcfe4c911eec9bcdadce334354dde10a18e04e
2025-12-23,north,business_date=2025-12-23/sales_north_20251223.csv.gz,1939,2025-12-23 00:01:14,2025-12-23 23:58:39,20446,b61017b91c2cbb8cf1c491b6f304a18b97661ee6c1b2775ea7540a94ec2af8d5
2025-12-23,northeast,business_date=2025-12-23/sales_northeast_20251223.csv.gz,2057,2025-12-23 00:06:54,2025-12-23 23:58:39,21580,6141a7f64d3b19466eae33b645c2d2b8cff84b9cd4d0b72d4a4730a58fcec1c0
2025-12-23,south,business_date=2025-12-23/sales_south_20251223.csv.gz,1309,2025-12-23 00:13:53,2025-12-23 23:59:26,14056,ca982652fbd5d6efcf8eb6821a94938f81999b6e2e7c3b13f99d3c2ca458dbda
2025-12-24,bkk,business_date=2025-12-24/sales_bkk_20251224.csv.gz,3279,2025-12-24 00:01:52,2025-12-24 23:58:59,34309,029f9f463319488ecbb9be5ddad207944f39dda30a8282a00d26633b1dd9c55c
2025-12-24,central,business_date=2025-12-24/sales_central_20251224.csv.gz,2506,2025-12-24 00:05:33,2025-12-24 23:53:09,26261,954dd011096f907d2e2115c890b72bb514fd1e745929421958af5cb1d19ef6a9
2025-12-24,north,business_date=2025-12-24/sales_north_20251224.csv.gz,1874,2025-12-24 00:05:34,2025-12-24 23:55:23,19778,dedaccf2f8e8f0c31c40771171a6353d7321fd3532c0b51333fefc367514eb96
2025-12-24,northeast,business_date=2025-12-24/sales_northeast_20251224.csv.gz,1917,2025-12-24 00:01:34,2025-12-24 23:58:13,20127,0f5b3871418c18ed7a8a7e1266096904b25e43c0a1e255a0db525163f067139f
2025-12-24,south,business_date=2025-12-24/sales_south_20251224.csv.gz,1325,2025-12-24 00:02:26,2025-12-24 23:57:46,14160,d2d933b82c3b0707585778ebb7ea490757db0d109f234b6bd14c7d1f1b8e7172
2025-12-25,bkk,business_date=2025-12-25/sales_bkk_20251225.csv.gz,3352,2025-12-25 00:00:29,2025-12-25 23:59:02,35092,91bea5db5ac4dcb405d45c4f3f603670a88ae509873978e092825ba661294974
2025-12-25,central,business_date=2025-12-25/sales_central_20251225.csv.gz,2281,2025-12-25 00:01:23,2025-12-25 23:54:41,23857,c296bce2bb680bcee33b8baace744783e5dc8be5989176fefe2b7cc8086914ef
2025-12-25,north,business_date=2025-12-25/sales_north_20251225.csv.gz,1884,2025-12-25 00:08:58,2025-12-25 23:58:52,19918,7924ddb53ec5f05ccb2e1f65f8d5a6f68a4d5747c3e2b2d80d380aba144deced
2025-12-25,northeast,business_date=2025-12-25/sales_northeast_20251225.csv.gz,2024,2025-12-25 00:00:12,2025-12-25 23:59:33,21212,cc0b9a1da05bce086e63c542c4834214ead29623d1547a0ac49ef64f4d32028e
2025-12-25,south,business_date=2025-12-25/sales_south_20251225.csv.gz,1358,2025-12-25 00:03:44,2025-12-25 23:55:50,14569,fc784df8753ae14b5e89d4fc94d3e0248eaebc2d23709b35cf3ddaac4b8239b5
2025-12-26,bkk,business_date=2025-12-26/sales_bkk_20251226.csv.gz,3176,2025-12-26 00:00:10,2025-12-26 23:58:21,33286,32a7bdad7cd60e640e5a4cfe59a7a4a6400794215b3696a819d2dd6bdace8128
2025-12-26,central,business_date=2025-12-26/sales_central_20251226.csv.gz,2497,2025-12-26 00:05:19,2025-12-26 23:58:32,26116,5484d4813217d890db77759b620463d8673aafbee985986ee045aea0cb0ac51b
2025-12-26,north,business_date=2025-12-26/sales_north_20251226.csv.gz,1930,2025-12-26 00:14:54,2025-12-26 23:56:09,20282,6d722904ec6f9b62c64cb35d822f88f258d6eee9bf6ac63d89f697e2bed5479f
2025-12-26,northeast,business_date=2025-12-26/sales_northeast_20251226.csv.gz,2105,2025-12-26 00:12:28,2025-12-26 23:56:31,22023,5db07c26f0ccfa754d80c5601407672a48d7aea935120930ba43f80178a24ab0
2025-12-26,south,business_date=2025-12-26/sales_south_20251226.csv.gz,1374,2025-12-26 00:12:02,2025-12-26 23:59:11,14689,6111b52e0273f54b1a5cff62e04523b341723486c7095b72efde2fbbe362e08e
2025-12-27,bkk,business_date=2025-12-27/sales_bkk_20251227.csv.gz,3993,2025-12-27 00:01:29,2025-12-27 23:56:25,41698,c82e81b17e3230786370bc344b4689c55b41f38dbd27cd9ffafd032794553442
2025-12-27,central,business_date=2025-12-27/sales_central_20251227.csv.gz,2649,2025-12-27 00:03:00,2025-12-27 23:59:59,27756,fb531fdbf147bd91201b2388d13a69b6f75ca673beeaaff98d7c148d4a4ea460
2025-12-27,north,business_date=2025-12-27/sales_north_20251227.csv.gz,2056,2025-12-27 00:00:25,2025-12-27 23:57:22,21728,2b2112d1248dbb18edac7d248144f2f6d40e909a896839e96d135c1499801c21
2025-12-27,northeast,business_date=2025-12-27/sales_northeast_20251227.csv.gz,2364,2025-12-27 00:05:00,2025-12-27 23:59:11,24660,609c9822ad07db67e3654f1f3e7287785e3fe48495cf9e96450086e105cd57b7
2025-12-27,south,business_date=2025-12-27/sales_south_20251227.csv.gz,1466,2025-12-27 00:41:52,2025-12-27 23:59:31,15648,ae9acbfe2d67c0efc2d8907ff249c2af18642dd5d5839bf3113467f3718b35ac
2025-12-28,bkk,business_date=2025-12-28/sales_bkk_20251228.csv.gz,3658,2025-12-28 00:01:49,2025-12-28 23:58:07,38273,6af6b61d0c5cecc4527edac4a20215fa8533f51112953c85b1c4516fdf27c477
2025-12-28,central,business_date=2025-12-28/sales_central_20251228.csv.gz,2816,2025-12-28 00:01:42,2025-12-28 23:58:13,29523,c0880c075a1da6ab67b6b92ec8e4ea3b39310c5a37442651243bf8f5e86f47b3
2025-12-28,north,business_date=2025-12-28/sales_north_20251228.csv.gz,2247,2025-12-28 00:02:11,2025-12-28 23:58:43,23603,bad489860ce5f9357e561572112f4568965cd6e99e0247df68b7ecdf6b153b62
2025-12-28,northeast,business_date=2025-12-28/sales_northeast_20251228.csv.gz,2175,2025-12-28 00:01:37,2025-12-28 23:55:34,22755,18c532806aac4514112ecccb2a0983667e505135e395dd682862d689c4adae99
2025-12-28,south,business_date=2025-12-28/sales_south_20251228.csv.gz,1508,2025-12-28 00:00:57,2025-12-28 23:53:35,16061,6325c772f1968e73e2f503d3442333c7451e3be3008a77a8a595b3c21c925c1e
2025-12-29,bkk,business_date=2025-12-29/sales_bkk_20251229.csv.gz,3122,2025-12-29 00:00:51,2025-12-29 23:59:41,32689,4b4a96741e1610b45110eb5b1cbbbed153de950e43bef052009beaa3153a4a2c
2025-12-29,central,business_date=2025-12-29/sales_central_20251229.csv.gz,2309,2025-12-29 00:00:16,2025-12-29 23:58:39,24194,79306feab6a1156665ec110353f954b6c1f0657f440b1258fa757ebab5ca675e
2025-12-29,north,business_date=2025-12-29/sales_north_20251229.csv.gz,1838,2025-12-29 00:07:18,2025-12-29 23:57:02,19321,c241eca85bcc6a4466ec87beb1e9862b1b481d5eb27188ed4d39aa0615a46d7e
2025-12-29,northeast,business_date=2025-12-29/sales_northeast_20251229.csv.gz,2045,2025-12-29 00:03:00,2025-12-29 23:52:56,21459,0172b2ec264a168d1b79a90c321854d6e0145904e0be4d58f9b706a669054d38
2025-12-29,south,business_date=2025-12-29/sales_south_20251229.csv.gz,1262,2025-12-29 00:01:29,2025-12-29 23:57:37,13576,db48a24d122a13ff9f8306f9849d2a8b36d111bbd612832d5cb102e60b2aafd2
2025-12-30,bkk,business_date=2025-12-30/sales_bkk_20251230.csv.gz,3417,2025-12-30 00:02:16,2025-12-30 23:57:17,35811,4bd5e30cbfa76b42f6f542d7afbabfd0ae7a42fb2923cb54597aff143cbdb9d2
2025-12-30,central,business_date=2025-12-30/sales_central_20251230.csv.gz,2498,2025-12-30 00:06:47,2025-12-30 23:58:19,26079,1913a4c420daaa6d23f35623262fa4ed1a4880cc1f058a3f05c8212936544e10
2025-12-30,north,business_date=2025-12-30/sales_north_20251230.csv.gz,1891,2025-12-30 00:01:51,2025-12-30 23:50:41,19900,ed1545f1908ce237b88a2d5a20ed238038ca45acf46b80ed4301a2de140ed108
2025-12-30,northeast,business_date=2025-12-30/sales_northeast_20251230.csv.gz,1925,2025-12-30 00:07:32,2025-12-30 23:59:39,20310,d69e3ed4cf125938a08677fd0da21ede9002e1ccf656ccf895799c89ff0a80d1
2025-12-30,south,business_date=2025-12-30/sales_south_20251230.csv.gz,1340,2025-12-30 00:01:50,2025-12-30 23:57:32,14409,dd5bfbb07bfc5c7991bfa7963f35d2cae3c946cfa7bba9f7459db8855ac15716
2025-12-31,bkk,business_date=2025-12-31/sales_bkk_20251231.csv.gz,3184,2025-12-31 00:04:39,2025-12-31 23:58:29,33309,e9119c5a4a9f0faf315043737d52872085021937cbea5b4333efe46f2b4e13e0
2025-12-31,central,business_date=2025-12-31/sales_central_20251231.csv.gz,2299,2025-12-31 00:01:37,2025-12-31 23:57:10,24065,45f4107ad3cdd561dd3dbc0ef6e7c5310ab7603135238ca2af6417ecee85033e
2025-12-31,north,business_date=2025-12-31/sales_north_20251231.csv.gz,1944,2025-12-31 00:05:42,2025-12-31 23:59:16,20442,6e548af07f227a7f40f5af4d35ef5762062109b00fdb5b22ad0b4cd827b0220a
2025-12-31,northeast,business_date=2025-12-31/sales_northeast_20251231.csv.gz,2016,2025-12-31 00:00:17,2025-12-31 23:58:22,21162,baa9a20a78a772b1a515646b7a7b944f9aca41b99fba30c919082c09b7616af8
2025-12-31,south,business_date=2025-12-31/sales_south_20251231.csv.gz,1268,2025-12-31 00:04:15,2025-12-31 23:51:55,13616,dd6cd0757ea3976eecbb9e284fe110a844d991629616347547cd35acd1bb01ce
2026-01-01,bkk,business_date=2026-01-01/sales_bkk_20260101.csv.gz,2895,2026-01-01 00:02:57,2026-01-01 23:58:33,30400,9fa5fc8310ab30fd5a44b39c4ec0ad88a5e315a1d57e09773980fe29fc4c69d8
2026-01-01,central,business_date=2026-01-01/sales_central_20260101.csv.gz,2314,2026-01-01 00:02:10,2026-01-01 23:59:48,24341,bff2b81ff65bb891aa60e427677a861b828b84f658068dbfddd7d024918ffee2
2026-01-01,north,business_date=2026-01-01/sales_north_20260101.csv.gz,1763,2026-01-01 00:01:07,2026-01-01 23:57:00,18628,ed3a81fb8552f5b0ccbdd1ad94ac77b00c86f12cb40735389ad0996b87dcc44b
2026-01-01,northeast,business_date=2026-01-01/sales_northeast_20260101.csv.gz,1846,2026-01-01 00:09:54,2026-01-01 23:58:49,19423,36d2d51c67e4fda8f3a2be73e9a58f91fe2f034948707079be043ef42cbc1380
2026-01-01,south,business_date=2026-01-01/sales_south_20260101.csv.gz,1316,2026-01-01 00:02:04,2026-01-01 23:58:58,14135,d2f454bf4885fcb6ae93b566700f7535a6e4069c8c7c911bd245d5e2c7d87e02
2026-01-02,bkk,business_date=2026-01-02/sales_bkk_20260102.csv.gz,3200,2026-01-02 00:01:07,2026-01-02 23:59:52,33550,49bbc845e19aaa5b400c008c6091b25547d391405798b607596c26d7c2a12b61
2026-01-02,central,business_date=2026-01-02/sales_central_20260102.csv.gz,2259,2026-01-02 00:04:37,2026-01-02 23:55:23,23798,4d7a772574c8726c2793161657b2b3a32d61ab1434aa21bc788ad1819423a80f
2026-01-02,north,business_date=2026-01-02/sales_north_20260102.csv.gz,1705,2026-01-02 00:03:58,2026-01-02 23:58:40,18055,3c09158b46f4516d151bc93d2684fa998da25bd6eb8a06a8c66ea7166accf3b2
2026-01-02,northeast,business_date=2026-01-02/sales_northeast_20260102.csv.gz,1761,2026-01-02 00:00:53,2026-01-02 23:57:47,18579,725afc784d88518b9fcd9c25669060bd83a07552efddf9709caeca07fef1d64d
2026-01-02,south,business_date=2026-01-02/sales_south_20260102.csv.gz,1322,2026-01-02 00:02:42,2026-01-02 23:54:58,14105,a0ab4314e498b72410ef3c7dce42a6642268bc8cb873a19a1f19f653abbc5bd0
2026-01-03,bkk,business_date=2026-01-03/sales_bkk_20260103.csv.gz,3621,2026-01-03 00:04:19,2026-01-03 23:59:13,37810,af9362a58a87ce1efa3a5b23d3a849f6a43010b1282c1271aec8fdd62456dfce
2026-01-03,central,business_date=2026-01-03/sales_central_20260103.csv.gz,2720,2026-01-03 00:00:16,2026-01-03 23:56:43,28492,5b4458880434a731a31bdcc45cf7b988b271d4d91027a2d0f71283cbe341bd64
2026-01-03,north,business_date=2026-01-03/sales_north_20260103.csv.gz,2196,2026-01-03 00:03:09,2026-01-03 23:58:24,23108,45ec3381a194fd0ec81e2601fe29b014e368d70dd9cad92c32cea2de4e0ce17e
2026-01-03,northeast,business_date=2026-01-03/sales_northeast_20260103.csv.gz,2142,2026-01-03 00:06:55,2026-01-03 23:58:47,22493,057c5a292883bc263be5cbb37376ae8fb61959708912c4294430d1a4ce078d8f
2026-01-03,south,business_date=2026-01-03/sales_south_20260103.csv.gz,1517,2026-01-03 00:04:30,2026-01-03 23:56:05,16131,5c40664fa78bfd94f578fc8eb0aa03160a77ba468bb6b34a2bb9480337d424b8
2026-01-04,bkk,business_date=2026-01-04/sales_bkk_20260104.csv.gz,3472,2026-01-04 00:01:47,2026-01-04 23:59:47,36430,f546dddbc8241761fdebaaf6277c914576b079d8f7ed30083930f6becd479c51
2026-01-04,central,business_date=2026-01-04/sales_central_20260104.csv.gz,2529,2026-01-04 00:00:28,2026-01-04 23:52:06,26431,a1ede36dff58c3b4ea5b686951e0c051f73b91561594bf71e304af467e473e9f
2026-01-04,north,business_date=2026-01-04/sales_north_20260104.csv.gz,2017,2026-01-04 00:01:59,2026-01-04 23:58:43,21307,a1dd2164cdf1f18eb658f5f0a6190a59c75659cf87d2c7ffb298b2b23b031708
2026-01-04,northeast,business_date=2026-01-04/sales_northeast_20260104.csv.gz,2175,2026-01-04 00:01:38,2026-01-04 23:59:15,22807,472da2cbbc386925a8eb61c0d09e17864652907731ef008a2838d5dbcd571ced
2026-01-04,south,business_date=2026-01-04/sales_south_20260104.csv.gz,1415,2026-01-04 00:04:23,2026-01-04 23:56:57,15078,f881082199692771a625e85b0dffcfd2cf8db42215099686ef874b150ae4c177
2026-01-05,bkk,business_date=2026-01-05/sales_bkk_20260105.csv.gz,3199,2026-01-05 00:02:35,2026-01-05 23:54:37,33456,6887111df10dd9d28e9d9fce19641bd2288bf98a73a3c2e5192a5dacdd8ca7b7
2026-01-05,central,business_date=2026-01-05/sales_central_20260105.csv.gz,2317,2026-01-05 00:10:31,2026-01-05 23:59:50,24320,572a736331f1308bb361bdabb9a4b8e7b6be7557de30ea32a1128245c7439336
2026-01-05,north,business_date=2026-01-05/sales_north_20260105.csv.gz,1858,2026-01-05 00:07:24,2026-01-05 23:58:54,19619,80337999ff5b64cf9a06a3a67cfc9daaf6e948b2987b8ab62e224c7eefe3e0c3
2026-01-05,northeast,business_date=2026-01-05/sales_northeast_20260105.csv.gz,1750,2026-01-05 00:03:13,2026-01-05 23:59:05,18409,f953d476187f1634e28d6d6ad8abf2d31a4736240234a577a94b0916bc2eb2d6
2026-01-05,south,business_date=2026-01-05/sales_south_20260105.csv.gz,1341,2026-01-05 00:01:29,2026-01-05 23:55:31,14367,185db0058ee4b10e10726f6653e23d2c5b5261894bbe92fb89b6d56c852a0a77
2026-01-06,bkk,business_date=2026-01-06/sales_bkk_20260106.csv.gz,2942,2026-01-06 00:00:00,2026-01-06 23:59:21,30837,3dc7f8458944c0cd7865b4b48985d93d36fd199d2adb389c8e76b2dcc89d235f
2026-01-06,central,business_date=2026-01-06/sales_central_20260106.csv.gz,2361,2026-01-06 00:02:19,2026-01-06 23:56:34,24832,f9b6fe28c659a138c6791f486efa8994287f85dd37b8d7d193ffe332e94fae5b
2026-01-06,north,business_date=2026-01-06/sales_north_20260106.csv.gz,1714,2026-01-06 00:05:02,2026-01-06 23:58:19,18142,2b209f32a755028c84114576c78b9ee1ea3abc4f685da9d7130bd0bab3435f81
2026-01-06,northeast,business_date=2026-01-06/sales_northeast_20260106.csv.gz,1879,2026-01-06 00:01:50,2026-01-06 23:59:19,19810,dd641f1edcbc3935e5cb0efce9f9c3ca3f32043af56d5dfa76d81a9b8808e70b
2026-01-06,south,business_date=2026-01-06/sales_south_20260106.csv.gz,1272,2026-01-06 00:03:12,2026-01-06 23:58:10,13664,ab4e0a684f4407598288e67806175284c335981a1dd42abab3730f8ac5770371
2026-01-07,bkk,business_date=2026-01-07/sales_bkk_20260107.csv.gz,2872,2026-01-07 00:15:24,2026-01-07 23:59:51,30172,31b3ab41ca819658c3cbe9b9a1547814292326be19016c6d6bf4736d0cd67af1
2026-01-07,central,business_date=2026-01-07/sales_central_20260107.csv.gz,2194,2026-01-07 00:02:44,2026-01-07 23:59:23,23058,a4d59d3510ec0b237b31cdfe3f9c2e2a3ba4aac3e02b733915b14322730948e0
2026-01-07,north,business_date=2026-01-07/sales_north_20260107.csv.gz,1692,2026-01-07 00:08:38,2026-01-07 23:56:32,17866,973cfcec6fc66af12d1a93ce3df6246a118b63e75d47f62e0e4a520b5166821b
2026-01-07,northeast,business_date=2026-01-07/sales_northeast_20260107.csv.gz,1875,2026-01-07 00:02:21,2026-01-07 23:58:54,19775,c44c7df7bed5132816a328545f7f65fec517a29ac62a09fe53ac0b9f7a01a9ee
2026-01-07,south,business_date=2026-01-07/sales_south_20260107.csv.gz,1310,2026-01-07 00:03:24,2026-01-07 23:59:01,14025,9a1508dfb10e4a91b7e240317020de6dfe1b7064e86b0a116ca6eec930273c34
2026-01-08,bkk,business_date=2026-01-08/sales_bkk_20260108.csv.gz,2954,2026-01-08 00:02:55,2026-01-08 23:59:20,30989,4f943fa121b48fba37dc9698fa2a162411c349430414319a4f706157abf013ec
2026-01-08,central,business_date=2026-01-08/sales_central_20260108.csv.gz,2156,2026-01-08 00:01:52,2026-01-08 23:59:42,22725,c3370c448ec9615f9a55123c8d6edaa8830262bfd8a8792fba04504c6b13dd78
2026-01-08,north,business_date=2026-01-08/sales_north_20260108.csv.gz,1817,2026-01-08 00:00:34,2026-01-08 23:58:22,19219,928691191118b764e3dfddd86deeaacc612ccd83d6ac412a5cc5459659be79ad
2026-01-08,northeast,business_date=2026-01-08/sales_northeast_20260108.csv.gz,1813,2026-01-08 00:02:29,2026-01-08 23:59:39,19011,63790a99100c0c109fffd22b857a85b99b76cad6c0dbcc707d88e4b145f8e40c
2026-01-08,south,business_date=2026-01-08/sales_south_20260108.csv.gz,1287,2026-01-08 00:01:18,2026-01-08 23:58:57,13724,09dee37718f89771cb8536684acbc7cd63904d9d6d0110f9f89b3ea8639df95c
2026-01-09,bkk,business_date=2026-01-09/sales_bkk_20260109.csv.gz,3188,2026-01-09 00:00:10,2026-01-09 23:59:55,33452,c7c4d48d868471d3d486772f6eac56c3f455016bdea5e036ad4942ae481e8b26
2026-01-09,central,business_date=2026-01-09/sales_central_20260109.csv.gz,2366,2026-01-09 00:04:55,2026-01-09 23:59:18,24876,c60276c71c9b325dc59c329ed6f628ae00ed5273fadb3f8a1f2a56ed2ad4f222
2026-01-09,north,business_date=2026-01-09/sales_north_20260109.csv.gz,1812,2026-01-09 00:16:02,2026-01-09 23:57:57,19191,07e811caa201d4d83eea8cd1fbb1ddd917f81615e324a6231540129485901c78
2026-01-09,northeast,business_date=2026-01-09/sales_northeast_20260109.csv.gz,1814,2026-01-09 00:12:43,2026-01-09 23:51:18,19147,0bfa839433633e4d6a5434779177759f478ce0f8d369d5a3ad85bba421d97dcf
2026-01-09,south,business_date=2026-01-09/sales_south_20260109.csv.gz,1304,2026-01-09 00:03:05,2026-01-09 23:54:49,13941,ce34af80ff2594466586935606b9f0a43e40080e26ff7217422a7681a9838be4
2026-01-10,bkk,business_date=2026-01-10/sales_bkk_20260110.csv.gz,3505,2026-01-10 00:01:35,2026-01-10 23:59:54,36808,4c57e1f5b33b72d72a9eaea2731e78a822c69f823d80f7cac7a4fa036654c1a4
2026-01-10,central,business_date=2026-01-10/sales_central_20260110.csv.gz,2688,2026-01-10 00:01:51,2026-01-10 23:59:07,28207,463cbd87aee2fb662016796b6785fecab8898f56326a352f66938d135cf2fc53
2026-01-10,north,business_date=2026-01-10/sales_north_20260110.csv.gz,2030,2026-01-10 00:01:30,2026-01-10 23:59:08,21408,2ec6b3eba40d8f05349811a53461f80c173af39c0ceff264f9d8806d506f5515
2026-01-10,northeast,business_date=2026-01-10/sales_northeast_20260110.csv.gz,2084,2026-01-10 00:07:01,2026-01-10 23:55:47,21873,6e8e63f3da34f82e4b7afa400a05d05de9de47b9a8c4ac3c959623e146ce2198
2026-01-10,south,business_date=2026-01-10/sales_south_20260110.csv.gz,1397,2026-01-10 00:13:07,2026-01-10 23:59:08,14948,796512207facb0060bf3eb61872f2284d05c025dc9d6cecc4e10bc272392a954
2026-01-11,bkk,business_date=2026-01-11/sales_bkk_20260111.csv.gz,3395,2026-01-11 00:01:17,2026-01-11 23:59:54,35588,bd7e62538ab811593e005f76a8992e5396d4d5181b850697606fc6f26ccf0581
2026-01-11,central,business_date=2026-01-11/sales_central_20260111.csv.gz,2673,2026-01-11 00:03:33,2026-01-11 23:59:07,27919,5d9a9aacdc979c0186d5edc086175a3e0fce6c489ad3a553b7c990cf0d8b9c97
2026-01-11,north,business_date=2026-01-11/sales_north_20260111.csv.gz,2131,2026-01-11 00:00:00,2026-01-11 23:58:52,22392,f6384fe1a157613cff0fb3b1cb77434e260aaa0d0934a2fa678999c22f2ff08b
2026-01-11,northeast,business_date=2026-01-11/sales_northeast_20260111.csv.gz,2063,2026-01-11 00:02:36,2026-01-11 23:58:28,21628,4c9b5d4bad34b1a2a21632ef287521c3581e4a8a4a76a6f05d5baa7286cc0148
2026-01-11,south,business_date=2026-01-11/sales_south_20260111.csv.gz,1448,2026-01-11 00:06:02,2026-01-11 23:55:00,15459,d4f7ce59cc0306fb5573265e0e5a0b74f67cce5424f2af4b6364d1101442b86b
2026-01-12,bkk,business_date=2026-01-12/sales_bkk_20260112.csv.gz,3055,2026-01-12 00:00:45,2026-01-12 23:59:08,32031,81bd196912126c2d3e4ae4e2e8ba5d9a3983094cbbd7987a7861969664e55bd9
2026-01-12,central,business_date=2026-01-12/sales_central_20260112.csv.gz,2273,2026-01-12 00:08:45,2026-01-12 23:59:46,23924,6b20b11019c7449d6e77b87bafa4f896dd635d2a9dfb17b3199c18fa3043c824
2026-01-12,north,business_date=2026-01-12/sales_north_20260112.csv.gz,1715,2026-01-12 00:15:05,2026-01-12 23:55:01,18218,38ece54e6d1c72dda1d6b31847dd84e3ea6dbb87a26d6e950f5d47a12f77230b
2026-01-12,northeast,business_date=2026-01-12/sales_northeast_20260112.csv.gz,1723,2026-01-12 00:03:22,2026-01-12 23:57:47,18213,192b718bfeac0906fb1e4f45f3d68cdde51d20ae419c5d141142c7db4f72e66b
2026-01-12,south,business_date=2026-01-12/sales_south_20260112.csv.gz,1349,2026-01-12 00:02:50,2026-01-12 23:58:53,14408,6d16fdd53ebba8cbbfe622f21020e21a4937376e2879c007cccc5303b59dc68e
2026-01-13,bkk,business_date=2026-01-13/sales_bkk_20260113.csv.gz,3099,2026-01-13 00:02:44,2026-01-13 23:58:25,32509,657b97e33f57ffb52a9abba61df0d290490a85eeed5966bc6f7daa3730855541
2026-01-13,central,business_date=2026-01-13/sales_central_20260113.csv.gz,2223,2026-01-13 00:03:12,2026-01-13 23:58:28,23381,3155c5f3dd693648cb459ceff574bec90182196c9bfa5d85755b96638d1154fa
2026-01-13,north,business_date=2026-01-13/sales_north_20260113.csv.gz,1900,2026-01-13 00:06:32,2026-01-13 23:55:46,20023,f0657ef6a19976e57be176e95887089f2ed7733692a7ae465bab266341861adf
2026-01-13,northeast,business_date=2026-01-13/sales_northeast_20260113.csv.gz,1704,2026-01-13 00:05:00,2026-01-13 23:57:46,18003,fafedf7c5dd2b90a0f727d005e39ee68235783b248b3f85a3c7f4541fa5bf912
2026-01-13,south,business_date=2026-01-13/sales_south_20260113.csv.gz,1281,2026-01-13 00:00:29,2026-01-13 23:52:36,13688,2f0a6fe4010aa8f5d5906ae2592317709cd60b55cddea74981413bfd55b0bcaa
2026-01-14,bkk,business_date=2026-01-14/sales_bkk_20260114.csv.gz,2940,2026-01-14 00:00:29,2026-01-14 23:57:57,30916,5fd1fb9d4197f5f75aefb647805a22425e4b7c96603a0074de70427e5e7f1880
2026-01-14,central,business_date=2026-01-14/sales_central_20260114.csv.gz,2253,2026-01-14 00:11:23,2026-01-14 23:58:19,23613,0599de04f32bd533938b61da0a0418098a5b1b3c0e2f8ec9eccab5c694cc5f65
2026-01-14,north,business_date=2026-01-14/sales_north_20260114.csv.gz,1778,2026-01-14 00:03:20,2026-01-14 23:59:47,18775,4ce7161ec10afaaaf01c85148ddd5c88a1fa42f17aaf0a99f7827c193a516fc9
2026-01-14,northeast,business_date=2026-01-14/sales_northeast_20260114.csv.gz,1741,2026-01-14 00:05:59,2026-01-14 23:58:35,18357,e277e324e1c63d0641cf89b8999cc624670d15639c5e59a722a7aabdc18094ec
2026-01-14,south,business_date=2026-01-14/sales_south_20260114.csv.gz,1234,2026-01-14 00:00:15,2026-01-14 23:59:41,13219,6c3938fc23a855c65efbc442313a4c8d50ed8965ff21358f4ea3f92eb12f6615
2026-01-15,bkk,business_date=2026-01-15/sales_bkk_20260115.csv.gz,2971,2026-01-15 00:01:43,2026-01-15 23:58:31,31100,ca4ca0e76e34190322e2f8c01f11224610ee744f42cedbf75bb8d72c4c0d52d3
2026-01-15,central,business_date=2026-01-15/sales_central_20260115.csv.gz,2222,2026-01-15 00:01:10,2026-01-15 23:59:48,23353,aa101f01a72054355abf86bdbaa3d382fd6ebfbef08befa9f3187173cde12566
2026-01-15,north,business_date=2026-01-15/sales_north_20260115.csv.gz,1891,2026-01-15 00:00:42,2026-01-15 23:59:42,19974,1255a71795268655e98378265d6c7aba1f02cd95cbc4215f2c47887d71ae7088
2026-01-15,northeast,business_date=2026-01-15/sales_northeast_20260115.csv.gz,1846,2026-01-15 00:11:48,2026-01-15 23:59:10,19430,c482597850c51d3b623f601da0ea83fa0cd99fa987f2a8195b50658e76df8d32
2026-01-15,south,business_date=2026-01-15/sales_south_20260115.csv.gz,1294,2026-01-15 00:07:11,2026-01-15 23:56:35,13860,ee4dc43ff8d8133318b2cdd91944523cd7546df82142402cf92f8cd4c5b04ea4
2026-01-16,bkk,business_date=2026-01-16/sales_bkk_20260116.csv.gz,3035,2026-01-16 00:07:43,2026-01-16 23:59:59,31838,af15d2a988188d89e390e18b9d55b691efa399631f1914f05258c062a39aabc4
2026-01-16,central,business_date=2026-01-16/sales_central_20260116.csv.gz,2259,2026-01-16 00:00:13,2026-01-16 23:59:16,23704,c72a2f884b1704985213a83d53d6fd7cb0361d086b86279e9383c53c7e2e1cb8
2026-01-16,north,business_date=2026-01-16/sales_north_20260116.csv.gz,1730,2026-01-16 00:00:11,2026-01-16 23:54:37,18354,12929f9fdd8522c4771a0aa4b3b3a9063d278dda5d83da90787ee7f1fbac9505
2026-01-16,northeast,business_date=2026-01-16/sales_northeast_20260116.csv.gz,1728,2026-01-16 00:00:14,2026-01-16 23:59:11,18244,75af3c1a7666b28df7dc34ee8ac52c22343402a93473040dc0d6b388d1cf6e5c
2026-01-16,south,business_date=2026-01-16/sales_south_20260116.csv.gz,1225,2026-01-16 00:07:26,2026-01-16 23:53:51,13160,aee0031e5c76982137418bb318ccf4b76342ad79c366db0e72be14efa1c7887e
2026-01-17,bkk,business_date=2026-01-17/sales_bkk_20260117.csv.gz,3391,2026-01-17 00:02:44,2026-01-17 23:58:41,35520,a5d26377f693f6169da44383eacac6061b1f6e457ecff1b062a234bac6af2630
2026-01-17,central,business_date=2026-01-17/sales_central_20260117.csv.gz,2745,2026-01-17 00:02:21,2026-01-17 23:59:41,28721,94ac3ed57bf9c941fa81e01e8e31a10f4caad60423d891e30ce55ff075bb870e
2026-01-17,north,business_date=2026-01-17/sales_north_20260117.csv.gz,2151,2026-01-17 00:00:03,2026-01-17 23:58:02,22572,7a37f1be5aacde9278fa0db6b556df8f8f094c523c62e7698b9c6d0fd1957ec2
2026-01-17,northeast,business_date=2026-01-17/sales_northeast_20260117.csv.gz,2082,2026-01-17 00:01:12,2026-01-17 23:59:46,21798,f8fbddec2b6af41f30ca06334d2621a70ac76ffe51fa6768075aea57bf976471
2026-01-17,south,business_date=2026-01-17/sales_south_20260117.csv.gz,1549,2026-01-17 00:11:40,2026-01-17 23:51:43,16512,e7dc38d451abba075c3a82d43f1488851e8f218d525b9e09e15d3ded7d10dfab
2026-01-18,bkk,business_date=2026-01-18/sales_bkk_20260118.csv.gz,3668,2026-01-18 00:04:41,2026-01-18 23:59:52,38398,87878d888994658113933f9f9197de2c5c96703eb4fdb25fccc7e42b10d93466
2026-01-18,central,business_date=2026-01-18/sales_central_20260118.csv.gz,2635,2026-01-18 00:01:15,2026-01-18 23:59:04,27478,5b63ed487921011ed14e87229059be4fca8df4b1ca04cd6662eae81d62f2172d
2026-01-18,north,business_date=2026-01-18/sales_north_20260118.csv.gz,1966,2026-01-18 00:02:43,2026-01-18 23:59:31,20733,a5e40ef54a275269b1d91f9df8fb263c049d283233758203ed00ef4be5a608bd
2026-01-18,northeast,business_date=2026-01-18/sales_northeast_20260118.csv.gz,2080,2026-01-18 00:04:08,2026-01-18 23:58:53,21857,53585d8350d57f4b572e208a966373f3131cdaec662e1fc19150fc17f0131fb3
2026-01-18,south,business_date=2026-01-18/sales_south_20260118.csv.gz,1460,2026-01-18 00:03:50,2026-01-18 23:58:13,15566,ae01b8022c2d46099bf07f2c6a0d811ef36c22e0e7abcad560d0071d0b592a72
2026-01-19,bkk,business_date=2026-01-19/sales_bkk_20260119.csv.gz,2912,2026-01-19 00:02:42,2026-01-19 23:59:30,30476,6543567b5bc9d0850d9f73a9224f0df3688b4e73a05013a760468450f0593118
2026-01-19,central,business_date=2026-01-19/sales_central_20260119.csv.gz,2341,2026-01-19 00:01:39,2026-01-19 23:59:16,24641,5e074982c8ff3888d902bdf3d6cf19441d041913ee2926eb4931960217ad7f43
2026-01-19,north,business_date=2026-01-19/sales_north_20260119.csv.gz,1688,2026-01-19 00:01:30,2026-01-19 23:57:19,17893,340e30941d49fdbcc9fb0d8003dba3858564393b512d7c1e610eb38be25298b5
2026-01-19,northeast,business_date=2026-01-19/sales_northeast_20260119.csv.gz,1854,2026-01-19 00:00:46,2026-01-19 23:57:32,19541,e791ec7f29b99ebcf0756b0a2b7a2a6c3f47066c548d4a9a38460ab95b9e173d
2026-01-19,south,business_date=2026-01-19/sales_south_20260119.csv.gz,1292,2026-01-19 00:16:28,2026-01-19 23:45:26,13833,68f92c6160fdc28669491e72fd40680705853a94f153822987148fb655db4b76
2026-01-20,bkk,business_date=2026-01-20/sales_bkk_20260120.csv.gz,2912,2026-01-20 00:01:44,2026-01-20 23:59:11,30484,f59e09df0eef5985d00d12a79fa3098da2e2706f42ebc9bdf40a8e266c68fbf6
2026-01-20,central,business_date=2026-01-20/sales_central_20260120.csv.gz,2336,2026-01-20 00:00:07,2026-01-20 23:59:59,24486,986f033e707942895e7c85a76aea9d9941a4108cd405e31bb8e1e3cd0f467d1a
2026-01-20,north,business_date=2026-01-20/sales_north_20260120.csv.gz,1789,2026-01-20 00:14:45,2026-01-20 23:58:06,18866,f4b42b7497f978b7190fcc3b38f7ac6153a1f68a11fc98e58fe5989441794df4
2026-01-20,northeast,business_date=2026-01-20/sales_northeast_20260120.csv.gz,1877,2026-01-20 00:05:16,2026-01-20 23:59:03,19717,ed562feb75a2dbe39cd0204c37dc5e24f24758117fef87df7ba8953e8036ed6e
2026-01-20,south,business_date=2026-01-20/sales_south_20260120.csv.gz,1201,2026-01-20 00:04:48,2026-01-20 23:58:20,12911,2d06055966f6be84aba456e34d67c03490500e60a0728352396f108ad8b4467a
2026-01-21,bkk,business_date=2026-01-21/sales_bkk_20260121.csv.gz,2889,2026-01-21 00:02:06,2026-01-21 23:57:54,30219,e30a3480b4822ff3b4ee86c17a4aecc64acf3839ab69603422b536b16dfc0eca
2026-01-21,central,business_date=2026-01-21/sales_central_20260121.csv.gz,2325,2026-01-21 00:02:30,2026-01-21 23:55:33,24405,2c1f68cd93f99c0186f2af8a0c4ef34e930f13a35b2567d32e6b1aa0fa25bd6e
2026-01-21,north,business_date=2026-01-21/sales_north_20260121.csv.gz,1776,2026-01-21 00:07:35,2026-01-21 23:58:45,18856,1feb1ea319e69bac624e8b03a401aeced6b8bab97dd4531b5176a04f1f55bbc8
2026-01-21,northeast,business_date=2026-01-21/sales_northeast_20260121.csv.gz,1896,2026-01-21 00:00:05,2026-01-21 23:58:19,19987,e921f2c698398af48ad91f78314e9662ba9533f8b047725db706ed43979c950a
2026-01-21,south,business_date=2026-01-21/sales_south_20260121.csv.gz,1308,2026-01-21 00:08:17,2026-01-21 23:59:21,14008,0ac2704e9ad43380839a5a53779b66811b507895571a347ec14ffd3b0ae5ec65
2026-01-22,bkk,business_date=2026-01-22/sales_bkk_20260122.csv.gz,3062,2026-01-22 00:06:10,2026-01-22 23:59:54,32071,0be77bc58add340554db0a94e08a8ee3433f12f1b77c5ea8339bed91667bc049
2026-01-22,central,business_date=2026-01-22/sales_central_20260122.csv.gz,2176,2026-01-22 00:00:00,2026-01-22 23:53:35,22925,b0b6d9bfaa6d51efe2b6744ee0ae8e19f99a9c8d8c80edda301866d880e125fc
2026-01-22,north,business_date=2026-01-22/sales_north_20260122.csv.gz,1734,2026-01-22 00:03:22,2026-01-22 23:58:25,18374,3208624f08f3f49b7de6824b24894fcc0115c5a015e7a427932b6bbb7d02cc98
2026-01-22,northeast,business_date=2026-01-22/sales_northeast_20260122.csv.gz,1711,2026-01-22 00:00:29,2026-01-22 23:59:25,18036,3fb4c20810a5af18d588aa083c6f33f0c5c2a4affad61cbb96d9fa25d5e01b9e
2026-01-22,south,business_date=2026-01-22/sales_south_20260122.csv.gz,1330,2026-01-22 00:14:49,2026-01-22 23:58:34,14228,71e0a30d8173398d78cfc1f6ed6ec23c5ac9e7da8275550e501779b40bee2e18
2026-01-23,bkk,business_date=2026-01-23/sales_bkk_20260123.csv.gz,3176,2026-01-23 00:00:21,2026-01-23 23:59:39,33314,eceb88ba108dfb95e4afd842cfd34eaa0ca6cff3e16419abb3e6d770521f2ff0
2026-01-23,central,business_date=2026-01-23/sales_central_20260123.csv.gz,2150,2026-01-23 00:01:45,2026-01-23 23:59:07,22648,937c9dd5fd741ea5ab72c4fe532a98df8ce22c5da5ad53473795d25e23109d0d
2026-01-23,north,business_date=2026-01-23/sales_north_20260123.csv.gz,1900,2026-01-23 00:00:38,2026-01-23 23:59:23,20014,6fa771109c0a61282dcf3751087957daaf2327f985e04e9bb26533734b289fcd
2026-01-23,northeast,business_date=2026-01-23/sales_northeast_20260123.csv.gz,1809,2026-01-23 00:01:36,2026-01-23 23:58:20,19098,f663d8dc0ae7638f5e20092b1bf386097c77f44fddd55ff572adb11d06340604
2026-01-23,south,business_date=2026-01-23/sales_south_20260123.csv.gz,1238,2026-01-23 00:14:31,2026-01-23 23:41:32,13283,30989f593fb708c39ca1c33b20c232a1cb5db87d1ad496a814b49ff3e2d723c9
2026-01-24,bkk,business_date=2026-01-24/sales_bkk_20260124.csv.gz,3348,2026-01-24 00:03:00,2026-01-24 23:59:37,35101,ac3d7eb7f2403bdda1fd81cf9d9181b8b0db38e2169772d9d582b1dfb036600e
2026-01-24,central,business_date=2026-01-24/sales_central_20260124.csv.gz,2546,2026-01-24 00:02:21,2026-01-24 23:59:58,26618,30412867a6cdfbb583d5b56740888cda4460dd96b7517f855e1d60a6bbb645cb
2026-01-24,north,business_date=2026-01-24/sales_north_20260124.csv.gz,2176,2026-01-24 00:02:23,2026-01-24 23:58:42,22923,475eb164a122d28d42d2e8933623a0b5f30939fdce8be5cbcc4323f8d7b6513c
2026-01-24,northeast,business_date=2026-01-24/sales_northeast_20260124.csv.gz,2067,2026-01-24 00:00:35,2026-01-24 23:59:30,21669,d87a55f3bbf339052f964031ccbd13f83f7b54fdd2c7f9b36c1dd43723ae3191
2026-01-24,south,business_date=2026-01-24/sales_south_20260124.csv.gz,1406,2026-01-24 00:10:12,2026-01-24 23:59:36,15000,b8fe6dc8ca9d1923f68d989af1ba773c3232c7087d1188a9269315500a95b3c0
2026-01-25,bkk,business_date=2026-01-25/sales_bkk_20260125.csv.gz,3342,2026-01-25 00:01:45,2026-01-25 23:59:44,35101,aa0bf501d121423c499cbf178d50b374dba1f3d8b268f7d2f568f5808fb00300
2026-01-25,central,business_date=2026-01-25/sales_central_20260125.csv.gz,2571,2026-01-25 00:01:11,2026-01-25 23:59:13,26937,f0e937f9d1754cb941eff35406921f7f6ba2b69bb26d374ba8a9e8f4c0e7bd57
2026-01-25,north,business_date=2026-01-25/sales_north_20260125.csv.gz,2184,2026-01-25 00:00:11,2026-01-25 23:59:35,22955,9d1376ad980788cee60a7a1bf628ab42577524b6be15117a993853d4b63f5ace
2026-01-25,northeast,business_date=2026-01-25/sales_northeast_20260125.csv.gz,2075,2026-01-25 00:09:00,2026-01-25 23:58:42,21824,933fcf0712a81cf9d00907849ea7ae8344464b997575402dc23345abd447bcb5
2026-01-25,south,business_date=2026-01-25/sales_south_20260125.csv.gz,1408,2026-01-25 00:04:30,2026-01-25 23:52:57,15013,1e0215d56d7e7f31298b67125b454f119d751d336479f6934da22bf95475ba87
2026-01-26,bkk,business_date=2026-01-26/sales_bkk_20260126.csv.gz,2998,2026-01-26 00:00:41,2026-01-26 23:59:28,31439,6d07b1f90a3ed837939b28fff1b2282b6b358073ceaea295a2f1363ea756dd7c
2026-01-26,central,business_date=2026-01-26/sales_central_20260126.csv.gz,2137,2026-01-26 00:05:22,2026-01-26 23:58:34,22527,f725fb824eb10006faaa09f80bda1b2fc19c01a80c3778af0cb06318a2ad0e2f
2026-01-26,north,business_date=2026-01-26/sales_north_20260126.csv.gz,1728,2026-01-26 00:09:33,2026-01-26 23:59:33,18328,4a6bad9a938b6c8c01e14d5e9fd7dd514a33a36b5c0a8eeffda9eb15e2d59bd8
2026-01-26,northeast,business_date=2026-01-26/sales_northeast_20260126.csv.gz,1886,2026-01-26 00:02:47,2026-01-26 23:56:54,19837,86feaccd20f4a5d7fb93821e5f1146364a7a4a8f20d041f7003c2e0482a5d382
2026-01-26,south,business_date=2026-01-26/sales_south_20260126.csv.gz,1337,2026-01-26 00:04:29,2026-01-26 23:58:55,14315,3b2e3af94d279f633c76f52931727b19279ae2f2a540ce67f25fd002e63fa4e3
2026-01-27,bkk,business_date=2026-01-27/sales_bkk_20260127.csv.gz,2928,2026-01-27 00:00:09,2026-01-27 23:59:27,30763,2b58005d62bf0209a39a10f1465ae34542f31e1a26d978ddc1e0b3d5f2b34516
2026-01-27,central,business_date=2026-01-27/sales_central_20260127.csv.gz,2138,2026-01-27 00:03:54,2026-01-27 23:56:07,22438,137ff67f9db4e24fe9af65e55178816aae6d54d07971e2bb7f239841fdcef736
2026-01-27,north,business_date=2026-01-27/sales_north_20260127.csv.gz,1743,2026-01-27 00:01:39,2026-01-27 23:58:28,18477,2c8d7c769e26144d82ce5db135f51681bdc28d4ede03d1fb3ec6dce6fdefc93b
2026-01-27,northeast,business_date=2026-01-27/sales_northeast_20260127.csv.gz,1903,2026-01-27 00:00:50,2026-01-27 23:59:36,20138,a2ca84475f2e6e55b22c42a2e0f3318125d2601b8ca02a6f2e4e229334d4c3f1
2026-01-27,south,business_date=2026-01-27/sales_south_20260127.csv.gz,1227,2026-01-27 00:07:12,2026-01-27 23:57:38,13187,c845a993aee0571404544a27dcd209af917f22de164baac0b8f4f17c195afb71
2026-01-28,bkk,business_date=2026-01-28/sales_bkk_20260128.csv.gz,3234,2026-01-28 00:00:43,2026-01-28 23:59:32,33985,d4462eb1198dfb00d4bff5c2683c8372f5dc3093e89351fc22a4df3531dd6ca8
2026-01-28,central,business_date=2026-01-28/sales_central_20260128.csv.gz,2203,2026-01-28 00:06:24,2026-01-28 23:58:37,23158,4f89562ce89c4c2da356df4492107395950cf11ac7dc67b52c5c8f47338ef384
2026-01-28,north,business_date=2026-01-28/sales_north_20260128.csv.gz,1719,2026-01-28 00:03:14,2026-01-28 23:59:43,18242,d94354216bf65cc545b4a976123c3b6f0bd0bdc61a1824ffc3ae1432d1f436aa
2026-01-28,northeast,business_date=2026-01-28/sales_northeast_20260128.csv.gz,1831,2026-01-28 00:00:06,2026-01-28 23:57:47,19307,373afef51412b56b936cbdbf8e8a6f2510475d8a15db58b536a42d1c48390d7c
2026-01-28,south,business_date=2026-01-28/sales_south_20260128.csv.gz,1240,2026-01-28 00:04:10,2026-01-28 23:57:02,13278,1c6bb0d21807f8a342fdc7fdecf15d3c12b27786870d35212a35c820f759c3b0
2026-01-29,bkk,business_date=2026-01-29/sales_bkk_20260129.csv.gz,3007,2026-01-29 00:01:23,2026-01-29 23:57:13,31599,29184c38fc3e476cabcfaac8785c2019a5394b785c6dcb95693131f90fe2da5b
2026-01-29,central,business_date=2026-01-29/sales_central_20260129.csv.gz,2181,2026-01-29 00:00:09,2026-01-29 23:59:39,22956,b23dcb69573bfc7586911f1f856b56f5b9b8ad884b9f6f4d8ee82e3571aea2df
2026-01-29,north,business_date=2026-01-29/sales_north_20260129.csv.gz,1772,2026-01-29 00:08:53,2026-01-29 23:56:54,18834,03a425f929bc5029d6b019235e600f276d692946916da5e45091cec7007f25a8
2026-01-29,northeast,business_date=2026-01-29/sales_northeast_20260129.csv.gz,1817,2026-01-29 00:02:01,2026-01-29 23:57:59,19198,2801304f3ea641c8b2d89e4223b6e20bd51623d8ccc05c344ca2cc5f5c0ac157
2026-01-29,south,business_date=2026-01-29/sales_south_20260129.csv.gz,1233,2026-01-29 00:03:56,2026-01-29 23:46:35,13275,f87ff98fa5ede7c3e8371a711fb3d3a2bb6289ca68f9b343e6f3276a1bc75226
2026-01-30,bkk,business_date=2026-01-30/sales_bkk_20260130.csv.gz,3212,2026-01-30 00:02:33,2026-01-30 23:59:32,33651,1486ff3f5003e05c6a4e313e906713f7d34139f91eece88b37afa5d02259b7da
2026-01-30,central,business_date=2026-01-30/sales_central_20260130.csv.gz,2309,2026-01-30 00:06:39,2026-01-30 23:59:51,24296,07608e418e334f849cc104d1445043ad28363044362a961aad0de68360fddae9
2026-01-30,north,business_date=2026-01-30/sales_north_20260130.csv.gz,1743,2026-01-30 00:02:19,2026-01-30 23:58:43,18488,f491dc90d6e33b550efb4b89a4e7fefbf4d8ba0ed8dc235ccb43da2d96b4f64c
2026-01-30,northeast,business_date=2026-01-30/sales_northeast_20260130.csv.gz,1813,2026-01-30 00:06:14,2026-01-30 23:59:53,19085,09c1854a36672443c3c1f0d53e3e847820088515d95ad14fd4246ad61bf4d469
2026-01-30,south,business_date=2026-01-30/sales_south_20260130.csv.gz,1290,2026-01-30 00:00:17,2026-01-30 23:59:42,13833,3282f2b30b037f6424f0132a8fe0bf7dc31bd30055b5111c54ed9a243fa83907
2026-01-31,bkk,business_date=2026-01-31/sales_bkk_20260131.csv.gz,3505,2026-01-31 00:01:56,2026-01-31 23:58:48,36739,202d29b4a1e813265bb9aabf8cc65799dd3fe52a8c3609d214f09e2d546f72f3
2026-01-31,central,business_date=2026-01-31/sales_central_20260131.csv.gz,2589,2026-01-31 00:02:29,2026-01-31 23:59:50,27120,cf3b766dd91ce22282ffaec296c00d7729080a668efc5bc19e247281e394da23
2026-01-31,north,business_date=2026-01-31/sales_north_20260131.csv.gz,2183,2026-01-31 00:00:51,2026-01-31 23:58:25,22962,20f6531b8995eb79572a22c91117f6fe1a696dc5e4b5c671756151e6f3cfb3c4
2026-01-31,northeast,business_date=2026-01-31/sales_northeast_20260131.csv.gz,2050,2026-01-31 00:01:15,2026-01-31 23:58:42,21494,8b1d049d8920e3baf8ac20f4796256bf1b85a4b3cda23c43f6fb8a3422e9ea23
2026-01-31,south,business_date=2026-01-31/sales_south_20260131.csv.gz,1563,2026-01-31 00:00:51,2026-01-31 23:58:35,16660,58758d10c0fba5101d02c966ecc02e39a358cd2633db92051ef8ac0a9d83522d
2026-02-01,bkk,business_date=2026-02-01/sales_bkk_20260201.csv.gz,3278,2026-02-01 00:01:56,2026-02-01 23:58:46,34426,659a34d7cd9e67cdc0d9a36d2d48372c6d40f4680db659d8e5504d3bf9d8129d
2026-02-01,central,business_date=2026-02-01/sales_central_20260201.csv.gz,2579,2026-02-01 00:01:01,2026-02-01 23:58:47,27052,dff6dfa4c5236ed5ed288cafdc9a6278d5fa7d507c22bf79308985306502a5da
2026-02-01,north,business_date=2026-02-01/sales_north_20260201.csv.gz,2111,2026-02-01 00:01:13,2026-02-01 23:55:56,22206,6baf394e4a2093159eb1c9c58e1ffed9ee5593ebf5722b41a27bdf954c25bd2c
2026-02-01,northeast,business_date=2026-02-01/sales_northeast_20260201.csv.gz,2050,2026-02-01 00:03:01,2026-02-01 23:58:32,21573,210bd65266e0a9ca1bc81643cba8c5b5f99544fcadd0ece287394390a4aae075
2026-02-01,south,business_date=2026-02-01/sales_south_20260201.csv.gz,1399,2026-02-01 00:03:59,2026-02-01 23:58:47,14988,1c14eececb7e14b8e6842919afd162d1f3c0bdc529c59412d29cfdfccadcf706
2026-02-02,bkk,business_date=2026-02-02/sales_bkk_20260202.csv.gz,2919,2026-02-02 00:04:07,2026-02-02 23:59:56,30626,333df5a2c1434f71c7aadcc6b9821507b1a99b32750f52cfa3c2fa29ac6ee7fa
2026-02-02,central,business_date=2026-02-02/sales_central_20260202.csv.gz,2312,2026-02-02 00:07:20,2026-02-02 23:59:33,24254,a57d81597e2c9f1e95876edb1cdd26e3d230cda349b00e9366641a7b0d8b16a2
2026-02-02,north,business_date=2026-02-02/sales_north_20260202.csv.gz,1758,2026-02-02 00:19:30,2026-02-02 23:59:38,18567,c3c63569c5ced54d3a12b5c6a1476ac8a8aaa25b304fa673745844c7211d5253
2026-02-02,northeast,business_date=2026-02-02/sales_northeast_20260202.csv.gz,1812,2026-02-02 00:01:41,2026-02-02 23:54:10,19055,44ac6fc0d68d3e103e640c11de1c908dd54cd53a66ad3b98e2dd5ff16d5e59bd
2026-02-02,south,business_date=2026-02-02/sales_south_20260202.csv.gz,1319,2026-02-02 00:13:48,2026-02-02 23:56:21,14110,cae8c32e4eba6433cacfc3b78ffff937bdf4734ca6cd9e10d1634159628485f4
2026-02-03,bkk,business_date=2026-02-03/sales_bkk_20260203.csv.gz,3096,2026-02-03 00:08:07,2026-02-03 23:58:47,32494,1556e13ba7d868738142a447aa9274b68d5dfc5296a70f6c65fe7e1de5ad702e
2026-02-03,central,business_date=2026-02-03/sales_central_20260203.csv.gz,2137,2026-02-03 00:03:40,2026-02-03 23:59:14,22412,fa2161cf93688b81a9f77811a470c388a3e23d3ac7ad26178b94faa81f9a7481
2026-02-03,north,business_date=2026-02-03/sales_north_20260203.csv.gz,1804,2026-02-03 00:06:16,2026-02-03 23:48:42,19020,c0974e64fac9998d4f02c4320f5ec9492a36e7c05ea1eb1b16748756147f4134
2026-02-03,northeast,business_date=2026-02-03/sales_northeast_20260203.csv.gz,1818,2026-02-03 00:01:52,2026-02-03 23:59:10,19167,e3101805f4b741bd795ad65bea85f61c5d124367e39485a8591874b58f3d1803
2026-02-03,south,business_date=2026-02-03/sales_south_20260203.csv.gz,1308,2026-02-03 00:03:33,2026-02-03 23:59:12,13980,5233926d35d295402816523fb6e9e5034018ff02947fa50a13137d8dcb143c34
2026-02-04,bkk,business_date=2026-02-04/sales_bkk_20260204.csv.gz,3041,2026-02-04 00:02:33,2026-02-04 23:57:07,31924,b6b3c569a4ef0516e3c0874d0d089874ff21378aa613904b0bf718ebe0050dc0
2026-02-04,central,business_date=2026-02-04/sales_central_20260204.csv.gz,2158,2026-02-04 00:07:49,2026-02-04 23:55:23,22773,08ad55f2cfe9ba2d918c20413e87071e5114fa084dee22d0d5c25fe6f5b65dba
2026-02-04,north,business_date=2026-02-04/sales_north_20260204.csv.gz,1700,2026-02-04 00:03:02,2026-02-04 23:56:01,17964,9dfce979ac91de0521d8ac5ba661aafa9adcaf4d6fd2273050ad5205aba50cda
2026-02-04,northeast,business_date=2026-02-04/sales_northeast_20260204.csv.gz,1692,2026-02-04 00:02:04,2026-02-04 23:58:29,17862,03a248b38e881434895e0a6f1f1f551db104d8cdb0fd04df152426186ca0c4bc
2026-02-04,south,business_date=2026-02-04/sales_south_20260204.csv.gz,1242,2026-02-04 00:07:59,2026-02-04 23:59:55,13361,a5f9bedc4ee67646c716b6d069c230f2eafc5487f6e1d3965368a67ba392e62d
2026-02-05,bkk,business_date=2026-02-05/sales_bkk_20260205.csv.gz,3054,2026-02-05 00:02:44,2026-02-05 23:54:53,32009,15bbb440e1a1d63aa74ae78c5ec97b3182d34b3e5dc98ebd01cf4169a25c89a7
2026-02-05,central,business_date=2026-02-05/sales_central_20260205.csv.gz,2303,2026-02-05 00:00:32,2026-02-05 23:57:52,24140,cf56e0a7c3097fe9676becb66881f9caf82a0b6e89638c649f5b8fe1070a7070
2026-02-05,north,business_date=2026-02-05/sales_north_20260205.csv.gz,1683,2026-02-05 00:04:47,2026-02-05 23:49:40,17752,7d13feb753499a4b2889dcfe1c760144c4ca65aa2616790fab24b14d490ec502
2026-02-05,northeast,business_date=2026-02-05/sales_northeast_20260205.csv.gz,1810,2026-02-05 00:04:23,2026-02-05 23:54:10,19042,8eaeaefab4fe0692c8ebfe8b9a47b8cc38b7603b9b0b47bc3e720f4b5e35ae84
2026-02-05,south,business_date=2026-02-05/sales_south_20260205.csv.gz,1320,2026-02-05 00:13:56,2026-02-05 23:53:29,14147,c1134ec9bb2313e0d06ca09e9da97f2686f3c4c71910bc1859d1d581722e6cf0
2026-02-06,bkk,business_date=2026-02-06/sales_bkk_20260206.csv.gz,2812,2026-02-06 00:00:52,2026-02-06 23:59:58,29597,1ee075d4815ae1852ab781b8a01d80e2f39bd3f3b9b7257782eff6d1d8cf2a8a
2026-02-06,central,business_date=2026-02-06/sales_central_20260206.csv.gz,2141,2026-02-06 00:02:18,2026-02-06 23:57:21,22536,1ffee80e22d86744f012d79955ef9c9840e9cabf0bad540ea2e5b482f4165f59
2026-02-06,north,business_date=2026-02-06/sales_north_20260206.csv.gz,1675,2026-02-06 00:13:41,2026-02-06 23:58:21,17779,4cac091ba8e295ae6170b4a1aab1a14044fdf11c035d758ca73f016531463a57
2026-02-06,northeast,business_date=2026-02-06/sales_northeast_20260206.csv.gz,1719,2026-02-06 00:10:51,2026-02-06 23:58:19,18223,85686173597694e993d35bdf78d61878d9ca4ad390f681238d0866a3af7fbc4c
2026-02-06,south,business_date=2026-02-06/sales_south_20260206.csv.gz,1339,2026-02-06 00:10:30,2026-02-06 23:51:49,14299,eef7d83b5dcde749bf253c0cc30dab0f63eda42f0e46581ed71f161645caa6c2
2026-02-07,bkk,business_date=2026-02-07/sales_bkk_20260207.csv.gz,3537,2026-02-07 00:02:43,2026-02-07 23:59:29,37002,1bb8935327d09cd583c3e6a21bc31a1dd89cb3baf23bd0389a31b9eef04213a7
2026-02-07,central,business_date=2026-02-07/sales_central_20260207.csv.gz,2487,2026-02-07 00:00:57,2026-02-07 23:58:55,26136,449295518ba447b03c71e980f04aeb2f5cd64f62a9ee8a7a05cddbdf4ef81bfe
2026-02-07,north,business_date=2026-02-07/sales_north_20260207.csv.gz,2002,2026-02-07 00:03:28,2026-02-07 23:56:11,21129,7d5cda79756965f29ccb2215828a0e091428130b81cb30660b639764a365ffc8
2026-02-07,northeast,business_date=2026-02-07/sales_northeast_20260207.csv.gz,1970,2026-02-07 00:04:37,2026-02-07 23:57:54,20731,84cafa3ab880b9d985a536b2ed5e2b3aa88d1886125a4d13dc8f723740cf3ce3
2026-02-07,south,business_date=2026-02-07/sales_south_20260207.csv.gz,1424,2026-02-07 00:02:39,2026-02-07 23:51:56,15252,cc98cd21c6e6dcce4add8472e97680823b0fc5e0376b5a1736add7962badfbee
2026-02-08,bkk,business_date=2026-02-08/sales_bkk_20260208.csv.gz,3401,2026-02-08 00:03:57,2026-02-08 23:59:06,35593,bef6e752211e8110b72a07b7fe6ebfe73caab42b2678b314df0f71105e6f0781
2026-02-08,central,business_date=2026-02-08/sales_central_20260208.csv.gz,2536,2026-02-08 00:05:42,2026-02-08 23:53:47,26442,16033570ee7bb7966583aedac9e45202509b60bc97800136ce0ad78bef08aee3
2026-02-08,north,business_date=2026-02-08/sales_north_20260208.csv.gz,2039,2026-02-08 00:02:26,2026-02-08 23:58:54,21386,6c6c71d823d35082485d65343f4c9b8a3382df215953341478dd619d2dce222c
2026-02-08,northeast,business_date=2026-02-08/sales_northeast_20260208.csv.gz,2003,2026-02-08 00:00:07,2026-02-08 23:59:14,21004,1ac1e0ad3ff58700eecf0191be6372f10ea1d9238e2e5c5304b5d6cc4567570f
2026-02-08,south,business_date=2026-02-08/sales_south_20260208.csv.gz,1401,2026-02-08 00:04:21,2026-02-08 23:55:32,14981,01348c1062116659c39dc3a8f1623a4fb4e11c9cecb4415d346f9d000b463f4f
2026-02-09,bkk,business_date=2026-02-09/sales_bkk_20260209.csv.gz,3054,2026-02-09 00:00:24,2026-02-09 23:58:29,32005,89dd724e3a91d112bd089df36a4139e738c91a59d438f50d64222f0c0952193a
2026-02-09,central,business_date=2026-02-09/sales_central_20260209.csv.gz,2258,2026-02-09 00:06:10,2026-02-09 23:50:25,23705,c8101de917e7bef94cbb8c698332bcaa7a6e2b666dbb2b8866b6b6ff3195e29f
2026-02-09,north,business_date=2026-02-09/sales_north_20260209.csv.gz,1709,2026-02-09 00:11:01,2026-02-09 23:58:54,18069,9f20203a74ef6803bbab24e85ebf1d116d78e4ffa7ef90dab91ca1254510a8bd
2026-02-09,northeast,business_date=2026-02-09/sales_northeast_20260209.csv.gz,1776,2026-02-09 00:10:17,2026-02-09 23:58:38,18718,fbc4e50add93b6fd1a6dd852ec1e3bbed64e7687b6f9fa3b36bd8feb878d7e6c
2026-02-09,south,business_date=2026-02-09/sales_south_20260209.csv.gz,1234,2026-02-09 00:03:00,2026-02-09 23:48:49,13230,c46a96fed0e1dc39de3bc6d642c36f8b48c1543346850621684889507be65220
2026-02-10,bkk,business_date=2026-02-10/sales_bkk_20260210.csv.gz,3073,2026-02-10 00:02:05,2026-02-10 23:56:16,32085,4852397615e59fc43eb8f131eddf1dcf2a8a26ad1a8689e1185c966e53bb0c66
2026-02-10,central,business_date=2026-02-10/sales_central_20260210.csv.gz,2167,2026-02-10 00:03:06,2026-02-10 23:59:07,22802,4eb87d37e3fdef34686a3f46e3d792401f6867362173ce051de1f1dd73ee28df
2026-02-10,north,business_date=2026-02-10/sales_north_20260210.csv.gz,1713,2026-02-10 00:06:18,2026-02-10 23:57:10,18181,ee822f30407192f7b0d2d75dbc4b09274c60ca031bdd09687014f177a5163344
2026-02-10,northeast,business_date=2026-02-10/sales_northeast_20260210.csv.gz,1615,2026-02-10 00:06:23,2026-02-10 23:59:40,17039,01582b1702b61843b8d111057b1ae62a7c9725f75bd6892ba2880af1770ce98d
2026-02-10,south,business_date=2026-02-10/sales_south_20260210.csv.gz,1301,2026-02-10 00:00:19,2026-02-10 23:56:06,13936,25c397c488c4ee5b6fd0f2dcc5a61a651ec1b2c7517a0fc1ae1c482ae53e7fc4
2026-02-11,bkk,business_date=2026-02-11/sales_bkk_20260211.csv.gz,3065,2026-02-11 00:00:58,2026-02-11 23:58:26,32159,bd8e4653775fc584dfae1718ccb6be3e2bb524cc46fe480b3328785fdbf08f49
2026-02-11,central,business_date=2026-02-11/sales_central_20260211.csv.gz,2210,2026-02-11 00:02:40,2026-02-11 23:56:26,23189,7ff516b42d5375f3d8c34d4085966b6260fa416d4be5c4e61afc2f75aad9571c
2026-02-11,north,business_date=2026-02-11/sales_north_20260211.csv.gz,1716,2026-02-11 00:04:25,2026-02-11 23:57:42,18167,5c15184808e926abe57053d21cd76757dba825d68095439145781a0db1d0a18d
2026-02-11,northeast,business_date=2026-02-11/sales_northeast_20260211.csv.gz,1788,2026-02-11 00:03:36,2026-02-11 23:59:59,18895,23ef2a5a9a654c3d9bf5492c3a5ea3f25dd668e7384b7a227241924c71810240
2026-02-11,south,business_date=2026-02-11/sales_south_20260211.csv.gz,1287,2026-02-11 00:04:12,2026-02-11 23:56:49,13817,7f559878989b8fb280e8eff0052f94e63f30abaf265a8c041288d25ea3de6ea7
2026-02-12,bkk,business_date=2026-02-12/sales_bkk_20260212.csv.gz,3008,2026-02-12 00:00:47,2026-02-12 23:58:33,31495,b36f6c306681998db8526e479d618817df0b035402b45963a51450402f2c117f
2026-02-12,central,business_date=2026-02-12/sales_central_20260212.csv.gz,2134,2026-02-12 00:04:32,2026-02-12 23:58:45,22462,51dbc148fba9c39f353e519e4f578259f0d6b91468d98afb883d083a4a4f4d95
2026-02-12,north,business_date=2026-02-12/sales_north_20260212.csv.gz,1814,2026-02-12 00:05:16,2026-02-12 23:59:49,19114,63e11167d7631868123cb000a3861c241a651f8a4bfe793308fc9e68f6823738
2026-02-12,northeast,business_date=2026-02-12/sales_northeast_20260212.csv.gz,1726,2026-02-12 00:03:08,2026-02-12 23:59:31,18238,709458a27469499dbbb61c698df6474dddf1f3545128f37df108ce2f70a61da6
2026-02-12,south,business_date=2026-02-12/sales_south_20260212.csv.gz,1255,2026-02-12 00:06:29,2026-02-12 23:57:56,13383,d48e2d9d29b55e149e4c6e94f7a69fce2f19e15e9aa5148f77662707e2edffd0
2026-02-13,bkk,business_date=2026-02-13/sales_bkk_20260213.csv.gz,2906,2026-02-13 00:00:14,2026-02-13 23:57:56,30470,11096c3c4ed45a4511e8933c887e0bad638a3c2645062d605de47483f8f83ffc
2026-02-13,central,business_date=2026-02-13/sales_central_20260213.csv.gz,2149,2026-02-13 00:03:57,2026-02-13 23:58:55,22596,5c442a1092ed099f89072ac1533a426c840b014e7c2f3fdf1b40b19de58183fe
2026-02-13,north,business_date=2026-02-13/sales_north_20260213.csv.gz,1789,2026-02-13 00:05:34,2026-02-13 23:57:01,18935,e5dba3532cb63753fb612caaf72559da73d22709b1128c246d6d92e4c6cec4a5
2026-02-13,northeast,business_date=2026-02-13/sales_northeast_20260213.csv.gz,1800,2026-02-13 00:01:00,2026-02-13 23:53:52,18957,f7721ee353365edccbfb511f77d6a3525c31d9d1dac958c9d10e4f92f5be96dc
2026-02-13,south,business_date=2026-02-13/sales_south_20260213.csv.gz,1334,2026-02-13 00:00:39,2026-02-13 23:59:37,14289,8a756486e774e185f18b9707ae5b35c104555984922efbb63db4a4cb82feb58a
2026-02-14,bkk,business_date=2026-02-14/sales_bkk_20260214.csv.gz,3443,2026-02-14 00:00:26,2026-02-14 23:59:15,35942,db7cd0403c006004ffed4c9b8826719896ae8d400016f3e00d90100479453c6a
2026-02-14,central,business_date=2026-02-14/sales_central_20260214.csv.gz,2467,2026-02-14 00:02:18,2026-02-14 23:56:50,25874,11e614ae7c333a5b8dd8a6ad0de554f8f33d50a2832a8dfcbbe8b4b4dd5fe207
2026-02-14,north,business_date=2026-02-14/sales_north_20260214.csv.gz,1983,2026-02-14 00:04:10,2026-02-14 23:58:51,20861,8ed9d6cbdcfa84f9fa321fe0fa41ada27d7250cb8052ce91cb3c86b062e8b713
2026-02-14,northeast,business_date=2026-02-14/sales_northeast_20260214.csv.gz,1989,2026-02-14 00:01:39,2026-02-14 23:59:43,20893,2c7f48e2d1f773f5bd148536a15f9e3c864091b9845cdcbc49591225d7d09776
2026-02-14,south,business_date=2026-02-14/sales_south_20260214.csv.gz,1407,2026-02-14 00:01:40,2026-02-14 23:55:01,15049,8a19cf4e35d1ad92b07bfde3dd78a3faad7ae0923bf23866dc573601788caa8d
2026-02-15,bkk,business_date=2026-02-15/sales_bkk_20260215.csv.gz,3459,2026-02-15 00:04:15,2026-02-15 23:59:55,36122,179cdcaef287a0b8cbd7a549540295dc3ca7a3526754098c5e86bcf0b1248c41
2026-02-15,central,business_date=2026-02-15/sales_central_20260215.csv.gz,2428,2026-02-15 00:00:07,2026-02-15 23:59:42,25489,85443530e6454e55fe90e475908cd3c8d6ccff14ed3a39b859f3fe7274a4cfab
2026-02-15,north,business_date=2026-02-15/sales_north_20260215.csv.gz,2113,2026-02-15 00:12:44,2026-02-15 23:57:02,22149,096c0133008d52c0d9e7c78c29b92a7fe7c6fdfa0e3b6834edab3791f06138ef
2026-02-15,northeast,business_date=2026-02-15/sales_northeast_20260215.csv.gz,2097,2026-02-15 00:00:53,2026-02-15 23:57:51,22033,db16754359cc0b1a838472f92a171c1de10e6481fe896825d0ecf28b4786f029
2026-02-15,south,business_date=2026-02-15/sales_south_20260215.csv.gz,1436,2026-02-15 00:04:57,2026-02-15 23:56:29,15291,69ea3e7b482e49bdb1d4c37e6f785caf35952d680b979c25d05c426f8d66fd00
2026-02-16,bkk,business_date=2026-02-16/sales_bkk_20260216.csv.gz,3031,2026-02-16 00:00:00,2026-02-16 23:56:49,31766,ca598fe3b508df4da3d4a65973f3d0a3f2981f696250114385115e1eace5c37d
2026-02-16,central,business_date=2026-02-16/sales_central_20260216.csv.gz,2070,2026-02-16 00:11:30,2026-02-16 23:58:52,21767,df28c41bcd2bbdb5ee4aac17b9c7f75fb58110e70749b3c9f5842fb71b4cee84
2026-02-16,north,business_date=2026-02-16/sales_north_20260216.csv.gz,1658,2026-02-16 00:01:37,2026-02-16 23:58:18,17609,dc728b047cdb165bc83b655c6e120e739839a43e5f3294d1e3881bc1791a5ac2
2026-02-16,northeast,business_date=2026-02-16/sales_northeast_20260216.csv.gz,1640,2026-02-16 00:01:48,2026-02-16 23:56:53,17354,2dedf35182b4240ae423963ef7c495d034c1f8e16f11eff0eadf9f59e5567e1e
2026-02-16,south,business_date=2026-02-16/sales_south_20260216.csv.gz,1238,2026-02-16 00:09:23,2026-02-16 23:58:49,13352,ca6048843047b1de016161a81cfef391758826468f98391a54323fb731ff2154
2026-02-17,bkk,business_date=2026-02-17/sales_bkk_20260217.csv.gz,2853,2026-02-17 00:05:12,2026-02-17 23:57:49,29991,c22eea06a742cb0366b3f59760c4be0e04b2f75f40fb542822d81a75e71e25fd
2026-02-17,central,business_date=2026-02-17/sales_central_20260217.csv.gz,2217,2026-02-17 00:04:19,2026-02-17 23:53:37,23337,247756ba432167c94768fb52373850ae3fa154e911e2e6a1283b7289c2e86bcb
2026-02-17,north,business_date=2026-02-17/sales_north_20260217.csv.gz,1742,2026-02-17 00:03:06,2026-02-17 23:58:49,18410,9d2657eb1d227f16e5d9c86b3511412bc795f5d1c91339c4ac5062f468f5afec
2026-02-17,northeast,business_date=2026-02-17/sales_northeast_20260217.csv.gz,1801,2026-02-17 00:12:08,2026-02-17 23:57:46,18963,6e83d75796804c69aa471b5628e328653359bdf1e50072f4411a41c90b104387
2026-02-17,south,business_date=2026-02-17/sales_south_20260217.csv.gz,1259,2026-02-17 00:05:06,2026-02-17 23:55:17,13533,9bcd844f1ed4c2845ce7448d74947396f67879cc9111b25952a17536e223991b
2026-02-18,bkk,business_date=2026-02-18/sales_bkk_20260218.csv.gz,3044,2026-02-18 00:01:51,2026-02-18 23:57:28,31948,ff3ff834576d71929812806d32584f3dab26ccf258bf73404111f371cc3ddb68
2026-02-18,central,business_date=2026-02-18/sales_central_20260218.csv.gz,2100,2026-02-18 00:00:33,2026-02-18 23:56:42,22148,756d32108fbd15ed996973b3d2c0f8fc01213f1a9c4ad16fc2b860e646244434
2026-02-18,north,business_date=2026-02-18/sales_north_20260218.csv.gz,1674,2026-02-18 00:00:08,2026-02-18 23:50:06,17748,228e7acda320968e16bdbee29380106a032686983134ac8a2b31bfeacc234ef3
2026-02-18,northeast,business_date=2026-02-18/sales_northeast_20260218.csv.gz,1759,2026-02-18 00:16:16,2026-02-18 23:58:32,18556,18035ee6291be198e615f30e698df0a91c9c5b4771580ef302fe1d270c749db8
2026-02-18,south,business_date=2026-02-18/sales_south_20260218.csv.gz,1319,2026-02-18 00:00:25,2026-02-18 23:55:03,14181,1933f39c80a76c35db6a13d643154372f2ea4d53dce4cc77628f831f73e09e32
2026-02-19,bkk,business_date=2026-02-19/sales_bkk_20260219.csv.gz,2774,2026-02-19 00:02:02,2026-02-19 23:59:34,29143,f68329b2e12fb78319219aaf8d39c759b97a35526a17f277d47f46a745ca61c9
2026-02-19,central,business_date=2026-02-19/sales_central_20260219.csv.gz,2116,2026-02-19 00:02:55,2026-02-19 23:57:44,22316,52dd4ff9c2e5bdea4f91a7e20c8038e4ee77387d8061e48111afa4572b9225b0
2026-02-19,north,business_date=2026-02-19/sales_north_20260219.csv.gz,1832,2026-02-19 00:02:29,2026-02-19 23:58:03,19380,717127e98bd34c092b0cf76cad55f19572d8d822915725ca3bd387bc41f791cb
2026-02-19,northeast,business_date=2026-02-19/sales_northeast_20260219.csv.gz,1653,2026-02-19 00:00:10,2026-02-19 23:54:43,17466,f66fec68c2938e0d15a724c2c49ed63b4d31ad357905b3974a210ba0a2932ac4
2026-02-19,south,business_date=2026-02-19/sales_south_20260219.csv.gz,1293,2026-02-19 00:01:19,2026-02-19 23:55:19,13884,5cbc30e682d0c55406fbbff4e3de572c7810e7ea3a6106db50ff1d915202a1f0
2026-02-20,bkk,business_date=2026-02-20/sales_bkk_20260220.csv.gz,3076,2026-02-20 00:06:44,2026-02-20 23:58:08,32190,946d13f7a530727e791ca0cf3e990ea4ec4884c5f4f145260ab52dd4cc528498
2026-02-20,central,business_date=2026-02-20/sales_central_20260220.csv.gz,2099,2026-02-20 00:01:01,2026-02-20 23:59:22,22070,74d301ecacc80c24056bd7cd54cb18d6c318acb5f3e7ccc4456de53e3bac4036
2026-02-20,north,business_date=2026-02-20/sales_north_20260220.csv.gz,1773,2026-02-20 00:01:15,2026-02-20 23:59:58,18773,2742a887176900333420acd08d1449031b37b36998cccee043814588cecad82f
2026-02-20,northeast,business_date=2026-02-20/sales_northeast_20260220.csv.gz,1771,2026-02-20 00:00:50,2026-02-20 23:54:30,18615,ee36ee0f578bd18580be2893e7128c10495065214d0e5db3929a0b7f98cd11da
2026-02-20,south,business_date=2026-02-20/sales_south_20260220.csv.gz,1262,2026-02-20 00:00:27,2026-02-20 23:45:58,13515,0d80f2dff745e0a736eef7fe889aa40d836316cd0f3e29e715eba2b7c11cea05
2026-02-21,bkk,business_date=2026-02-21/sales_bkk_20260221.csv.gz,3470,2026-02-21 00:03:31,2026-02-21 23:58:58,36273,b6d71644207884e341d95b8b9800361c5817dd8bec6eb41302b7e1f4a3731134
2026-02-21,central,business_date=2026-02-21/sales_central_20260221.csv.gz,2522,2026-02-21 00:00:00,2026-02-21 23:59:54,26411,66423f1f1bb2d8c202a76a508eb9010fa6e5083d31f6665f8721348692182bf5
2026-02-21,north,business_date=2026-02-21/sales_north_20260221.csv.gz,2020,2026-02-21 00:03:59,2026-02-21 23:57:07,21296,94c5f215bce8898ca988c000293b9e478055cf58fcf39fb4fc91192c3158ec78
2026-02-21,northeast,business_date=2026-02-21/sales_northeast_20260221.csv.gz,1892,2026-02-21 00:06:25,2026-02-21 23:58:52,19938,bd644b11b7bc90c286de0806d567aa10e661639d42a5ca68ac97e5c6135fcbf6
2026-02-21,south,business_date=2026-02-21/sales_south_20260221.csv.gz,1418,2026-02-21 00:03:33,2026-02-21 23:51:53,15173,155ffae363bad66033994fc1f1024508bcc10c18b4551365987acff29c5cff29
2026-02-22,bkk,business_date=2026-02-22/sales_bkk_20260222.csv.gz,3279,2026-02-22 00:00:18,2026-02-22 23:59:17,34364,f3feeca904841902dc23d044a992df184e2b0c1b4927d702e679cb037f30a786
2026-02-22,central,business_date=2026-02-22/sales_central_20260222.csv.gz,2589,2026-02-22 00:00:06,2026-02-22 23:58:44,27097,04e988cc905c21494056520caecba0e726883ac6dca088cafec81c21dbae9a5b
2026-02-22,north,business_date=2026-02-22/sales_north_20260222.csv.gz,2132,2026-02-22 00:04:11,2026-02-22 23:59:39,22375,c330cb07a58660528d553e6d10c472a7c023a963d639733743172e3fd5af3945
2026-02-22,northeast,business_date=2026-02-22/sales_northeast_20260222.csv.gz,1894,2026-02-22 00:07:16,2026-02-22 23:54:10,19902,fa5e0c0fc7805d880fc90ed2dc06e7d3b95b073b3104f0c96182622b58c1570f
2026-02-22,south,business_date=2026-02-22/sales_south_20260222.csv.gz,1440,2026-02-22 00:09:05,2026-02-22 23:59:49,15419,b1e67ab59736171a13782da0e1f1884e59aacdd0e2110a217ec64fd7c0f99c1c
2026-02-23,bkk,business_date=2026-02-23/sales_bkk_20260223.csv.gz,3064,2026-02-23 00:04:28,2026-02-23 23:59:00,32052,4b68abe19b4395c26189df93fe27aeff61f9d1c6737c6bd837050fc90292a752
2026-02-23,central,business_date=2026-02-23/sales_central_20260223.csv.gz,2154,2026-02-23 00:06:18,2026-02-23 23:58:44,22632,3b334b4edfd79c55e16f642cd557bf38d1852e946a747cfcfc0f57f23b29f5bf
2026-02-23,north,business_date=2026-02-23/sales_north_20260223.csv.gz,1796,2026-02-23 00:03:48,2026-02-23 23:59:38,19044,b40f6b3674a0edfc8d7cd7f77f2855a624730f818807a467fa338407d6adecca
2026-02-23,northeast,business_date=2026-02-23/sales_northeast_20260223.csv.gz,1672,2026-02-23 00:10:46,2026-02-23 23:59:38,17624,a459de822755c5c9ccf9809fd32b09d7d82fc10743aac451eb63bd6d2c620637
2026-02-23,south,business_date=2026-02-23/sales_south_20260223.csv.gz,1338,2026-02-23 00:23:18,2026-02-23 23:57:53,14232,2acf2b263cd31b7bdee0e875b09ccc1ec7417ff63ccbc5b0ccc1dbb3eb5a8292
2026-02-24,bkk,business_date=2026-02-24/sales_bkk_20260224.csv.gz,2873,2026-02-24 00:01:12,2026-02-24 23:59:01,30145,1d902c12b4af4cbfd0f3abe2b1999db1dce368ee1ce5561ad301e7484a992072
2026-02-24,central,business_date=2026-02-24/sales_central_20260224.csv.gz,2161,2026-02-24 00:01:20,2026-02-24 23:59:46,22759,9b287b11c9de948e436b36d08470a841941208efc6cc98b1d48ccdb642a54b09
2026-02-24,north,business_date=2026-02-24/sales_north_20260224.csv.gz,1677,2026-02-24 00:04:19,2026-02-24 23:58:16,17792,871be7b7a06b6911bdb7259e924413aff6a3bf26c1177d5612701f8f44c73ab3
2026-02-24,northeast,business_date=2026-02-24/sales_northeast_20260224.csv.gz,1787,2026-02-24 00:10:42,2026-02-24 23:59:46,18812,5077d92c12dbe1b00acdc99953228c47272d5cf9bc5578f2ff5f67540e3f2573
2026-02-24,south,business_date=2026-02-24/sales_south_20260224.csv.gz,1249,2026-02-24 00:03:32,2026-02-24 23:56:40,13391,44b10879530237474e84876a8b394cdbd2992f346e4b784471291fcf4fbb978c
2026-02-25,bkk,business_date=2026-02-25/sales_bkk_20260225.csv.gz,2849,2026-02-25 00:02:00,2026-02-25 23:59:28,29811,473a6fb6499bc6e6338e9b4036991d1582e554065741dff453a23a107fc1161f
2026-02-25,central,business_date=2026-02-25/sales_central_20260225.csv.gz,2179,2026-02-25 00:00:36,2026-02-25 23:52:08,22936,7b43d90be25ed86d98a520f0c535a139548ed9cbf92621a4a1ffdebc4b438d49
2026-02-25,north,business_date=2026-02-25/sales_north_20260225.csv.gz,1736,2026-02-25 00:10:45,2026-02-25 23:59:47,18365,72edd69c40a69cd91a2e9b452945d149349bd2657fe1d346b1d24cf03e17f6d9
2026-02-25,northeast,business_date=2026-02-25/sales_northeast_20260225.csv.gz,1804,2026-02-25 00:09:27,2026-02-25 23:58:13,18995,d21e04c9412c85f82e8451d20ecd54e4a98636c6ba9876ca3f4fd1c72ea70ab2
2026-02-25,south,business_date=2026-02-25/sales_south_20260225.csv.gz,1245,2026-02-25 00:00:11,2026-02-25 23:57:41,13357,6b674dd8a092ac53d908c020c600fe8675e55cb8b90c27990a28b9ce1cc6a518
2026-02-26,bkk,business_date=2026-02-26/sales_bkk_20260226.csv.gz,3091,2026-02-26 00:00:20,2026-02-26 23:59:11,32232,d0c1af0dca51ebfccb4132e265978e3bf018f34de708d1a16884fccae250f5a0
2026-02-26,central,business_date=2026-02-26/sales_central_20260226.csv.gz,2079,2026-02-26 00:04:43,2026-02-26 23:56:39,21831,e6032911d024aef59807eb4e97dd0813a98662b6b5b7ead1c4b2fb118f58d95b
2026-02-26,north,business_date=2026-02-26/sales_north_20260226.csv.gz,1769,2026-02-26 00:09:57,2026-02-26 23:59:00,18740,9540251b8c78fdce1984c56c9d7bc6ecd09db5c72230af14ba14a5d34220c108
2026-02-26,northeast,business_date=2026-02-26/sales_northeast_20260226.csv.gz,1757,2026-02-26 00:00:29,2026-02-26 23:59:53,18550,6a046406d85f8c06ebf97a380c9078231ecb7cd6441847ce457416f2c859bbe5
2026-02-26,south,business_date=2026-02-26/sales_south_20260226.csv.gz,1244,2026-02-26 00:06:19,2026-02-26 23:58:42,13289,a40bcc4c8a9db7d7f560dfc25b98665d1875fb172350245ccae48bb2fda2eb3e
2026-02-27,bkk,business_date=2026-02-27/sales_bkk_20260227.csv.gz,3024,2026-02-27 00:00:47,2026-02-27 23:59:31,31715,f442ab124ae182d0d2522afda4ac580658560f5feffe08a9c52ffdcd3b68d895
2026-02-27,central,business_date=2026-02-27/sales_central_20260227.csv.gz,2219,2026-02-27 00:02:51,2026-02-27 23:42:28,23355,e1d392e3cf79f6204fa41d55690de778398839c8bc74229c53402977818e683f
2026-02-27,north,business_date=2026-02-27/sales_north_20260227.csv.gz,1750,2026-02-27 00:01:58,2026-02-27 23:59:24,18532,a182e79a3004aabd927a3d9670fd7bbcd20394d65a608e841bb92e2552f098b9
2026-02-27,northeast,business_date=2026-02-27/sales_northeast_20260227.csv.gz,1683,2026-02-27 00:14:49,2026-02-27 23:59:18,17829,604b138fe4ab20d1f2f6d3bc8c36f2883f5d56b7291c4f6901f0ceb731d3b7c5
2026-02-27,south,business_date=2026-02-27/sales_south_20260227.csv.gz,1300,2026-02-27 00:10:48,2026-02-27 23:56:48,13910,4ebf4c4c63dabe69eb16422e9e89166c302ac70064c99c8a12c3a1471eb28966
2026-02-28,bkk,business_date=2026-02-28/sales_bkk_20260228.csv.gz,3377,2026-02-28 00:04:05,2026-02-28 23:59:32,35451,3514d56bd972e58eaae7e8fee927a958d9ad13cb1c0b90b95427252471333566
2026-02-28,central,business_date=2026-02-28/sales_central_20260228.csv.gz,2436,2026-02-28 00:00:09,2026-02-28 23:56:53,25499,4070401206cf91679634e34a73f0e8ead133daac25a4c45dec4cfd3598d2f12f
2026-02-28,north,business_date=2026-02-28/sales_north_20260228.csv.gz,1984,2026-02-28 00:00:02,2026-02-28 23:58:34,20829,68b378f2dd0594b2972596e58e190e32070750a574cb8cc89803e435f57d488e
2026-02-28,northeast,business_date=2026-02-28/sales_northeast_20260228.csv.gz,2048,2026-02-28 00:03:32,2026-02-28 23:57:30,21410,eb5bd5ac786939a6ed2c1ab0344dd2f6b8333641b97ead19b4d96d6bb98520a3
2026-02-28,south,business_date=2026-02-28/sales_south_20260228.csv.gz,1472,2026-02-28 00:04:52,2026-02-28 23:55:59,15759,ee4d1626dcef510782d6a888de3e6a300d82235b13ea477e31dec8c52ff35f26
2026-03-01,bkk,business_date=2026-03-01/sales_bkk_20260301.csv.gz,3573,2026-03-01 00:00:55,2026-03-01 23:58:20,37413,a48330692ff2a51e020c10015e24e0faaa923f6e64a2ceda018d5b61d123eb41
2026-03-01,central,business_date=2026-03-01/sales_central_20260301.csv.gz,2641,2026-03-01 00:01:53,2026-03-01 23:53:42,27619,f9e226cea0a9e1197ca7969c3a9808ae79f6ff241c7b4a84423ff1989c123921
2026-03-01,north,business_date=2026-03-01/sales_north_20260301.csv.gz,1767,2026-03-01 00:02:11,2026-03-01 23:58:32,18657,c03ef2f6327b26d3036d416b9cc1c8f63fc57f116fc012bc36475f8b3c7eb584
2026-03-01,northeast,business_date=2026-03-01/sales_northeast_20260301.csv.gz,1898,2026-03-01 00:02:34,2026-03-01 23:59:07,20056,238e8edff144adb17e91f9214df8b6c55363c918351ec51a6aa0c07d2c4a8099
2026-03-01,south,business_date=2026-03-01/sales_south_20260301.csv.gz,1392,2026-03-01 00:01:51,2026-03-01 23:57:19,14915,8a6cc056175f9e337d4d84b80e0fe06376b8277fc9eaae0f52b618b113f71a16
2026-03-02,bkk,business_date=2026-03-02/sales_bkk_20260302.csv.gz,2924,2026-03-02 00:03:55,2026-03-02 23:59:51,30728,646ce828ff09be89ab3f658dd03f72f0cfc40d48ecdb25caa06381dabaa6cb33
2026-03-02,central,business_date=2026-03-02/sales_central_20260302.csv.gz,2240,2026-03-02 00:03:26,2026-03-02 23:59:38,23472,d49cf6ff2658c7baefe3c911240e3b5dfc5c15d4c139976f465d10aeec1f3f53
2026-03-02,north,business_date=2026-03-02/sales_north_20260302.csv.gz,1427,2026-03-02 00:03:52,2026-03-02 23:59:44,15219,adfb0e25177adc0242e0ad648f88c193fc5a52690372c8710ca16a35500514ef
2026-03-02,northeast,business_date=2026-03-02/sales_northeast_20260302.csv.gz,1691,2026-03-02 00:08:39,2026-03-02 23:56:13,17939,65b8bd323377c17349b5f2a5c1b5ec3f524219b9f3a60e7b09d828ab36e5a282
2026-03-02,south,business_date=2026-03-02/sales_south_20260302.csv.gz,1278,2026-03-02 00:17:02,2026-03-02 23:57:11,13753,849ac5568e9801540c0704b6e5c4767fb3b50c82e3c46500da277b803c808e00
2026-03-03,bkk,business_date=2026-03-03/sales_bkk_20260303.csv.gz,3143,2026-03-03 00:00:38,2026-03-03 23:58:34,32994,b31c4b812e2389bf87d6c39d86fb46e5d36ea7b12c094dde8cb2097d272acb1a
2026-03-03,central,business_date=2026-03-03/sales_central_20260303.csv.gz,2361,2026-03-03 00:01:23,2026-03-03 23:59:57,24805,cd7eb7eb2e8a706ec428c71f5903a78aeb4554b1a5c6ed3f6ccdab5ca0fde944
2026-03-03,north,business_date=2026-03-03/sales_north_20260303.csv.gz,1468,2026-03-03 00:01:11,2026-03-03 23:57:14,15644,b3c15b7822e1f400aa2d19c1e673075ad674be446460fe0432bc0b21e6a546d9
2026-03-03,northeast,business_date=2026-03-03/sales_northeast_20260303.csv.gz,1603,2026-03-03 00:01:50,2026-03-03 23:55:28,16955,95438cac95e3bf4e93f39f6c6d6a495b5c11456d809caf7f708950c6593cb1cf
2026-03-03,south,business_date=2026-03-03/sales_south_20260303.csv.gz,1146,2026-03-03 00:00:48,2026-03-03 23:52:07,12370,f980cfd4426b60db125b667230996e5b0d60fa0c043a20e5f11fcef6a02188c7
2026-03-04,bkk,business_date=2026-03-04/sales_bkk_20260304.csv.gz,2889,2026-03-04 00:04:29,2026-03-04 23:58:56,30353,7983ddb5a128b5c306322070940fd54ec306170f0259f94a85bccae86b8da7db
2026-03-04,central,business_date=2026-03-04/sales_central_20260304.csv.gz,2169,2026-03-04 00:14:25,2026-03-04 23:59:22,22825,43c7c3de07fcbb1da6e8c1638e6c24a419b4f33b51bffd6e3add66a28df1ba41
2026-03-04,north,business_date=2026-03-04/sales_north_20260304.csv.gz,1485,2026-03-04 00:03:07,2026-03-04 23:54:55,15816,a4f96d383a729f2052ccb3acbcd7a88b769d7463d68ec732206ddf0e60d7b128
2026-03-04,northeast,business_date=2026-03-04/sales_northeast_20260304.csv.gz,1569,2026-03-04 00:03:59,2026-03-04 23:57:45,16559,fef8003f534b9c627777bea123546b7d4f4b577ec50cd98911981160062656da
2026-03-04,south,business_date=2026-03-04/sales_south_20260304.csv.gz,1282,2026-03-04 00:12:12,2026-03-04 23:56:32,13750,829bf444e8941cc244de60dfc4187cbd5175d27b4ad9b83d6a3819776d72ad32
2026-03-05,bkk,business_date=2026-03-05/sales_bkk_20260305.csv.gz,3142,2026-03-05 00:02:44,2026-03-05 23:58:03,32865,26b9ec9b9a7b1fce1fe2ed782c85b4eea978430454cad39b8b04d1c557530f39
2026-03-05,central,business_date=2026-03-05/sales_central_20260305.csv.gz,2332,2026-03-05 00:05:56,2026-03-05 23:58:48,24493,5524c717217ea1157d4193a0ea15559fde246efbcdb43a76b1d33e0bd6ded700
2026-03-05,north,business_date=2026-03-05/sales_north_20260305.csv.gz,1452,2026-03-05 00:03:10,2026-03-05 23:58:19,15359,ceb1f08de8e8408945052a508c44155f06b469b00f7164297ad9533bf815a0ea
2026-03-05,northeast,business_date=2026-03-05/sales_northeast_20260305.csv.gz,1593,2026-03-05 00:08:24,2026-03-05 23:59:43,16918,1dc1407ea60ce3111fa78567c430053cdacd24873ac5c762736bc17d3cbdea5f
2026-03-05,south,business_date=2026-03-05/sales_south_20260305.csv.gz,1248,2026-03-05 00:01:56,2026-03-05 23:53:55,13371,d54ae839722973996021f6998a650e022e2082efdf9ad8b6fb8efcac50f3f900
2026-03-06,bkk,business_date=2026-03-06/sales_bkk_20260306.csv.gz,2912,2026-03-06 00:02:48,2026-03-06 23:57:52,30534,6b17312ae7d33d351d3395d7d28faed0b6de92a4926a69b6fdb97fe8a264f875
2026-03-06,central,business_date=2026-03-06/sales_central_20260306.csv.gz,2125,2026-03-06 00:09:12,2026-03-06 23:59:02,22455,37d6e4b25827d1cd0a1c17bfaa9df97a93d964aa2fe21f2d12a436666dc01a6c
2026-03-06,north,business_date=2026-03-06/sales_north_20260306.csv.gz,1452,2026-03-06 00:06:59,2026-03-06 23:57:44,15484,3b4a8c7742e72fa065316a34d3cc40a860a023454bab2ac815bfca8fa995f338
2026-03-06,northeast,business_date=2026-03-06/sales_northeast_20260306.csv.gz,1643,2026-03-06 00:00:32,2026-03-06 23:55:00,17386,0a4c97e5d2feb091e6926781b8c9776cef77a06ab9459c37504d45be2826088d
2026-03-06,south,business_date=2026-03-06/sales_south_20260306.csv.gz,1224,2026-03-06 00:17:20,2026-03-06 23:59:10,13137,1d32b08e5c5490b29689189372d0c22f9e33555cc383a237540c7a24d0ad9952
2026-03-07,bkk,business_date=2026-03-07/sales_bkk_20260307.csv.gz,3652,2026-03-07 00:02:07,2026-03-07 23:59:23,38146,89ce5b6188f7846a6446839ccd636204d779b7346bb681ffff1f494e8febd027
2026-03-07,central,business_date=2026-03-07/sales_central_20260307.csv.gz,2707,2026-03-07 00:00:37,2026-03-07 23:59:20,28354,2702838f1aa56647c0c86bbf1b01406eb4e8aea25e96a8011d25bdd303fcf54e
2026-03-07,north,business_date=2026-03-07/sales_north_20260307.csv.gz,1780,2026-03-07 00:04:06,2026-03-07 23:56:56,18861,5190bc67973868ca5550783b13298b72d1a7aacae20d22921b4a47f30d55b308
2026-03-07,northeast,business_date=2026-03-07/sales_northeast_20260307.csv.gz,1872,2026-03-07 00:06:28,2026-03-07 23:57:48,19728,ecaf547dbdeddba8a50aeb74798b17dcc21a00315d9f8b9ab8f9e41814dffbb8
2026-03-07,south,business_date=2026-03-07/sales_south_20260307.csv.gz,1483,2026-03-07 00:02:55,2026-03-07 23:59:43,15777,707f025b1fa67f38de875466bcd1bbbc82d33fea6eb79a94eb25bfd451cead2e
2026-03-08,bkk,business_date=2026-03-08/sales_bkk_20260308.csv.gz,3322,2026-03-08 00:03:06,2026-03-08 23:56:34,34824,4b6b4102af905f77fbfda34b925cd839fff533574d970eaaeaa95d39a881effb
2026-03-08,central,business_date=2026-03-08/sales_central_20260308.csv.gz,2480,2026-03-08 00:00:12,2026-03-08 23:57:55,26016,77fdeccbe1046eb14ecb7ab572f28fbd5de1e70ba3ba750ce18964234be5b9d2
2026-03-08,north,business_date=2026-03-08/sales_north_20260308.csv.gz,1771,2026-03-08 00:10:50,2026-03-08 23:59:34,18753,d60f04fa7e40acdedca969def8b29ae9da7bdb0e78ca62f527fb8f5414c778f5
2026-03-08,northeast,business_date=2026-03-08/sales_northeast_20260308.csv.gz,1973,2026-03-08 00:00:08,2026-03-08 23:59:32,20735,2f91166d889ad5ccafc63cbb3477a6dae9d39bd53801548bb42c74da64d2a247
2026-03-08,south,business_date=2026-03-08/sales_south_20260308.csv.gz,1361,2026-03-08 00:04:49,2026-03-08 23:56:37,14504,1b01b9f43ba27da396db6cffb639a7889c97b74a7306248cb7f460ce5262bacf
2026-03-09,bkk,business_date=2026-03-09/sales_bkk_20260309.csv.gz,3131,2026-03-09 00:02:17,2026-03-09 23:55:16,32858,56246e363a4cc39807438532388a85ea958b44246c5efbebea1956c88c8169d6
2026-03-09,central,business_date=2026-03-09/sales_central_20260309.csv.gz,2292,2026-03-09 00:03:10,2026-03-09 23:57:39,24075,b452fb6ef677773a403db519b21c02d833b8718872d2fde73df993e6045c4ac2
2026-03-09,north,business_date=2026-03-09/sales_north_20260309.csv.gz,1435,2026-03-09 00:05:27,2026-03-09 23:58:49,15188,28a0d59c759b424ec078521a5262e3886d1c1d9c208c0196d5b4707e250410c8
2026-03-09,northeast,business_date=2026-03-09/sales_northeast_20260309.csv.gz,1668,2026-03-09 00:00:25,2026-03-09 23:59:08,17608,8c319843d5e397b0ba6d52039a6bd89b5388365654e8885637caf5588fdbfdb7
2026-03-09,south,business_date=2026-03-09/sales_south_20260309.csv.gz,1185,2026-03-09 00:02:28,2026-03-09 23:59:40,12767,8db51e303da1b8ce8d1e872da2e3bcc42dd32786d5c02c45b26d8b6b14aa423f
2026-03-10,bkk,business_date=2026-03-10/sales_bkk_20260310.csv.gz,3166,2026-03-10 00:02:26,2026-03-10 23:58:03,33154,cadc74c866040ad42de84cec9a40990272f3655a72b3987c16a3533ada7a273e
2026-03-10,central,business_date=2026-03-10/sales_central_20260310.csv.gz,2342,2026-03-10 00:00:04,2026-03-10 23:58:47,24580,5b9bd82626ef47fe9149d4d19b51e43f273c4ae3d61f135a990ba469ae66b3e0
2026-03-10,north,business_date=2026-03-10/sales_north_20260310.csv.gz,1505,2026-03-10 00:00:47,2026-03-10 23:56:38,15994,a81a768846c17e4ca0d17f3c918f9a587d1358f6a3aa7e4a663894bedb9185ed
2026-03-10,northeast,business_date=2026-03-10/sales_northeast_20260310.csv.gz,1617,2026-03-10 00:13:50,2026-03-10 23:57:31,17062,1ac12fafa5466e8909c5d05aa53f0eb6f716783c1073cb48ad947cee478f049f
2026-03-10,south,business_date=2026-03-10/sales_south_20260310.csv.gz,1228,2026-03-10 00:00:22,2026-03-10 23:59:16,13155,0f4043957398bf5849cb6c5132d4f3756b239102bf55c3a6b7a869378158cb30
2026-03-11,bkk,business_date=2026-03-11/sales_bkk_20260311.csv.gz,3025,2026-03-11 00:05:07,2026-03-11 23:55:31,31652,e75595ff4fbdde7076b2bd0c10cfcde2a011fc3c686a8f28e4e644f83945ef01
2026-03-11,central,business_date=2026-03-11/sales_central_20260311.csv.gz,2279,2026-03-11 00:01:51,2026-03-11 23:54:58,23947,47e713e7448497b7a1f643d00616436465a114ee56a23d68380771524febadf0
2026-03-11,north,business_date=2026-03-11/sales_north_20260311.csv.gz,1553,2026-03-11 00:06:12,2026-03-11 23:55:56,16448,1d575bcdd7cb3844413a37e1fee5024624a601e8861373cc26dde294a7e24d2f
2026-03-11,northeast,business_date=2026-03-11/sales_northeast_20260311.csv.gz,1722,2026-03-11 00:12:49,2026-03-11 23:53:07,18106,f695c7fde4cedefc34c2cd09b2931ef719690b231649baf7d43e92362f85d81e
2026-03-11,south,business_date=2026-03-11/sales_south_20260311.csv.gz,1175,2026-03-11 00:02:14,2026-03-11 23:55:56,12627,d2deec729d78d6e69351866d3666e9c91f768d500c2c003e6271ebb0818314e9
2026-03-12,bkk,business_date=2026-03-12/sales_bkk_20260312.csv.gz,2986,2026-03-12 00:01:24,2026-03-12 23:59:21,31462,654c2363c986952e30ecaff48c71f52580ea3501dc623c08cb6549d60c3d42b5
2026-03-12,central,business_date=2026-03-12/sales_central_20260312.csv.gz,2317,2026-03-12 00:10:18,2026-03-12 23:59:48,24400,2ebe2607ef2d4256f4291901b06d1442f9435ce9a25aa68a1ccc15310f24341e
2026-03-12,north,business_date=2026-03-12/sales_north_20260312.csv.gz,1538,2026-03-12 00:04:38,2026-03-12 23:56:26,16375,13cf45a180e87caa28bc03cce7a2ded1f0875fcee0534d804bd9a728ee24c067
2026-03-12,northeast,business_date=2026-03-12/sales_northeast_20260312.csv.gz,1565,2026-03-12 00:03:01,2026-03-12 23:55:47,16534,845cb2d144e09dede33c973aa16b4789876dd027f6300bf2704c328a314c77e6
2026-03-12,south,business_date=2026-03-12/sales_south_20260312.csv.gz,1215,2026-03-12 00:14:44,2026-03-12 23:58:56,13051,022e706bfeedc281262fe617ce6ce91842a7900b7b796bcdbef2082cde5dc8bc
2026-03-13,bkk,business_date=2026-03-13/sales_bkk_20260313.csv.gz,3162,2026-03-13 00:03:54,2026-03-13 23:57:58,33167,18773c16337da8beacc249f1a07f5d2e085d3e82be63c8349fb0a57b34ba2e88
2026-03-13,central,business_date=2026-03-13/sales_central_20260313.csv.gz,2145,2026-03-13 00:02:42,2026-03-13 23:54:38,22561,5140f59eb6447e5ebd4b0e2391dbc37afc74bea30d499581dc0fbc7552764120
2026-03-13,north,business_date=2026-03-13/sales_north_20260313.csv.gz,1525,2026-03-13 00:00:52,2026-03-13 23:53:37,16296,821fc426b30a542400d61290e98df65890f76f6060f11e0bd08d6e3355028f0e
2026-03-13,northeast,business_date=2026-03-13/sales_northeast_20260313.csv.gz,1624,2026-03-13 00:01:55,2026-03-13 23:58:52,17158,23b10055f0f7240821a200be37e0cad3b03087bde9466d032da7b915e210a954
2026-03-13,south,business_date=2026-03-13/sales_south_20260313.csv.gz,1175,2026-03-13 00:12:40,2026-03-13 23:52:29,12544,3397b8da7bbd3eb1c117d17603fa855c2b755bcdd03c39b620509c0cbb0afc19
2026-03-14,bkk,business_date=2026-03-14/sales_bkk_20260314.csv.gz,3663,2026-03-14 00:00:37,2026-03-14 23:58:51,38348,d95bf861fa56dbb9d46dfe2276f142ddefcfcb2d7da800328301aea2c661fecb
2026-03-14,central,business_date=2026-03-14/sales_central_20260314.csv.gz,2643,2026-03-14 00:02:22,2026-03-14 23:58:17,27766,73b5398e1218303bc23819fa85f1cc2eaee867a8b244c08665649f8a868ded34
2026-03-14,north,business_date=2026-03-14/sales_north_20260314.csv.gz,1608,2026-03-14 00:02:49,2026-03-14 23:57:30,17057,38a47f10090cf70f1276ff3aaeb154b3d4f6f6a71004c06f26356542dfcf5dda
2026-03-14,northeast,business_date=2026-03-14/sales_northeast_20260314.csv.gz,1799,2026-03-14 00:04:10,2026-03-14 23:54:26,18932,fbc510196fecaac10b8623c152e7172337a44bc8ff9dd443429cd3fb034543e5
2026-03-14,south,business_date=2026-03-14/sales_south_20260314.csv.gz,1442,2026-03-14 00:00:31,2026-03-14 23:55:32,15465,daad71b17d126a9bf3d58183a9dc934ca57a59882f9209b3961aee607b55c750
2026-03-15,bkk,business_date=2026-03-15/sales_bkk_20260315.csv.gz,3323,2026-03-15 00:01:54,2026-03-15 23:59:48,34725,613a4b4e465772c3949a86567b64b6777d4cd0b9c1bd9e95ed26ec050e1c7ce5
2026-03-15,central,business_date=2026-03-15/sales_central_20260315.csv.gz,2567,2026-03-15 00:00:33,2026-03-15 23:54:29,26977,107d1b7c7d959d24d129e74c45cd74c53f07deeedeb43d88aed4774cf9f9da8b
2026-03-15,north,business_date=2026-03-15/sales_north_20260315.csv.gz,1686,2026-03-15 00:12:30,2026-03-15 23:55:36,17749,67ac7b1ceac1cc5739a4420beebbd2dc49b4b8ae5dda44edd36f27249e6ae03b
2026-03-15,northeast,business_date=2026-03-15/sales_northeast_20260315.csv.gz,1823,2026-03-15 00:00:58,2026-03-15 23:56:02,19163,4dd8922828e5472cc23374a827ebf42e7033638cbe1aa6dc314e615a9dedb061
2026-03-15,south,business_date=2026-03-15/sales_south_20260315.csv.gz,1481,2026-03-15 00:01:56,2026-03-15 23:59:45,15756,313c43497f3eda642409052e6bbe81cd2d2f4c99cb393f5b61f4ae2faff0c88d
2026-03-16,bkk,business_date=2026-03-16/sales_bkk_20260316.csv.gz,2869,2026-03-16 00:00:09,2026-03-16 23:55:14,30179,ce8910b64e29dfbb5541445e44f7267d1e2e35595810040b1e7723fa4c60c493
2026-03-16,central,business_date=2026-03-16/sales_central_20260316.csv.gz,2122,2026-03-16 00:00:25,2026-03-16 23:58:44,22336,b11faec9680de99fb78e9d210aec52cf26f65f3c1e13672f271e871c2728e59b
2026-03-16,north,business_date=2026-03-16/sales_north_20260316.csv.gz,1471,2026-03-16 00:05:07,2026-03-16 23:58:25,15584,102ad34c34fba2be43e92067398d3328ff81cef8c908bd4505a52c5df0dc0d68
2026-03-16,northeast,business_date=2026-03-16/sales_northeast_20260316.csv.gz,1670,2026-03-16 00:15:53,2026-03-16 23:56:11,17608,da1a7b847369d1e6a2cecb9705b2891868d3d43a38cfc04b1ab46a92f40aeb50
2026-03-16,south,business_date=2026-03-16/sales_south_20260316.csv.gz,1150,2026-03-16 00:05:52,2026-03-16 23:59:09,12337,ff79eee213aacb6c83959d404e2f14a4d530e0c7dd91347570a81c71eea43122
2026-03-17,bkk,business_date=2026-03-17/sales_bkk_20260317.csv.gz,2986,2026-03-17 00:00:04,2026-03-17 23:59:02,31301,6d679844bdd13d8a12c81fe6687b5c160ee487959c3bfdc4c390c8af62e8ab22
2026-03-17,central,business_date=2026-03-17/sales_central_20260317.csv.gz,2258,2026-03-17 00:06:45,2026-03-17 23:57:27,23674,d887089eade90acd0232978ec318247d9161a85795fe6ca760aed3d917965768
2026-03-17,north,business_date=2026-03-17/sales_north_20260317.csv.gz,1512,2026-03-17 00:06:17,2026-03-17 23:58:42,16069,6f7cc2bc0ce3b560b527219d1d12c63b4d24d38c1107b86185c659aa06a13557
2026-03-17,northeast,business_date=2026-03-17/sales_northeast_20260317.csv.gz,1634,2026-03-17 00:08:08,2026-03-17 23:54:58,17210,7dfbdb2e8ce7c7e6581a0bb1f76f678df022e14cb3751d05ec2778f25ac05e53
2026-03-17,south,business_date=2026-03-17/sales_south_20260317.csv.gz,1264,2026-03-17 00:03:26,2026-03-17 23:56:29,13611,7439fff766caefe6d08718351155d9411ca5dd88bbe4d6de9032de8c71f50eab
2026-03-18,bkk,business_date=2026-03-18/sales_bkk_20260318.csv.gz,2845,2026-03-18 00:02:49,2026-03-18 23:59:45,29980,8e5cd6d7a1df6d4ad504f0d8273a2279f7070a16e584217ad00f3f3352c36ebb
2026-03-18,central,business_date=2026-03-18/sales_central_20260318.csv.gz,2303,2026-03-18 00:00:01,2026-03-18 23:57:56,24211,21719812f32c5f84f98b9e0bf34ac1ec5da6e7961901e4e8d568c9f3b0baba6f
2026-03-18,north,business_date=2026-03-18/sales_north_20260318.csv.gz,1556,2026-03-18 00:07:36,2026-03-18 23:57:34,16407,43df5b841be9cd7a45249aa1a03975c674d8c5489d03f8246cf0cee6855b03b5
2026-03-18,northeast,business_date=2026-03-18/sales_northeast_20260318.csv.gz,1685,2026-03-18 00:01:30,2026-03-18 23:58:16,17789,a8c24eed50c19b07c0f80db7aef2cecb9da9429f2461496986bc7ad8b80cb409
2026-03-18,south,business_date=2026-03-18/sales_south_20260318.csv.gz,1224,2026-03-18 00:00:29,2026-03-18 23:56:58,13165,982d9a0f32edf78a60f6d0ed35c3d5be902e2703d6890d84d9cbff1fc2646eca
2026-03-19,bkk,business_date=2026-03-19/sales_bkk_20260319.csv.gz,2909,2026-03-19 00:02:36,2026-03-19 23:59:43,30473,a08a47f99f628bd0b0cb7db7f9cdaa0f07d6f70477a677df1ae65e98bd70ba4b
2026-03-19,central,business_date=2026-03-19/sales_central_20260319.csv.gz,2151,2026-03-19 00:08:09,2026-03-19 23:54:14,22653,66130c41b6cd621c5b8e0186b954fc784210feacc6555944bc437496194057cf
2026-03-19,north,business_date=2026-03-19/sales_north_20260319.csv.gz,1531,2026-03-19 00:05:03,2026-03-19 23:59:25,16219,5c0cf7ed45c6cf6e15302aae1a161abb683e547bb523cfcf2178c650d6590d78
2026-03-19,northeast,business_date=2026-03-19/sales_northeast_20260319.csv.gz,1654,2026-03-19 00:08:00,2026-03-19 23:59:23,17449,af3c0edf6f7e427c6ecd2c0322504406e8c45c3c18517cad165288d017b8a7c0
2026-03-19,south,business_date=2026-03-19/sales_south_20260319.csv.gz,1247,2026-03-19 00:04:23,2026-03-19 23:59:18,13320,189a264290f846859cb71600aae5b471521986d72ae2658e19efe2182b2b3df9
2026-03-20,bkk,business_date=2026-03-20/sales_bkk_20260320.csv.gz,3003,2026-03-20 00:01:56,2026-03-20 23:59:16,31478,238ad52eb9f995d581f01159369858c2e49375687035a2cdc1b71ef37c22038d
2026-03-20,central,business_date=2026-03-20/sales_central_20260320.csv.gz,2150,2026-03-20 00:10:42,2026-03-20 23:57:48,22643,32b9e3f008e5d08df09a541ac71d65c42eda4e1b01bf9315b77301e1e0ca8ada
2026-03-20,north,business_date=2026-03-20/sales_north_20260320.csv.gz,1449,2026-03-20 00:19:14,2026-03-20 23:57:33,15389,c37f0cc67d9b01d3d10dec77d302324efca4a6834e20b21ed2d65d7d15ba2b79
2026-03-20,northeast,business_date=2026-03-20/sales_northeast_20260320.csv.gz,1662,2026-03-20 00:00:03,2026-03-20 23:59:58,17513,21f4c53819d9c844ccb58d31fde44f69e8d0ec28848be109c22206044880e5d3
2026-03-20,south,business_date=2026-03-20/sales_south_20260320.csv.gz,1159,2026-03-20 00:01:30,2026-03-20 23:55:18,12440,f87c7efb29bb2ad6e3ab5920ee593a6af8fd519f1a3696354a2f5e530f8b95d2
2026-03-21,bkk,business_date=2026-03-21/sales_bkk_20260321.csv.gz,3324,2026-03-21 00:00:24,2026-03-21 23:59:19,34944,5ddacd0fb32fc0ec0c41cd2b1e861afbb53c5e796331012186ccc9d81524f74c
2026-03-21,central,business_date=2026-03-21/sales_central_20260321.csv.gz,2590,2026-03-21 00:03:57,2026-03-21 23:57:37,27180,7ff6dff39730c1f47d3a3cb88b12da2672f6c08055cfc23dea96e13fa5cf76d8
2026-03-21,north,business_date=2026-03-21/sales_north_20260321.csv.gz,1738,2026-03-21 00:07:04,2026-03-21 23:56:48,18342,c192e0d1789df2c8e9dc19783aef41d697a93dde66a2994caf817650c232fff5
2026-03-21,northeast,business_date=2026-03-21/sales_northeast_20260321.csv.gz,1969,2026-03-21 00:00:19,2026-03-21 23:58:43,20642,29b9f26d33f86b8e3bd57e48e4d54d1f117bc05217a4000e3ab6e9b4a4c2e6a0
2026-03-21,south,business_date=2026-03-21/sales_south_20260321.csv.gz,1382,2026-03-21 00:08:16,2026-03-21 23:56:58,14741,c04559be4af1665f776283089737305eac2290a38cf506dc187f773689c7cf84
2026-03-22,bkk,business_date=2026-03-22/sales_bkk_20260322.csv.gz,3288,2026-03-22 00:00:14,2026-03-22 23:59:37,34424,d5ce6f1e969f5f217ae90a76c2d0b0d3186c2b831707899d5764cabe42f7d5e7
2026-03-22,central,business_date=2026-03-22/sales_central_20260322.csv.gz,2547,2026-03-22 00:00:45,2026-03-22 23:59:49,26672,8652c4dd9f14ef6b0880d2cdce7c6ffca239c0be2356d608b4a0e480137db5b9
2026-03-22,north,business_date=2026-03-22/sales_north_20260322.csv.gz,1643,2026-03-22 00:07:28,2026-03-22 23:57:34,17394,21f7bf9538a3c1dad3756f60b836287d0bdbecd2563b6cb6d8091c73880195de
2026-03-22,northeast,business_date=2026-03-22/sales_northeast_20260322.csv.gz,1944,2026-03-22 00:00:45,2026-03-22 23:59:06,20426,7075376cdde6c705e0d0bdabb801b1992a63f16a546574082b8113dd8e8902ee
2026-03-22,south,business_date=2026-03-22/sales_south_20260322.csv.gz,1396,2026-03-22 00:00:20,2026-03-22 23:57:35,14940,3ef4dd2845a50431f780ddf06fd7e0413abad594b109e7e99c4cbaa4aec7207c
2026-03-23,bkk,business_date=2026-03-23/sales_bkk_20260323.csv.gz,2838,2026-03-23 00:01:47,2026-03-23 23:59:17,29791,0ad32067103ac166e3175461a6eef14b7dc536d38279cd8a9a52cce55575d36e
2026-03-23,central,business_date=2026-03-23/sales_central_20260323.csv.gz,2247,2026-03-23 00:01:11,2026-03-23 23:59:17,23686,6fe2818e5b2b4af39476468f160ba0e3b18da315822792e6c5bad603518934ea
2026-03-23,north,business_date=2026-03-23/sales_north_20260323.csv.gz,1399,2026-03-23 00:07:40,2026-03-23 23:58:23,14923,e69e3e698a414b426551534c0d2083ae9fc88ea627893fbd768da6f6f971df5d
2026-03-23,northeast,business_date=2026-03-23/sales_northeast_20260323.csv.gz,1679,2026-03-23 00:01:21,2026-03-23 23:58:45,17672,b03f0f91e65b9e0123aee410e7f7b19cd9c394f4fe2b4256726fe1358b5f6016
2026-03-23,south,business_date=2026-03-23/sales_south_20260323.csv.gz,1250,2026-03-23 00:22:39,2026-03-23 23:58:03,13373,36a7791ae10e85b740e5b6479a3123915333959a4287a3191a252c39e7013862
2026-03-24,bkk,business_date=2026-03-24/sales_bkk_20260324.csv.gz,2901,2026-03-24 00:04:01,2026-03-24 23:56:36,30547,d2520e5e39a815395bcdb46f95638c05ce6c25fdede18c9a51cc8e9a05bc41d0
2026-03-24,central,business_date=2026-03-24/sales_central_20260324.csv.gz,2319,2026-03-24 00:04:44,2026-03-24 23:59:57,24332,688ea495107e5f4896dfbc7f84dfd11464d6146701f638fbab51de5cd4ebbb1a
2026-03-24,north,business_date=2026-03-24/sales_north_20260324.csv.gz,1539,2026-03-24 00:00:27,2026-03-24 23:59:27,16394,cd30de4444fab408fef0a46a1c7db83de6a6af2304edd72f440e374b5ffb42aa
2026-03-24,northeast,business_date=2026-03-24/sales_northeast_20260324.csv.gz,1685,2026-03-24 00:06:27,2026-03-24 23:57:11,17786,ac50dd6e6b39ee337ad6549524cdfef69e5f72292e9299343744e35c2c267690
2026-03-24,south,business_date=2026-03-24/sales_south_20260324.csv.gz,1207,2026-03-24 00:00:22,2026-03-24 23:56:27,12899,acbfa9270240649b83a87a9251ec13e26d22f4139ffe5001b3a872b9fbb5f1ee
2026-03-25,bkk,business_date=2026-03-25/sales_bkk_20260325.csv.gz,3024,2026-03-25 00:03:54,2026-03-25 23:59:17,31642,659fb9aa7596796acee20deb3958caf52298df0d6577ca78969ba3e9bff93fff
2026-03-25,central,business_date=2026-03-25/sales_central_20260325.csv.gz,2195,2026-03-25 00:00:23,2026-03-25 23:59:53,23110,280f24ee62325c5616fe82df4cddbdcf280a289d13765d1d949242905e1b165d
2026-03-25,north,business_date=2026-03-25/sales_north_20260325.csv.gz,1554,2026-03-25 00:02:53,2026-03-25 23:59:05,16492,29c6b2a4f3484496b730c3240d8d8c07231e920e65e276f87944c54bf448f333
2026-03-25,northeast,business_date=2026-03-25/sales_northeast_20260325.csv.gz,1660,2026-03-25 00:14:04,2026-03-25 23:59:41,17485,a38032a17f45732a7d262e7b9e350160ad6846eb8862b9942fd4b7b2cf70f925
2026-03-25,south,business_date=2026-03-25/sales_south_20260325.csv.gz,1153,2026-03-25 00:00:30,2026-03-25 23:49:30,12377,edfe0bf3cc1717617b56beb6de707feb587e7e4260ddf874e1b05e2504fffd45
2026-03-26,bkk,business_date=2026-03-26/sales_bkk_20260326.csv.gz,2904,2026-03-26 00:00:31,2026-03-26 23:56:59,30522,561e61800c893c765e3c0087b035f46a11d8ffd8a0cebf777a91b35ea2ff5ff2
2026-03-26,central,business_date=2026-03-26/sales_central_20260326.csv.gz,2286,2026-03-26 00:02:53,2026-03-26 23:54:17,23965,51feab6342eb67a7da66f36f6473444102fc85d700b7d11323f4cc64c443fd31
2026-03-26,north,business_date=2026-03-26/sales_north_20260326.csv.gz,1474,2026-03-26 00:06:07,2026-03-26 23:58:47,15681,2d85eabd822c4e3e12c3921a5e64d4db60676eae51351e87d05e82632f09ebb8
2026-03-26,northeast,business_date=2026-03-26/sales_northeast_20260326.csv.gz,1557,2026-03-26 00:07:59,2026-03-26 23:59:00,16518,7a4cb2a6dae5a267d80b0959950eff4dd1093a83f421f348a3d3071fa53d56e6
2026-03-26,south,business_date=2026-03-26/sales_south_20260326.csv.gz,1154,2026-03-26 00:06:47,2026-03-26 23:59:52,12418,f154d04d67cdc5e4d175f7fa4d5c048687a126c523f145ed1fc8e2591c6eb861
2026-03-27,bkk,business_date=2026-03-27/sales_bkk_20260327.csv.gz,3163,2026-03-27 00:02:21,2026-03-27 23:59:36,33127,6e8fa2df0440b7e0a60f9024e329c99b8b178388b85c8b9444dc417ef450ca2f
2026-03-27,central,business_date=2026-03-27/sales_central_20260327.csv.gz,2314,2026-03-27 00:05:25,2026-03-27 23:59:42,24307,ec3e2998b023abde78254fd775ac5447c12cf95925406f3d47c48750d17dcac4
2026-03-27,north,business_date=2026-03-27/sales_north_20260327.csv.gz,1443,2026-03-27 00:05:27,2026-03-27 23:58:10,15386,09453fc4eaa4a8760f3097e2e3dc0d5640ae189b6feb841bd56673a76cc05962
2026-03-27,northeast,business_date=2026-03-27/sales_northeast_20260327.csv.gz,1590,2026-03-27 00:01:40,2026-03-27 23:56:53,16802,2c1f9eb7ac1ecd2336e82c52d49e66cff89fead2bf7b783f2164d34b0da4a36d
2026-03-27,south,business_date=2026-03-27/sales_south_20260327.csv.gz,1209,2026-03-27 00:05:11,2026-03-27 23:56:41,12989,e40b0f55b636ef1b3de1ad6a89b74e04971889f88bcbb3b8b7d3c66cc312e09e
2026-03-28,bkk,business_date=2026-03-28/sales_bkk_20260328.csv.gz,3524,2026-03-28 00:00:01,2026-03-28 23:58:30,36863,3cec8627e163602096c1b0d985016f86802f7770843c16f955f512f3c00dc5bd
2026-03-28,central,business_date=2026-03-28/sales_central_20260328.csv.gz,2721,2026-03-28 00:06:19,2026-03-28 23:58:41,28446,c4be660c19784fba751dedb5149a8f00a0e1fbd4444ddbe88fecc51c8f4cd69d
2026-03-28,north,business_date=2026-03-28/sales_north_20260328.csv.gz,1636,2026-03-28 00:02:26,2026-03-28 23:56:50,17313,43c1af3d647e73645be0f78de7d3cc386e6b1b8e575757d60064b46ecba81407
2026-03-28,northeast,business_date=2026-03-28/sales_northeast_20260328.csv.gz,1827,2026-03-28 00:00:13,2026-03-28 23:59:13,19221,6ad33c8541b472823379a96076b110b92097f1ae1c06a270da5fa7a10196b6d4
2026-03-28,south,business_date=2026-03-28/sales_south_20260328.csv.gz,1437,2026-03-28 00:02:19,2026-03-28 23:57:14,15312,9305c2cfb3e95bc8aab341e9dfdaf6e3c7556468851ba6d36ae6e3d148e8918e
2026-03-29,bkk,business_date=2026-03-29/sales_bkk_20260329.csv.gz,3433,2026-03-29 00:00:55,2026-03-29 23:58:15,35932,695fe50dd3131864d72305eb5356b4c8b692735076611a2deff1d37d7b4463bf
2026-03-29,central,business_date=2026-03-29/sales_central_20260329.csv.gz,2626,2026-03-29 00:00:07,2026-03-29 23:55:04,27486,d6a2fd18c6e2c6b8bb97b9664548d8cb830299881a0246329d4792475a2f9269
2026-03-29,north,business_date=2026-03-29/sales_north_20260329.csv.gz,1746,2026-03-29 00:01:10,2026-03-29 23:58:52,18490,57b68b15e984add3c17bbabd19cfd82a5b96c181a214a35f8ff4fc19e4662323
2026-03-29,northeast,business_date=2026-03-29/sales_northeast_20260329.csv.gz,1931,2026-03-29 00:04:47,2026-03-29 23:54:37,20402,28d02ce5c49ad2c8ae01b3ca67293445f847035b25321b8f4f4db851ea81cc3b
2026-03-29,south,business_date=2026-03-29/sales_south_20260329.csv.gz,1475,2026-03-29 00:00:47,2026-03-29 23:56:08,15711,ed4b4605fac3af1d108815c67481431d04074e5d94604e9f83e5fd9bf9cb3240
2026-03-30,bkk,business_date=2026-03-30/sales_bkk_20260330.csv.gz,2909,2026-03-30 00:00:25,2026-03-30 23:59:58,30551,9368c606b0af0a2a8b935a3d79ccfe40661a57953885a29b97bd57cc90049e01
2026-03-30,central,business_date=2026-03-30/sales_central_20260330.csv.gz,2171,2026-03-30 00:00:11,2026-03-30 23:59:19,22791,76ec83dc075182dd21e441dd1740e568b223f2285c1985073d5601f59d5c2cef
2026-03-30,north,business_date=2026-03-30/sales_north_20260330.csv.gz,1529,2026-03-30 00:00:43,2026-03-30 23:54:21,16266,cca361c3ba5f20bfcbb0fdfc72a93ff5e9316f6dc9c799eadf115417f35e42a0
2026-03-30,northeast,business_date=2026-03-30/sales_northeast_20260330.csv.gz,1741,2026-03-30 00:01:28,2026-03-30 23:55:42,18350,25ef993a7515f65bb4b3b148cebf599038f133fe88509e6eae7dfe251a5fbe01
2026-03-30,south,business_date=2026-03-30/sales_south_20260330.csv.gz,1243,2026-03-30 00:04:09,2026-03-30 23:39:14,13331,9428591179537f937ae22aa95e4093ed29ab1985f4a68c5113155b9a410e3648
2026-03-31,bkk,business_date=2026-03-31/sales_bkk_20260331.csv.gz,2922,2026-03-31 00:02:35,2026-03-31 23:55:22,30648,2985b1ad5b29b7ee258233eaea6cfb299ad1c7e852a2ce7b4211d5067375f24f
2026-03-31,central,business_date=2026-03-31/sales_central_20260331.csv.gz,2251,2026-03-31 00:08:03,2026-03-31 23:54:46,23662,37e01dfaa141239994b00c8a2c4901ec43b0d22c3909781eace0b325a41f76ea
2026-03-31,north,business_date=2026-03-31/sales_north_20260331.csv.gz,1514,2026-03-31 00:04:03,2026-03-31 23:57:01,16149,c34f4972740aa7e7c4f61d5dba3b23375720c069c034bba6269f9e3a3365b2d0
2026-03-31,northeast,business_date=2026-03-31/sales_northeast_20260331.csv.gz,1582,2026-03-31 00:02:58,2026-03-31 23:53:23,16703,35487b871cbd2a3d7f458655cbe8774948f0c054de1f5634bda88598b9a8f1df
2026-03-31,south,business_date=2026-03-31/sales_south_20260331.csv.gz,1240,2026-03-31 00:02:06,2026-03-31 23:52:21,13318,f34f63c801e61b1ebdd48aaeecd4d59937f6eadb3b153b5aac958f8a36bdd2c1
2026-04-01,bkk,business_date=2026-04-01/sales_bkk_20260401.csv.gz,2830,2026-04-01 00:04:01,2026-04-01 23:59:36,29806,68f0c609295a8faa591f36b086be92a7c8f87d06abb74fceba29d0e07135eaae
2026-04-01,central,business_date=2026-04-01/sales_central_20260401.csv.gz,2368,2026-04-01 00:01:45,2026-04-01 23:59:08,24797,65882a53b81491ec83a733da3715c13961a35cbaac214f878cb8716694231e72
2026-04-01,north,business_date=2026-04-01/sales_north_20260401.csv.gz,1255,2026-04-01 00:02:25,2026-04-01 23:58:03,13381,c8c179bb5e1b592d899170b819ddcee87887b97b4cfa88e06e43581fb8c3da14
2026-04-01,northeast,business_date=2026-04-01/sales_northeast_20260401.csv.gz,1930,2026-04-01 00:03:02,2026-04-01 23:59:19,20336,3f17eb6e6e986383d403944fcf96aa082a12ae8f3d804fe3baaaa6c100aa83d2
2026-04-01,south,business_date=2026-04-01/sales_south_20260401.csv.gz,1096,2026-04-01 00:00:03,2026-04-01 23:59:48,11803,af5c1c6e718a21fd5781fb9cdb1867d07dcc6b18431dbd4a9948817d6671be95
2026-04-02,bkk,business_date=2026-04-02/sales_bkk_20260402.csv.gz,3089,2026-04-02 00:03:38,2026-04-02 23:58:28,32422,e024737a03bf696f6faccdcadd97106632fa50cfe2062324d0777b6044256003
2026-04-02,central,business_date=2026-04-02/sales_central_20260402.csv.gz,2275,2026-04-02 00:07:11,2026-04-02 23:57:00,23845,404cac5fccbab40b90b0f04553a7b40d348a39e16b5ba345da1e15c00f6952b5
2026-04-02,north,business_date=2026-04-02/sales_north_20260402.csv.gz,1302,2026-04-02 00:00:55,2026-04-02 23:58:55,13902,43cc86e616000a9dbb05adeaa77e2ac4f5d643ae0ca7c44b2d97083bf16e0c88
2026-04-02,northeast,business_date=2026-04-02/sales_northeast_20260402.csv.gz,1949,2026-04-02 00:11:45,2026-04-02 23:58:30,20460,cb126311c77f2037cd2191fa920c5b64f9a14a944ffa7178ddc52d5b89a16d4c
2026-04-02,south,business_date=2026-04-02/sales_south_20260402.csv.gz,1189,2026-04-02 00:10:48,2026-04-02 23:58:34,12757,8fd6ed4988688925defc084a489b6610f8924bf271b840336580fd35282b2423
2026-04-03,bkk,business_date=2026-04-03/sales_bkk_20260403.csv.gz,3046,2026-04-03 00:06:17,2026-04-03 23:57:41,31798,7ffcc330d1e72a533866781f33c88845c32ea3e626399585ff3925157d2e8fd8
2026-04-03,central,business_date=2026-04-03/sales_central_20260403.csv.gz,2298,2026-04-03 00:01:03,2026-04-03 23:59:26,24148,c1a151f679583d081ab78befd7ccc656f030e9aa1a624a045eb798adc7249997
2026-04-03,north,business_date=2026-04-03/sales_north_20260403.csv.gz,1363,2026-04-03 00:06:13,2026-04-03 23:54:29,14554,9fac24c8e309026067540824f9e1a94c1f47edb9fcf7ee2df30ac6280bc365b7
2026-04-03,northeast,business_date=2026-04-03/sales_northeast_20260403.csv.gz,1870,2026-04-03 00:04:07,2026-04-03 23:58:48,19707,6d108b8100f24104e53b975263543ed631fad6432d59c89560441459b9f19d7d
2026-04-03,south,business_date=2026-04-03/sales_south_20260403.csv.gz,1219,2026-04-03 00:06:38,2026-04-03 23:51:37,13085,3c77d451395b79b1e977acc5e50a51f16a7c54685319c65ecb87ccf7a288d04c
2026-04-04,bkk,business_date=2026-04-04/sales_bkk_20260404.csv.gz,3576,2026-04-04 00:00:01,2026-04-04 23:57:58,37368,c2b16f4de9283eb956391ba409bea8657d4ba648602b5b3f2a2be58acd41fd18
2026-04-04,central,business_date=2026-04-04/sales_central_20260404.csv.gz,2750,2026-04-04 00:00:45,2026-04-04 23:55:47,28796,8cfaed40a1f7096bb2e7e27a65d1a47f99d8f70b3916100239774d5f47217036
2026-04-04,north,business_date=2026-04-04/sales_north_20260404.csv.gz,1501,2026-04-04 00:01:04,2026-04-04 23:54:53,15978,ee8edf76a0812d755032afb93146174da34e955bea9b80a1131cb5105ff401f4
2026-04-04,northeast,business_date=2026-04-04/sales_northeast_20260404.csv.gz,2201,2026-04-04 00:10:12,2026-04-04 23:59:58,23141,b06b83534e22defd13c5b75658d0fbe35c111fb984bf38a087db91a7d07de75e
2026-04-04,south,business_date=2026-04-04/sales_south_20260404.csv.gz,1302,2026-04-04 00:00:44,2026-04-04 23:56:51,13976,32e12cb83e2b88e64e5fb043e13eb5a100e8cbdc3a50e5149c38b78cf825641b
2026-04-05,bkk,business_date=2026-04-05/sales_bkk_20260405.csv.gz,3540,2026-04-05 00:00:55,2026-04-05 23:57:48,37104,97d972ef3f6ea586a6351570c544373fb682e74151494c7d80fcffa66215f711
2026-04-05,central,business_date=2026-04-05/sales_central_20260405.csv.gz,2636,2026-04-05 00:00:24,2026-04-05 23:59:23,27652,ece4f7842f77e799a18bdf82aef88e28b02c794d71f7aaa2b442438be79a0508
2026-04-05,north,business_date=2026-04-05/sales_north_20260405.csv.gz,1480,2026-04-05 00:00:07,2026-04-05 23:58:10,15757,86a69ecb7b7e5c01cd92f598a8d22ec6913eba51e44b678faa18c208a6621f90
2026-04-05,northeast,business_date=2026-04-05/sales_northeast_20260405.csv.gz,2121,2026-04-05 00:04:15,2026-04-05 23:58:24,22277,c5de07619faee9b2e760cabcdd9d0f5e4ef9cb1afd769ed49ce683ab3751264f
2026-04-05,south,business_date=2026-04-05/sales_south_20260405.csv.gz,1321,2026-04-05 00:02:25,2026-04-05 23:59:11,14102,24e7d0b2fcf8e893010f7c9d92e6e199c9361a1f13ee63d45895375aecf89c3f
2026-04-06,bkk,business_date=2026-04-06/sales_bkk_20260406.csv.gz,3048,2026-04-06 00:00:15,2026-04-06 23:59:57,31913,30225adaa9bcdc3124fa8f920b58ca9b1ee2792308ac383b3afd947a27138995
2026-04-06,central,business_date=2026-04-06/sales_central_20260406.csv.gz,2216,2026-04-06 00:06:04,2026-04-06 23:56:45,23297,efa89566aa14f22f81266f918857cb33d749424a96755291646eff4d4839eed3
2026-04-06,north,business_date=2026-04-06/sales_north_20260406.csv.gz,1304,2026-04-06 00:04:32,2026-04-06 23:58:17,13956,08d25fc810fb4489830823ae0d4a635a4030691c757f8a2d85d77ddc22e453c0
2026-04-06,northeast,business_date=2026-04-06/sales_northeast_20260406.csv.gz,1758,2026-04-06 00:01:41,2026-04-06 23:59:59,18491,d5cd5461610464fc0389ca945fab95148f13694b6ca4f470695b3441de3df113
2026-04-06,south,business_date=2026-04-06/sales_south_20260406.csv.gz,1106,2026-04-06 00:10:34,2026-04-06 23:53:54,11888,2286dd553d9822e6285092ce490d3d319cb4dda5e3bb7422d317f68cec90dae6
2026-04-07,bkk,business_date=2026-04-07/sales_bkk_20260407.csv.gz,3003,2026-04-07 00:04:09,2026-04-07 23:58:49,31527,49760b8a3f2147cc5d5d3a60c73f68536a2ce88a45dc0ecc67279cc44713288c
2026-04-07,central,business_date=2026-04-07/sales_central_20260407.csv.gz,2222,2026-04-07 00:15:18,2026-04-07 23:55:14,23347,89e54b3a08a7df215dc3306fe38a1dfafa884466c2431919ab0f3222451bb21c
2026-04-07,north,business_date=2026-04-07/sales_north_20260407.csv.gz,1266,2026-04-07 00:00:55,2026-04-07 23:56:28,13547,0ff1e5c7b497861d223961c7cd2faad1da610aea2e74f02b8fd94306a204a85f
2026-04-07,northeast,business_date=2026-04-07/sales_northeast_20260407.csv.gz,1926,2026-04-07 00:05:04,2026-04-07 23:59:05,20220,8df2311a432b34d2aaeb71fe1070b3caa712dd1bcab5f51b47a69017b8a75ba5
2026-04-07,south,business_date=2026-04-07/sales_south_20260407.csv.gz,1116,2026-04-07 00:02:50,2026-04-07 23:59:22,12057,f045ca2923ce6fc5f61d6019166b9d6fb9bd940aca299ada1e6f875d47efe920
2026-04-08,bkk,business_date=2026-04-08/sales_bkk_20260408.csv.gz,2936,2026-04-08 00:04:41,2026-04-08 23:59:06,30866,94b52d4fc224d5dfd13db6b19c6d504cffa805b30dbf5004fdb021d0a10c3af6
2026-04-08,central,business_date=2026-04-08/sales_central_20260408.csv.gz,2392,2026-04-08 00:00:37,2026-04-08 23:58:13,25079,358528c600af9e25773a8621f2641f710bb6fd61c0ccf70acf56e2bb96dd8df3
2026-04-08,north,business_date=2026-04-08/sales_north_20260408.csv.gz,1346,2026-04-08 00:04:32,2026-04-08 23:46:10,14383,a56eb4a4af1751a3574b4a9b5d3d88817a65eefa65d7badcf356de353ea531b7
2026-04-08,northeast,business_date=2026-04-08/sales_northeast_20260408.csv.gz,1812,2026-04-08 00:12:19,2026-04-08 23:57:37,19096,f5533aa8ab55310f2753f8e80535916794755511bb8d8aad8e4025ace536fd6d
2026-04-08,south,business_date=2026-04-08/sales_south_20260408.csv.gz,1147,2026-04-08 00:03:05,2026-04-08 23:53:11,12417,9d4fb887ba819387d9b00eee58bc66d53776aa685311d45f7637ee87e20d1711
2026-04-09,bkk,business_date=2026-04-09/sales_bkk_20260409.csv.gz,3035,2026-04-09 00:12:01,2026-04-09 23:58:22,31840,09f6116a33183ead44742c567cadb0c09c29997d2e62b67ff91a18b96ffe9f0b
2026-04-09,central,business_date=2026-04-09/sales_central_20260409.csv.gz,2154,2026-04-09 00:02:03,2026-04-09 23:57:27,22640,7f51b3e03a9916f83f63f4be5ed7cfdc947632bcd877c18009c35c059be49b34
2026-04-09,north,business_date=2026-04-09/sales_north_20260409.csv.gz,1304,2026-04-09 00:01:04,2026-04-09 23:55:58,13956,cc0b451b0d634c54b26fa2af6b064d43e4e32a8a41770469b9ef96bb00c93d7b
2026-04-09,northeast,business_date=2026-04-09/sales_northeast_20260409.csv.gz,1950,2026-04-09 00:04:23,2026-04-09 23:56:22,20513,a4d573f876d15ab4d8fd543c46e4381d362e3b7021547f59b30e351d31a522fc
2026-04-09,south,business_date=2026-04-09/sales_south_20260409.csv.gz,1097,2026-04-09 00:13:16,2026-04-09 23:52:53,11799,23d42e6ccb33407d4ef4a40602099f252102c3d12e4b4290b523dffa0fbc865c
2026-04-10,bkk,business_date=2026-04-10/sales_bkk_20260410.csv.gz,3021,2026-04-10 00:01:27,2026-04-10 23:59:48,31644,323cc63aacc8be9a03aab077394d7c28a1b76fa9c23cf0aeafd296520b3d0d1e
2026-04-10,central,business_date=2026-04-10/sales_central_20260410.csv.gz,2311,2026-04-10 00:11:43,2026-04-10 23:59:47,24257,458639c3f895e16acd067ad6165e5a5b138754ae9b39413aaeba4dee543acc9d
2026-04-10,north,business_date=2026-04-10/sales_north_20260410.csv.gz,1239,2026-04-10 00:03:32,2026-04-10 23:58:39,13259,dfb85ab340b4b6360099cbab709579eb93c14179489d06a03b3a42cca03ad476
2026-04-10,northeast,business_date=2026-04-10/sales_northeast_20260410.csv.gz,1925,2026-04-10 00:00:14,2026-04-10 23:59:56,20293,e46ffcbc18bc67d5b4f64e22d0fc95a2c866ca4306155cd3d55d245c46448a90
2026-04-10,south,business_date=2026-04-10/sales_south_20260410.csv.gz,1112,2026-04-10 00:00:56,2026-04-10 23:52:28,11943,f86102c1080752cdb2894756c5e49d0f4fa9ce30624820b8e490ad2e84b4a42b
2026-04-11,bkk,business_date=2026-04-11/sales_bkk_20260411.csv.gz,3482,2026-04-11 00:05:04,2026-04-11 23:58:48,36408,595f82246d874e0b5e2cc0d6204640f834a0e7cd405e617fc0eb1d3782561f66
2026-04-11,central,business_date=2026-04-11/sales_central_20260411.csv.gz,2499,2026-04-11 00:05:29,2026-04-11 23:56:53,26177,71280cac6b6b959aeb716764ded9bcbada057c7cb90fa8433e338b355acce4bd
2026-04-11,north,business_date=2026-04-11/sales_north_20260411.csv.gz,1492,2026-04-11 00:00:59,2026-04-11 23:58:26,15853,873d8175d01a74c5c7b7f57051fbbd809743571dd6bafb294588404d7919c42a
2026-04-11,northeast,business_date=2026-04-11/sales_northeast_20260411.csv.gz,2038,2026-04-11 00:01:43,2026-04-11 23:57:40,21442,b40d8e2cb9701f9e5b3a300281c1174a802bf2392cfa4848c21567c7a433da34
2026-04-11,south,business_date=2026-04-11/sales_south_20260411.csv.gz,1390,2026-04-11 00:08:27,2026-04-11 23:59:16,14876,9f861d16f9b14c8600893a89c0460f2e1648ec579a3d39623c00879d581ea1cf
2026-04-12,bkk,business_date=2026-04-12/sales_bkk_20260412.csv.gz,3583,2026-04-12 00:02:37,2026-04-12 23:59:54,37517,81a5954107bbcd8bf81ec20c585998cd7edae3ebba0aeef5482ca95e7f5dca1f
2026-04-12,central,business_date=2026-04-12/sales_central_20260412.csv.gz,2783,2026-04-12 00:02:03,2026-04-12 23:57:35,29186,96413054b07ef374ee480640e906a9200955b1785fd0bdd7e7c11e3ea0efe7f4
2026-04-12,north,business_date=2026-04-12/sales_north_20260412.csv.gz,1526,2026-04-12 00:05:54,2026-04-12 23:58:07,16153,a4502b34b87f8a73bc284012077431fdf505895383579d2aab73ceb79aff4e61
2026-04-12,northeast,business_date=2026-04-12/sales_northeast_20260412.csv.gz,2042,2026-04-12 00:01:57,2026-04-12 23:52:34,21380,74837c2881ce594d91c1a99b47afb4a9af062d8fb476f4664f4dc03d558591d6
2026-04-12,south,business_date=2026-04-12/sales_south_20260412.csv.gz,1390,2026-04-12 00:08:52,2026-04-12 23:50:21,14821,581e865e6bff115f105fc121ccbd03dda7aaa6ee1f457c49d6c1fb45df2a2e0c
2026-04-13,bkk,business_date=2026-04-13/sales_bkk_20260413.csv.gz,2793,2026-04-13 00:01:22,2026-04-13 23:59:21,29380,d09c00df6fa07ddc4580463acccf7ac70dd958130a86e2fac68febe7f435863c
2026-04-13,central,business_date=2026-04-13/sales_central_20260413.csv.gz,2306,2026-04-13 00:01:59,2026-04-13 23:59:10,24205,e45413c565a7488df6b96cce8d21710f1476dde7f14273a641ad792120d67ed6
2026-04-13,north,business_date=2026-04-13/sales_north_20260413.csv.gz,1380,2026-04-13 00:03:05,2026-04-13 23:55:49,14773,35ccc931c064808f6e24f953e2485f3e83e06dc8a29fa819879d2c5209c57d08
2026-04-13,northeast,business_date=2026-04-13/sales_northeast_20260413.csv.gz,1752,2026-04-13 00:04:53,2026-04-13 23:59:52,18484,e438764f3b780459bf1629bcf13e3c9457e09ed73c37264b5c947c5dd4c6ce73
2026-04-13,south,business_date=2026-04-13/sales_south_20260413.csv.gz,1175,2026-04-13 00:05:07,2026-04-13 23:57:20,12669,81fa80337c07704d4939efff840654a9b25e7fe3021263a8cec86cb5303d01bc
2026-04-14,bkk,business_date=2026-04-14/sales_bkk_20260414.csv.gz,3059,2026-04-14 00:00:43,2026-04-14 23:54:58,31978,fda7a0e9e875f3db2d85d889708efa9022b0c811a69ea9f954da132df1ec5019
2026-04-14,central,business_date=2026-04-14/sales_central_20260414.csv.gz,2167,2026-04-14 00:01:28,2026-04-14 23:58:17,22757,c32602aae19ec618d1f82b5fa2d96a62ab9f99cbc66770b81d512778b8ad9613
2026-04-14,north,business_date=2026-04-14/sales_north_20260414.csv.gz,1358,2026-04-14 00:05:48,2026-04-14 23:57:28,14480,8d29ef486afe08984af85d551af6fcc409a154c2b924f0db4854531c94ed9c82
2026-04-14,northeast,business_date=2026-04-14/sales_northeast_20260414.csv.gz,1837,2026-04-14 00:00:52,2026-04-14 23:58:33,19462,2dbdbfe1bf644196eef45609abd884bf84c35790d83bf4cc9615a89b0e383f40
2026-04-14,south,business_date=2026-04-14/sales_south_20260414.csv.gz,1119,2026-04-14 00:02:34,2026-04-14 23:55:25,12043,eebe6273405ea55cc467705e1d66495f3af2b608f99298d7686aa4fe5da5b57d
2026-04-15,bkk,business_date=2026-04-15/sales_bkk_20260415.csv.gz,3032,2026-04-15 00:02:09,2026-04-15 23:57:11,31870,f14c73aa7d6140ceb855f955621389bfde4dd9c7a3daad32b8534f84c627f507
2026-04-15,central,business_date=2026-04-15/sales_central_20260415.csv.gz,2380,2026-04-15 00:04:45,2026-04-15 23:57:16,25019,3a5eec18ba39d41a9ae2aa4e29da10cba36393bc7f7ef03d39131b2e04d0ac2e
2026-04-15,north,business_date=2026-04-15/sales_north_20260415.csv.gz,1312,2026-04-15 00:12:21,2026-04-15 23:58:37,14059,571d2861b11c88ff23e7a47a2ecf0ee9642e44c3e5865d904b0482569b53cf7f
2026-04-15,northeast,business_date=2026-04-15/sales_northeast_20260415.csv.gz,1939,2026-04-15 00:01:04,2026-04-15 23:58:47,20455,16ee4153615946fecb6ecd2b75727156e33d7cebf627c1bffda3f292cc7be4b7
2026-04-15,south,business_date=2026-04-15/sales_south_20260415.csv.gz,1173,2026-04-15 00:01:43,2026-04-15 23:58:49,12640,f5696278c746e5ca0426f98b5dfcaa6f01cfc4a02b4668896104018b451d354e
2026-04-16,bkk,business_date=2026-04-16/sales_bkk_20260416.csv.gz,3031,2026-04-16 00:05:29,2026-04-16 23:59:25,31783,2b6d16b51662a5a2ec24b95e83ebbe3de1225a97b3d7f63458ec36753284ca61
2026-04-16,central,business_date=2026-04-16/sales_central_20260416.csv.gz,2407,2026-04-16 00:02:19,2026-04-16 23:56:30,25238,337f0c2a6085d8062c80f7ff097c59a1c06f0e460279f552ee8e4ba84623dbbb
2026-04-16,north,business_date=2026-04-16/sales_north_20260416.csv.gz,1337,2026-04-16 00:06:34,2026-04-16 23:58:30,14311,1b0fbfaff41aedf985b95d4ba635863e7e307927d856aac918219ebce3e15887
2026-04-16,northeast,business_date=2026-04-16/sales_northeast_20260416.csv.gz,1765,2026-04-16 00:06:36,2026-04-16 23:55:11,18646,e6d7079f22bf9205ea1c0b98956501f088443a057ac46dc6fc62162398c51cd5
2026-04-16,south,business_date=2026-04-16/sales_south_20260416.csv.gz,1163,2026-04-16 00:05:50,2026-04-16 23:57:14,12517,9d5baac6dff1d4b889cf41aed6d1b16e350615343debb5ef1f7ebfefb99e8b7d
2026-04-17,bkk,business_date=2026-04-17/sales_bkk_20260417.csv.gz,2842,2026-04-17 00:02:08,2026-04-17 23:59:02,29868,4c5252d7d9cf7c303e510438e8735a3f45156a200c1aa240b8df93ce5ea96814
2026-04-17,central,business_date=2026-04-17/sales_central_20260417.csv.gz,2344,2026-04-17 00:00:05,2026-04-17 23:57:14,24516,2d51656ccfa1bcbfdcde39b896893d5a7d4fa741ba103faf3b3aabf60194c19d
2026-04-17,north,business_date=2026-04-17/sales_north_20260417.csv.gz,1275,2026-04-17 00:06:10,2026-04-17 23:47:36,13567,664ab71ab6ea0be69b6f3f50fcef159b59482116ea0add4db81e385ddfa51340
2026-04-17,northeast,business_date=2026-04-17/sales_northeast_20260417.csv.gz,1875,2026-04-17 00:06:14,2026-04-17 23:59:29,19700,df3eb75d98774b8a8c1cf2c4b70d19b2247b84009cbb4b82a59b8458eb06a86b
2026-04-17,south,business_date=2026-04-17/sales_south_20260417.csv.gz,1188,2026-04-17 00:00:33,2026-04-17 23:56:26,12810,b2a945d9410d133c9abd7165c3db3e57d2767c96b4ec3497b66fff2de06b7f73
2026-04-18,bkk,business_date=2026-04-18/sales_bkk_20260418.csv.gz,3468,2026-04-18 00:00:43,2026-04-18 23:58:41,36307,4780d9aacc81df0832b61220cf4e653c75466906dba8d8836e5e0616b487ece8
2026-04-18,central,business_date=2026-04-18/sales_central_20260418.csv.gz,2566,2026-04-18 00:08:16,2026-04-18 23:59:09,26810,54fa84cf3cb76ad316e1f965e6352d204a40996bacaf0bae341d4fcb2f99a4dc
2026-04-18,north,business_date=2026-04-18/sales_north_20260418.csv.gz,1605,2026-04-18 00:01:53,2026-04-18 23:59:22,16997,29a8f2d3cf9afa1a83f041e29ace312a2744f07c3c266197395c009f8aa09849
2026-04-18,northeast,business_date=2026-04-18/sales_northeast_20260418.csv.gz,2192,2026-04-18 00:00:22,2026-04-18 23:59:30,23005,c66ef25bd04ea135d45f1d0e15ab513d1cb73e38ec979edb8cdb6837f9c58733
2026-04-18,south,business_date=2026-04-18/sales_south_20260418.csv.gz,1310,2026-04-18 00:02:22,2026-04-18 23:59:47,13973,bbbcc05db09867e8fcbcf4c145a35c6b3e2c6ca0f6155b60ff86b74724c6d372
2026-04-19,bkk,business_date=2026-04-19/sales_bkk_20260419.csv.gz,3252,2026-04-19 00:02:01,2026-04-19 23:58:06,34014,419f6188fd6af0968b1188044ffb337f80bc222ee3cc010f2bc1ef3047b37589
2026-04-19,central,business_date=2026-04-19/sales_central_20260419.csv.gz,2721,2026-04-19 00:03:10,2026-04-19 23:58:09,28489,77fb2abc0edba6c71e669f01c2ab79cb105b286d6d8389506be00b15fce3e726
2026-04-19,north,business_date=2026-04-19/sales_north_20260419.csv.gz,1538,2026-04-19 00:10:37,2026-04-19 23:51:21,16274,7ab697aff70517e9f892c73083de4fa857d9661f4613b1bb90ccb2974564c394
2026-04-19,northeast,business_date=2026-04-19/sales_northeast_20260419.csv.gz,2232,2026-04-19 00:04:29,2026-04-19 23:58:38,23381,047f1c0f1670c62e56a0056ec5d3be9440a6ee2c6a8c8f95ae1228599558b8f7
2026-04-19,south,business_date=2026-04-19/sales_south_20260419.csv.gz,1365,2026-04-19 00:02:44,2026-04-19 23:58:15,14561,e2f109baf5d685c866af392f17ea0aca6b8a3edf18e449a63d3b69b1f415d5e0
2026-04-20,bkk,business_date=2026-04-20/sales_bkk_20260420.csv.gz,2832,2026-04-20 00:03:07,2026-04-20 23:56:46,29713,202a2d30943ded6b1b81dfe264b6f862bf7a3443f710a8cd69d34bd19c128b29
2026-04-20,central,business_date=2026-04-20/sales_central_20260420.csv.gz,2325,2026-04-20 00:03:40,2026-04-20 23:59:58,24383,b848f6443d6cf1f027ff4f162dea9e07d149cb267beb09677f27968688645291
2026-04-20,north,business_date=2026-04-20/sales_north_20260420.csv.gz,1321,2026-04-20 00:06:14,2026-04-20 23:59:22,14075,97a5f233caf2507ea3a8c9433d820e8822eb1d994b50d27f5e73c1b152d58e66
2026-04-20,northeast,business_date=2026-04-20/sales_northeast_20260420.csv.gz,1849,2026-04-20 00:03:25,2026-04-20 23:55:15,19519,a6a3943f3f230cf1b6cc6b978b32f6604dc381729e6f490790d542626ba84ca9
2026-04-20,south,business_date=2026-04-20/sales_south_20260420.csv.gz,1204,2026-04-20 00:05:08,2026-04-20 23:54:38,12951,e01dd320833f8ae44596ff7fabc36bc442f679ce3ba4e4f25cd511b2facc44a2
2026-04-21,bkk,business_date=2026-04-21/sales_bkk_20260421.csv.gz,2824,2026-04-21 00:00:16,2026-04-21 23:58:57,29635,11418933f74a83cad10763bf8490faa718aae3cff25a2e434f55880c95aa40f7
2026-04-21,central,business_date=2026-04-21/sales_central_20260421.csv.gz,2393,2026-04-21 00:02:17,2026-04-21 23:59:53,25125,b9fab429546d27711821539f71636b0fd01cf5181b528a5d0cb9db7729beab8d
2026-04-21,north,business_date=2026-04-21/sales_north_20260421.csv.gz,1260,2026-04-21 00:01:20,2026-04-21 23:59:04,13460,b11862376dc5549ef08540d068fd0bcac56eec715d8e97553ce396028463b85e
2026-04-21,northeast,business_date=2026-04-21/sales_northeast_20260421.csv.gz,1746,2026-04-21 00:06:59,2026-04-21 23:59:48,18445,627172a025c9677d2d51ba135dab7913452b1e4ae062dc3a90f736320f8acc8a
2026-04-21,south,business_date=2026-04-21/sales_south_20260421.csv.gz,1109,2026-04-21 00:00:53,2026-04-21 23:59:47,12005,87d6b2d551600cbcc9a23fd44e1df78ef43267752b4af888e716d4c66214c2ba
2026-04-22,bkk,business_date=2026-04-22/sales_bkk_20260422.csv.gz,3003,2026-04-22 00:02:20,2026-04-22 23:59:55,31493,a0d9eb232e31f6f87c732043a063cc4e70a10da22db80d5db52b5c021bdef68d
2026-04-22,central,business_date=2026-04-22/sales_central_20260422.csv.gz,2203,2026-04-22 00:07:42,2026-04-22 23:59:49,23204,5c803709bc2ad6215be41eb3bf7a6f4a314fd3c02c5f6503b861905c5feacf6c
2026-04-22,north,business_date=2026-04-22/sales_north_20260422.csv.gz,1367,2026-04-22 00:10:29,2026-04-22 23:57:10,14606,f12f1b75a2c152aac8f49be4d8fa2999394e41e1977898eb5808a9b34c11de93
2026-04-22,northeast,business_date=2026-04-22/sales_northeast_20260422.csv.gz,1749,2026-04-22 00:04:03,2026-04-22 23:57:16,18486,fce98a232b1d5938060f538697956d903856f541cf791180dcb35dc0da75db10
2026-04-22,south,business_date=2026-04-22/sales_south_20260422.csv.gz,1096,2026-04-22 00:01:54,2026-04-22 23:57:28,11889,185ec01ad748d685539c9a8173e6c5d39c17bc8d0df2ebae7aec406df19d016b
2026-04-23,bkk,business_date=2026-04-23/sales_bkk_20260423.csv.gz,2848,2026-04-23 00:03:53,2026-04-23 23:56:40,29893,d03de11cc3dfb0e4801b66d26b6b8af6cba2f7944f15b31e510ed5f817cde8ee
2026-04-23,central,business_date=2026-04-23/sales_central_20260423.csv.gz,2307,2026-04-23 00:06:07,2026-04-23 23:59:43,24347,9d09782e4627fc28c2ba94232392d55c53cf807003b5c1db93ac769f29772b59
2026-04-23,north,business_date=2026-04-23/sales_north_20260423.csv.gz,1331,2026-04-23 00:05:07,2026-04-23 23:56:53,14200,57bd57676e10e66a7cca3a1965ffb6757bab292ea4ff109878be2925e3031886
2026-04-23,northeast,business_date=2026-04-23/sales_northeast_20260423.csv.gz,1849,2026-04-23 00:03:27,2026-04-23 23:52:31,19545,a4bb5f5dac6ebcf2139c3b05902476f6f8b43ce6eb74b820cc2b6bcc63e49614
2026-04-23,south,business_date=2026-04-23/sales_south_20260423.csv.gz,1122,2026-04-23 00:00:13,2026-04-23 23:53:58,12131,412d52aa7c2c6d64a445453130f9bde024d9e1dfd0c39b949e4a930bae34cc6b
2026-04-24,bkk,business_date=2026-04-24/sales_bkk_20260424.csv.gz,3045,2026-04-24 00:03:50,2026-04-24 23:59:28,31941,f0b8753237688255dda36789ec8b0dc2d3fabba211648de731788d3f2d83bef6
2026-04-24,central,business_date=2026-04-24/sales_central_20260424.csv.gz,2187,2026-04-24 00:02:48,2026-04-24 23:58:58,22935,8f0732747edb169f918649096bf6774c44a20b5e3db4a9b30cce3d63ba355abc
2026-04-24,north,business_date=2026-04-24/sales_north_20260424.csv.gz,1279,2026-04-24 00:03:17,2026-04-24 23:56:39,13642,08a522fc1e54110ccd86d4d1aeb920f9bb9b5cbf24c27e82c5b52d0ccaf4208a
2026-04-24,northeast,business_date=2026-04-24/sales_northeast_20260424.csv.gz,1903,2026-04-24 00:04:57,2026-04-24 23:58:07,20058,d9d1068f05330f49d74b624483f038f46e3218e376c7b01369f3f8fde68dcbba
2026-04-24,south,business_date=2026-04-24/sales_south_20260424.csv.gz,1195,2026-04-24 00:03:07,2026-04-24 23:57:54,12870,b36176fa7ec116341588b33650689b8423230d45b8ce487e0f7f9f504e94f49f
2026-04-25,bkk,business_date=2026-04-25/sales_bkk_20260425.csv.gz,3548,2026-04-25 00:01:19,2026-04-25 23:59:13,37113,abfd9304a71a5ef5e832e4e3947dab20311cd2f98d1d14b4706646d37c1813ec
2026-04-25,central,business_date=2026-04-25/sales_central_20260425.csv.gz,2680,2026-04-25 00:10:58,2026-04-25 23:59:35,28024,0546ce108948baabcfc51ec8cf081347410dd3c8b57997e7d9c4560341af880a
2026-04-25,north,business_date=2026-04-25/sales_north_20260425.csv.gz,1474,2026-04-25 00:10:59,2026-04-25 23:59:44,15657,318aa8c658732bd171d55f6192388ee2e02c202d1d93df345f30f9ca7efb369c
2026-04-25,northeast,business_date=2026-04-25/sales_northeast_20260425.csv.gz,2248,2026-04-25 00:01:39,2026-04-25 23:54:58,23620,588ea76abee67b0cb683d959c46b87cafc64b288abd1d12db01d73d60e5b87cd
2026-04-25,south,business_date=2026-04-25/sales_south_20260425.csv.gz,1365,2026-04-25 00:13:48,2026-04-25 23:53:49,14589,b46da69f5f511e49e8223e8fbbd63b59180ec7ce78400541b31bba8505e01d06
2026-04-26,bkk,business_date=2026-04-26/sales_bkk_20260426.csv.gz,3338,2026-04-26 00:02:25,2026-04-26 23:58:55,34849,8987676d2c256a8b640ee5356051f0200954d67057d30cc9d9254769a402b8ce
2026-04-26,central,business_date=2026-04-26/sales_central_20260426.csv.gz,2739,2026-04-26 00:00:38,2026-04-26 23:58:49,28775,a88c32e09ed07499ff5d4b488fa1ae316e48eca79b9fe948c1eaf035a273057a
2026-04-26,north,business_date=2026-04-26/sales_north_20260426.csv.gz,1539,2026-04-26 00:00:11,2026-04-26 23:59:21,16370,e0c0422cee017c2364d6bd8887be8806a1038962fe826a17cea2c20d8f091ad0
2026-04-26,northeast,business_date=2026-04-26/sales_northeast_20260426.csv.gz,2036,2026-04-26 00:02:19,2026-04-26 23:58:50,21381,9806564d1345ecea3caae51486e23a310753add7023dd12efaed15ee3cab1db7
2026-04-26,south,business_date=2026-04-26/sales_south_20260426.csv.gz,1323,2026-04-26 00:03:32,2026-04-26 23:59:38,14182,2cfa231085f622599e9359eda8b7a735979489ad4b37c273ee2ced08f5d1d6a9
2026-04-27,bkk,business_date=2026-04-27/sales_bkk_20260427.csv.gz,2821,2026-04-27 00:01:08,2026-04-27 23:58:37,29619,cab1244b615c6e97613d9c726809df960764ccd25a70b5a29143fe421ffebd93
2026-04-27,central,business_date=2026-04-27/sales_central_20260427.csv.gz,2270,2026-04-27 00:04:06,2026-04-27 23:59:41,23790,8c3d2c36addb916feeef8d820eebc3846908a426f96192f5e84881ac0b2c4641
2026-04-27,north,business_date=2026-04-27/sales_north_20260427.csv.gz,1297,2026-04-27 00:00:13,2026-04-27 23:57:34,13844,ed791ce3755ad3cfafcdfb027e35dcee4f290f64ca8ad49620aebbf2c1fcdf3c
2026-04-27,northeast,business_date=2026-04-27/sales_northeast_20260427.csv.gz,1961,2026-04-27 00:01:34,2026-04-27 23:57:33,20591,334d2009d992677c35a7d7a91d721a3e9b6026605c5ffa8ce92c6aa971cd51d8
2026-04-27,south,business_date=2026-04-27/sales_south_20260427.csv.gz,1205,2026-04-27 00:18:23,2026-04-27 23:54:39,12945,719dbe55eb5ff37031c0f36237550feac8812e59436783bbebce76e07358d096
2026-04-28,bkk,business_date=2026-04-28/sales_bkk_20260428.csv.gz,3068,2026-04-28 00:06:22,2026-04-28 23:59:13,32206,ba63aea994079e33a76d0573b40bbe899310ed01631c913f069d628c0d628101
2026-04-28,central,business_date=2026-04-28/sales_central_20260428.csv.gz,2245,2026-04-28 00:06:04,2026-04-28 23:59:15,23611,50268c378b9f0d7d7f53dbb42d7f5f32922dfe89a48ab1fb9e39444fcce202d9
2026-04-28,north,business_date=2026-04-28/sales_north_20260428.csv.gz,1241,2026-04-28 00:03:15,2026-04-28 23:58:28,13325,81644b848e532913e59e4c1d55dfb52b4cb7d47999a1dd9373ad1f1b785c1449
2026-04-28,northeast,business_date=2026-04-28/sales_northeast_20260428.csv.gz,1769,2026-04-28 00:02:29,2026-04-28 23:59:29,18627,2a3f382a8f0f42c53526a93159c16ec193cb52f71fdedaf245dca3ac0db7debb
2026-04-28,south,business_date=2026-04-28/sales_south_20260428.csv.gz,1085,2026-04-28 00:02:44,2026-04-28 23:57:28,11705,4495e0020efde3c7e1d55283abbbe0512dfd0be3877bdc22e4849eff9331fd16
2026-04-29,bkk,business_date=2026-04-29/sales_bkk_20260429.csv.gz,3094,2026-04-29 00:04:36,2026-04-29 23:59:11,32408,6b7b956eed27c16927d2074c29dc512b313201639f8e40b1364d78db1c47c9df
2026-04-29,central,business_date=2026-04-29/sales_central_20260429.csv.gz,2271,2026-04-29 00:03:38,2026-04-29 23:59:20,23884,bc269fdf7074a4d70592a8325e71119c0f3b307e7941c1f54482614f8fbaa3c6
2026-04-29,north,business_date=2026-04-29/sales_north_20260429.csv.gz,1270,2026-04-29 00:00:01,2026-04-29 23:59:18,13617,c308fc62e68f03619558e221f30654dab64a9160cb4421e86682e648c21feaf4
2026-04-29,northeast,business_date=2026-04-29/sales_northeast_20260429.csv.gz,1885,2026-04-29 00:09:19,2026-04-29 23:59:15,19817,3db40b0c7a8a977589ceb5da66cb2c219b49332b8627e6c6ee99a605f4885ba8
2026-04-29,south,business_date=2026-04-29/sales_south_20260429.csv.gz,1183,2026-04-29 00:33:29,2026-04-29 23:54:47,12706,e1606c3a6467c0a8b1c7a6a12f9056be1315f8eb220ea9ea88198a4c3e1cc20f
2026-04-30,bkk,business_date=2026-04-30/sales_bkk_20260430.csv.gz,2883,2026-04-30 00:00:14,2026-04-30 23:55:39,30293,2fdcb75b1b45a1b4847ea2ca9b6b7b2d716188d71102c8b538597528b7790916
2026-04-30,central,business_date=2026-04-30/sales_central_20260430.csv.gz,2204,2026-04-30 00:04:09,2026-04-30 23:59:25,23269,b8664bb23aa329499e006562fcb272c90b13dddecd8ae62ee6a82bac0d879ee0
2026-04-30,north,business_date=2026-04-30/sales_north_20260430.csv.gz,1258,2026-04-30 00:06:07,2026-04-30 23:58:58,13488,f6d04b1e2988039180ea5fed2adfd60a888fb6165161695a475639f646fc2e78
2026-04-30,northeast,business_date=2026-04-30/sales_northeast_20260430.csv.gz,1957,2026-04-30 00:00:32,2026-04-30 23:59:19,20587,8913ab08676167379adec6a85bb0c4b1a1c6dc5f5dfc4e60f97d6a2cc263b60e
2026-04-30,south,business_date=2026-04-30/sales_south_20260430.csv.gz,1196,2026-04-30 00:00:03,2026-04-30 23:58:54,12841,0081a003ceb99193fe88e9c0f3f14cb64a315f3d5f506d2fc103b50b562c3f0c
2026-05-01,bkk,business_date=2026-05-01/sales_bkk_20260501.csv.gz,2934,2026-05-01 00:02:56,2026-05-01 23:58:32,30813,f90600ad1f93841fa1c48366466cc9e33c424ca4a05fdf568c6a4508b8d64d5a
2026-05-01,central,business_date=2026-05-01/sales_central_20260501.csv.gz,2317,2026-05-01 00:01:46,2026-05-01 23:56:15,24342,42b15a8c82aed169d3a0c6da7dac63e264c8143d44b467193b160cea22c9261d
2026-05-01,north,business_date=2026-05-01/sales_north_20260501.csv.gz,1227,2026-05-01 00:12:28,2026-05-01 23:43:40,13115,c9fa5b68ed099226a6a456865b9966c66f4933306867db07960a151f61e2e780
2026-05-01,northeast,business_date=2026-05-01/sales_northeast_20260501.csv.gz,1632,2026-05-01 00:04:38,2026-05-01 23:51:39,17224,b0017842fb7e499624f5451efa92b59d00a6a1047970e4f70c8a61492ca40451
2026-05-01,south,business_date=2026-05-01/sales_south_20260501.csv.gz,998,2026-05-01 00:09:03,2026-05-01 23:56:36,10820,fed3eeea82258524ce3f4db604e1abd2a53dc30f663f7db477fac9c9e915c4dd
2026-05-02,bkk,business_date=2026-05-02/sales_bkk_20260502.csv.gz,3296,2026-05-02 00:01:28,2026-05-02 23:58:45,34595,f146b611bbc70fbcfa377cf3efa353bc90f410e24ba52966b76dc5e773adacca
2026-05-02,central,business_date=2026-05-02/sales_central_20260502.csv.gz,2567,2026-05-02 00:00:23,2026-05-02 23:51:35,26920,6433f67c6eb92cbc0ec3f92cb34b2f56a888dcf1537af9056f7e11255f8f18f2
2026-05-02,north,business_date=2026-05-02/sales_north_20260502.csv.gz,1428,2026-05-02 00:01:42,2026-05-02 23:55:22,15148,65d73df412c29980dcf20261931e41187b87940ab1ddaaacbdbe9f57e635385c
2026-05-02,northeast,business_date=2026-05-02/sales_northeast_20260502.csv.gz,1985,2026-05-02 00:11:21,2026-05-02 23:55:36,20896,fe18ec1f4c03c2f498a93c45478b8fbcc16c75dc0f3c455027afc2a0feac4ce7
2026-05-02,south,business_date=2026-05-02/sales_south_20260502.csv.gz,1143,2026-05-02 00:06:06,2026-05-02 23:59:29,12358,1247f1586bb5b2970e86793454cbd41816f69ef853954bf55df73b2f41994c69
2026-05-03,bkk,business_date=2026-05-03/sales_bkk_20260503.csv.gz,3646,2026-05-03 00:02:14,2026-05-03 23:58:33,38198,3d49ccce17d60ae7a31c94a97f8847d42ca8a8486f08f1f96d28398665d39bee
2026-05-03,central,business_date=2026-05-03/sales_central_20260503.csv.gz,2620,2026-05-03 00:01:02,2026-05-03 23:58:57,27443,04d05e756578b71c96969d1dce6ddcc46aabffc4c85348d6106af7d2a6a182ae
2026-05-03,north,business_date=2026-05-03/sales_north_20260503.csv.gz,1422,2026-05-03 00:03:20,2026-05-03 23:59:34,15186,31f55c0f23cb74182672b3a8f57895e0b91830be74bd83aa995b4be5c67e2015
2026-05-03,northeast,business_date=2026-05-03/sales_northeast_20260503.csv.gz,1891,2026-05-03 00:03:16,2026-05-03 23:58:10,19885,6d45d1f6da8fb234beec5ebf00e07b6c575e9872d4f7c598c607e9d5771648fc
2026-05-03,south,business_date=2026-05-03/sales_south_20260503.csv.gz,1179,2026-05-03 00:07:30,2026-05-03 23:57:30,12672,27479a43d3dd052c7364b2a01b231f5036a82daa9f4023740c2128040a0dd896
2026-05-04,bkk,business_date=2026-05-04/sales_bkk_20260504.csv.gz,3122,2026-05-04 00:02:22,2026-05-04 23:59:35,32730,407b889f5091ce9b8bd758a81c3f6b79e0c5bff0bbec73222d76df5f9d930fa1
2026-05-04,central,business_date=2026-05-04/sales_central_20260504.csv.gz,2130,2026-05-04 00:04:17,2026-05-04 23:59:49,22401,7eb43808c57c053cfce3e4a324cc603c596653b3d74c7a0587763a4aeb924e77
2026-05-04,north,business_date=2026-05-04/sales_north_20260504.csv.gz,1229,2026-05-04 00:19:07,2026-05-04 23:52:36,13136,6539b33764d2c5c0b2794f34cd64812c49d01b663bb92302d01d52cb0e167e49
2026-05-04,northeast,business_date=2026-05-04/sales_northeast_20260504.csv.gz,1682,2026-05-04 00:07:41,2026-05-04 23:59:48,17784,1cdfe3d5ddae841aee5f0422cbd7c9b7a06aad93e2092b6a56a1ca62bc308511
2026-05-04,south,business_date=2026-05-04/sales_south_20260504.csv.gz,1074,2026-05-04 00:02:47,2026-05-04 23:57:16,11565,2f8d23f348b8c79455aca17459432fe1ee8ab35eb197b6c03e3e930238fc4cef
2026-05-05,bkk,business_date=2026-05-05/sales_bkk_20260505.csv.gz,2907,2026-05-05 00:01:03,2026-05-05 23:58:53,30443,b63dc1ada3c13d2669dfeb9f380d5f1ad9497e92802eca24e1d51dd209f163e6
2026-05-05,central,business_date=2026-05-05/sales_central_20260505.csv.gz,2237,2026-05-05 00:01:42,2026-05-05 23:52:43,23460,6fe932113583330ae6ea9b71b032796ff1a8b8ff4b4feea5f04453379605b0c0
2026-05-05,north,business_date=2026-05-05/sales_north_20260505.csv.gz,1322,2026-05-05 00:02:32,2026-05-05 23:57:00,14115,9ecd2a5b2006d8e488db07de245ec6206511321e934606eb4e1dd2cf79c994e1
2026-05-05,northeast,business_date=2026-05-05/sales_northeast_20260505.csv.gz,1567,2026-05-05 00:00:10,2026-05-05 23:59:40,16624,7e2c77347b61a4fe416ac00e675d55643cc67188b5f49c08d4908017d0724631
2026-05-05,south,business_date=2026-05-05/sales_south_20260505.csv.gz,1030,2026-05-05 00:05:23,2026-05-05 23:56:19,11173,1a0d3355e0b863a788a28ec61c236808a763ef514894c4e4c1688d4e9bc4ef1e
2026-05-06,bkk,business_date=2026-05-06/sales_bkk_20260506.csv.gz,3133,2026-05-06 00:06:17,2026-05-06 23:59:45,32837,eb744449cf714bd701cf431149b048a66df471ec31527205a081146f4bd238a7
2026-05-06,central,business_date=2026-05-06/sales_central_20260506.csv.gz,2301,2026-05-06 00:02:44,2026-05-06 23:57:32,24148,ecebc731d3081e9f1e9960c12e625c0675fde5abb4819bef7d6050fce09da04c
2026-05-06,north,business_date=2026-05-06/sales_north_20260506.csv.gz,1330,2026-05-06 00:00:13,2026-05-06 23:58:45,14278,3159133a7b1a0f1cd21cec2ea36ee536d7272727ee7fca31a8f5992554319516
2026-05-06,northeast,business_date=2026-05-06/sales_northeast_20260506.csv.gz,1585,2026-05-06 00:08:27,2026-05-06 23:58:51,16730,df21580ddfae546c13801e7eab759248ad806582d2ba79a15d34821732ea35e5
2026-05-06,south,business_date=2026-05-06/sales_south_20260506.csv.gz,1024,2026-05-06 00:02:59,2026-05-06 23:55:32,10995,7213acc99313935e36e40febdf0b678f3a38cddf64846ef8206ab59d5ae49899
2026-05-07,bkk,business_date=2026-05-07/sales_bkk_20260507.csv.gz,3068,2026-05-07 00:04:01,2026-05-07 23:59:18,32112,fc24c952224764cb7b8f52e80f2979d80767ab1dc461776608f3c961e7d837e3
2026-05-07,central,business_date=2026-05-07/sales_central_20260507.csv.gz,2185,2026-05-07 00:00:11,2026-05-07 23:58:33,22931,9ee6797b2c1d840840a4d1bba6fe6ac4f2516980b349cbc45f7da6cc4c358ff5
2026-05-07,north,business_date=2026-05-07/sales_north_20260507.csv.gz,1264,2026-05-07 00:00:13,2026-05-07 23:53:54,13486,fe7ba3e8fe26e7ccd7b6607fbb336cc45f1af66bb0b88e1e52187746b19bf3dd
2026-05-07,northeast,business_date=2026-05-07/sales_northeast_20260507.csv.gz,1561,2026-05-07 00:03:31,2026-05-07 23:59:53,16525,76fe3b2211893143573270b36d50316fbfdf872ea1970d479e53c5939b5d0b9c
2026-05-07,south,business_date=2026-05-07/sales_south_20260507.csv.gz,1004,2026-05-07 00:08:34,2026-05-07 23:47:01,10898,af3a99851bb0c42723cf895522f1a5b4d10bf2c27d822f6a46ec63a695bba494
2026-05-08,bkk,business_date=2026-05-08/sales_bkk_20260508.csv.gz,3116,2026-05-08 00:02:56,2026-05-08 23:59:01,32658,54835e4a45841fe37f8cf0a984d5a79190dfd8192dcd0055d54af7776bc6d713
2026-05-08,central,business_date=2026-05-08/sales_central_20260508.csv.gz,2322,2026-05-08 00:00:56,2026-05-08 23:58:43,24395,df3b39f924cf83d84509370710f7a506bf2bad6138b2f099d1b9a59006c9eafa
2026-05-08,north,business_date=2026-05-08/sales_north_20260508.csv.gz,1298,2026-05-08 00:05:07,2026-05-08 23:47:31,13903,5a15a60d270ce6b8ea2fdc75fdf6824eec8ab01403f73e13069fae69c80fcb3d
2026-05-08,northeast,business_date=2026-05-08/sales_northeast_20260508.csv.gz,1660,2026-05-08 00:00:00,2026-05-08 23:58:18,17602,1f193682e024176c6ddb6086e6bcc0b5ecd8158d015ebb500707dfbd21b82946
2026-05-08,south,business_date=2026-05-08/sales_south_20260508.csv.gz,1039,2026-05-08 00:01:55,2026-05-08 23:51:46,11213,4d14c8b3bb40cfb85213b7efbb1b2c9299f5ce3db1458f048a929e536a1d4e95
2026-05-09,bkk,business_date=2026-05-09/sales_bkk_20260509.csv.gz,3283,2026-05-09 00:00:33,2026-05-09 23:56:50,34315,c944293a4e27521471e86d857d4a78d40e9e2e55f2d61633ab4f9b4789a1066e
2026-05-09,central,business_date=2026-05-09/sales_central_20260509.csv.gz,2673,2026-05-09 00:02:29,2026-05-09 23:58:48,28031,033a6569c7eb403cffe3484822717c670ff0d41d932e53e12949d25321dbd59a
2026-05-09,north,business_date=2026-05-09/sales_north_20260509.csv.gz,1537,2026-05-09 00:00:41,2026-05-09 23:58:03,16319,2d92826061c75db342bd61e9d3615e7d70758d157c410c5cdcc35b6df1aefa95
2026-05-09,northeast,business_date=2026-05-09/sales_northeast_20260509.csv.gz,1845,2026-05-09 00:08:24,2026-05-09 23:54:28,19406,96655d1f26e273527bdffc49e3ed1fefb22211059dc495b918a84ffd4fa1733d
2026-05-09,south,business_date=2026-05-09/sales_south_20260509.csv.gz,1230,2026-05-09 00:07:38,2026-05-09 23:50:33,13242,42c8ad0153451911f09070e146290a4955d6ebcda9c6c222452e17525dd89834
2026-05-10,bkk,business_date=2026-05-10/sales_bkk_20260510.csv.gz,3572,2026-05-10 00:00:36,2026-05-10 23:57:46,37360,50dd020510c1c7d860196247e7d37a853ac636ff92c4d5770f0cfc4ff5b1ea00
2026-05-10,central,business_date=2026-05-10/sales_central_20260510.csv.gz,2636,2026-05-10 00:00:13,2026-05-10 23:59:25,27556,6ef71acedca5521b61e59fd5b8ef6068ccd7c2f433b2051536af3d3e35af4434
2026-05-10,north,business_date=2026-05-10/sales_north_20260510.csv.gz,1393,2026-05-10 00:03:59,2026-05-10 23:59:25,14845,1a8f1994610f11c3c1719fc1221f4b1d6a35be4211ef64f085b47af7742dc57e
2026-05-10,northeast,business_date=2026-05-10/sales_northeast_20260510.csv.gz,1785,2026-05-10 00:02:16,2026-05-10 23:55:48,18778,30b3a6649c4bc16695d540c4ace2810c93f09999519e1452414b80ecbe679886
2026-05-10,south,business_date=2026-05-10/sales_south_20260510.csv.gz,1113,2026-05-10 00:04:32,2026-05-10 23:57:11,12066,b6b58e6d2aeb0e67627bde5ae3d458eddfce7ab63ccdd9373478c71424cbbd95
2026-05-11,bkk,business_date=2026-05-11/sales_bkk_20260511.csv.gz,2987,2026-05-11 00:03:30,2026-05-11 23:55:03,31290,81105d54f698fa7d6f28709eb2ee00014c3c09d2b61678406ab869fc8b6a79a1
2026-05-11,central,business_date=2026-05-11/sales_central_20260511.csv.gz,2318,2026-05-11 00:00:40,2026-05-11 23:50:22,24209,6d3fa4c08b30b2071711d98c2170444d241ed47035b0885e2b6142c31fbd32e3
2026-05-11,north,business_date=2026-05-11/sales_north_20260511.csv.gz,1209,2026-05-11 00:02:16,2026-05-11 23:54:55,12945,1ef10c206840af7b00bd399b286795f646b693cd4a5233c01541bcb1e2849e2a
2026-05-11,northeast,business_date=2026-05-11/sales_northeast_20260511.csv.gz,1687,2026-05-11 00:01:51,2026-05-11 23:49:16,17834,28d025360e25d619e33d2ae768109f8f5b784345d3f76b3d3e821ee687960539
2026-05-11,south,business_date=2026-05-11/sales_south_20260511.csv.gz,1028,2026-05-11 00:07:06,2026-05-11 23:53:11,11088,8bcf7777ac597c42a7f0a59f36007793d0bcd89330353916fbaca7d9ba2f2da6
2026-05-12,bkk,business_date=2026-05-12/sales_bkk_20260512.csv.gz,3168,2026-05-12 00:00:53,2026-05-12 23:58:43,33137,7e5f87be4f820f51515c20e33b7c3d72ed084aea46253cab71cd747d42426ecb
2026-05-12,central,business_date=2026-05-12/sales_central_20260512.csv.gz,2186,2026-05-12 00:04:22,2026-05-12 23:59:33,22930,ab7902bf7ddb94ea977ef3d26d2c95bca9d94e549724d51beeaf05099cc204d9
2026-05-12,north,business_date=2026-05-12/sales_north_20260512.csv.gz,1252,2026-05-12 00:00:19,2026-05-12 23:56:42,13425,ae5456eae206fc0cc3a5b3e38745933f2eeed024ae61ccc0505d58347fff66b3
2026-05-12,northeast,business_date=2026-05-12/sales_northeast_20260512.csv.gz,1621,2026-05-12 00:00:19,2026-05-12 23:55:05,17131,6b337b8b2966198ebdf56e48dfa87e0fea885474be9258c784242f978e3573bc
2026-05-12,south,business_date=2026-05-12/sales_south_20260512.csv.gz,1042,2026-05-12 00:02:14,2026-05-12 23:57:17,11283,e2de8f40a4d235dea89dd8f6b0bf0171cd036c795782e6e0271cbad74d7bf2b0
2026-05-13,bkk,business_date=2026-05-13/sales_bkk_20260513.csv.gz,3140,2026-05-13 00:07:06,2026-05-13 23:59:58,32825,948b780b63e213a8e9cf099cd25820f259513a476a2d21d3ad4da56cd3f6a934
2026-05-13,central,business_date=2026-05-13/sales_central_20260513.csv.gz,2289,2026-05-13 00:12:29,2026-05-13 23:54:37,24019,4edf67535f454e87bfd3a07ad2650bdf5339407d97b4a0607877a1e361cff00c
2026-05-13,north,business_date=2026-05-13/sales_north_20260513.csv.gz,1287,2026-05-13 00:01:08,2026-05-13 23:58:21,13754,f5b1ebef7ff1d7f90fc7bbc442f5abe73ff3ed3146f0fdd6eb2783eb39988d09
2026-05-13,northeast,business_date=2026-05-13/sales_northeast_20260513.csv.gz,1623,2026-05-13 00:04:30,2026-05-13 23:58:26,17114,8064806ebbce444edb798fdfa818badc2974307f496fd12c4a4bc650b3754678
2026-05-13,south,business_date=2026-05-13/sales_south_20260513.csv.gz,1005,2026-05-13 00:00:48,2026-05-13 23:59:55,10889,2f8daee557a9e6180055d5e6c15c4fb036cf1343a143579be0e1884bd5dbb836
2026-05-14,bkk,business_date=2026-05-14/sales_bkk_20260514.csv.gz,2921,2026-05-14 00:05:25,2026-05-14 23:59:29,30612,0003c7a2ce335eb1f0f99560e874cde50cbae30b17381ca98e71e28ff7f92257
2026-05-14,central,business_date=2026-05-14/sales_central_20260514.csv.gz,2156,2026-05-14 00:07:25,2026-05-14 23:58:38,22620,0752b77570b1458aad708739e405553ca467be72b99d81a33f28babd017aec38
2026-05-14,north,business_date=2026-05-14/sales_north_20260514.csv.gz,1267,2026-05-14 00:06:26,2026-05-14 23:52:28,13589,149091b3f49a95861ee76638745096ed466143725bf97520ec4b78fa860191f7
2026-05-14,northeast,business_date=2026-05-14/sales_northeast_20260514.csv.gz,1681,2026-05-14 00:00:21,2026-05-14 23:57:49,17744,61f96b820b339169b1fa1d13ee3d8134cf89f1efaeff826a128f6c72c2abc22d
2026-05-14,south,business_date=2026-05-14/sales_south_20260514.csv.gz,989,2026-05-14 00:05:13,2026-05-14 23:59:30,10735,7ef01d1179c000606d1c12d60d1489434113d7f1dbe1be173657f5f17aebb39f
2026-05-15,bkk,business_date=2026-05-15/sales_bkk_20260515.csv.gz,3089,2026-05-15 00:03:18,2026-05-15 23:58:13,32363,30607d9143721a4875787ff9b13a2b6fb242ad7c2ca218492a6d55ea91fe4aa6
2026-05-15,central,business_date=2026-05-15/sales_central_20260515.csv.gz,2338,2026-05-15 00:00:08,2026-05-15 23:57:07,24504,6d2666c33f064b4e3b2bb100b097239ad682ff2ad8c67592e1a4c79a5d1a2541
2026-05-15,north,business_date=2026-05-15/sales_north_20260515.csv.gz,1213,2026-05-15 00:10:54,2026-05-15 23:59:21,12996,28b5704c6b980784e11b00fa593b4933784a0b52be30e660f5598136c3227f98
2026-05-15,northeast,business_date=2026-05-15/sales_northeast_20260515.csv.gz,1606,2026-05-15 00:08:53,2026-05-15 23:56:58,16864,92848166ca059ab9c52b4ae8ba80e3d769e957ee156afe3d6f781ef2e04bc23a
2026-05-15,south,business_date=2026-05-15/sales_south_20260515.csv.gz,958,2026-05-15 00:12:37,2026-05-15 23:54:14,10412,8b9e8911c2577b2c240d5f09a258f837e36433ddd93c5ba8be299c37c7255043
2026-05-16,bkk,business_date=2026-05-16/sales_bkk_20260516.csv.gz,3304,2026-05-16 00:00:28,2026-05-16 23:59:33,34617,7042c505d1235f427f8a1d71645a1747f873eafe04413bd1bbe8c9e09d021965
2026-05-16,central,business_date=2026-05-16/sales_central_20260516.csv.gz,2709,2026-05-16 00:01:59,2026-05-16 23:59:33,28262,5a99f7aeb8c046ae871ca6bf2e75ed0dd7fa646e7a2395854cad308b6d803f96
2026-05-16,north,business_date=2026-05-16/sales_north_20260516.csv.gz,1382,2026-05-16 00:00:32,2026-05-16 23:57:30,14756,55a5228ca7ec4b062e41ee5c77d2d1f053eb304b783980b6610e79577477c04e
2026-05-16,northeast,business_date=2026-05-16/sales_northeast_20260516.csv.gz,1820,2026-05-16 00:00:39,2026-05-16 23:59:47,19177,01044a1146e4d1ce2b09b941696453f59e1ee88078057549229b1aa26310ad91
2026-05-16,south,business_date=2026-05-16/sales_south_20260516.csv.gz,1207,2026-05-16 00:14:23,2026-05-16 23:59:54,12940,cff238eaf03b8bfb202569cc20dafc7fff7b994a6110bfb119258b7f84fe59d7
2026-05-17,bkk,business_date=2026-05-17/sales_bkk_20260517.csv.gz,3656,2026-05-17 00:03:23,2026-05-17 23:57:43,38249,fef9bd4452cce051c73b6e35edfb9ab142ad3abdf8ca979af7c85ddb9ff870a2
2026-05-17,central,business_date=2026-05-17/sales_central_20260517.csv.gz,2717,2026-05-17 00:03:20,2026-05-17 23:59:15,28463,5c001c13179f2a851f3f6f8ab32d363403560bd757b116eb47b6585833227956
2026-05-17,north,business_date=2026-05-17/sales_north_20260517.csv.gz,1515,2026-05-17 00:01:40,2026-05-17 23:56:36,16086,6e4ac1714e2f911db21f8896725920f6dee85babb2f14be3bbed0fec2a7cdeea
2026-05-17,northeast,business_date=2026-05-17/sales_northeast_20260517.csv.gz,1839,2026-05-17 00:04:26,2026-05-17 23:59:56,19387,f807f942e993e36d18c8d408f82b07ec62c47e383e082d06c8f49058f77e5aab
2026-05-17,south,business_date=2026-05-17/sales_south_20260517.csv.gz,1126,2026-05-17 00:04:29,2026-05-17 23:59:16,12145,b86f97c6bbca6ee3fb832374c3eba4e722ede9306f769865579f91f9ae096f24
2026-05-18,bkk,business_date=2026-05-18/sales_bkk_20260518.csv.gz,2968,2026-05-18 00:05:52,2026-05-18 23:58:11,31178,2c19a2eb86bd9d34bd8a83d9010ccd8f2e80386e7c88b80422ebab7ec2caf6dc
2026-05-18,central,business_date=2026-05-18/sales_central_20260518.csv.gz,2258,2026-05-18 00:03:19,2026-05-18 23:59:32,23757,eef6b0bd21386af6383a424f94c61ca9af2d2f6534331f2abf64343ebf829a6f
2026-05-18,north,business_date=2026-05-18/sales_north_20260518.csv.gz,1229,2026-05-18 00:14:48,2026-05-18 23:59:58,13202,79a57218c9fd2578a0617bdc73a1750fab62a443d0f533b175cd829b88be6b3b
2026-05-18,northeast,business_date=2026-05-18/sales_northeast_20260518.csv.gz,1622,2026-05-18 00:03:21,2026-05-18 23:58:52,17114,838030ee8acc4e1515dcb25989426f491a3017952e7d875a3ddcef972a1f35f3
2026-05-18,south,business_date=2026-05-18/sales_south_20260518.csv.gz,1010,2026-05-18 00:15:10,2026-05-18 23:56:22,10970,f48fb11ae641e7a0bc61c8fe37e2ad881d00ea21c24197ff8f4e6b876d110fe7
2026-05-19,bkk,business_date=2026-05-19/sales_bkk_20260519.csv.gz,3140,2026-05-19 00:02:47,2026-05-19 23:58:32,32842,6e2e76f4b13f2a853d442ab01344290f6d8d82677f04182d2e794afc0b6fa60f
2026-05-19,central,business_date=2026-05-19/sales_central_20260519.csv.gz,2325,2026-05-19 00:01:26,2026-05-19 23:56:19,24441,b3cab1c0cdeb4f5ed2a024e0c391c3486f1ffdfcbdd1673f674a05a8958a8b33
2026-05-19,north,business_date=2026-05-19/sales_north_20260519.csv.gz,1277,2026-05-19 00:07:27,2026-05-19 23:55:06,13634,35619032c1ab4cd5c1dd2da85f8320c3e899ace58f23fb746446cfa723f0dc92
2026-05-19,northeast,business_date=2026-05-19/sales_northeast_20260519.csv.gz,1618,2026-05-19 00:09:15,2026-05-19 23:53:34,17074,4e590b35825093c245081877e8b3c40238b23010aa49fee144e4e54cfa173e1b
2026-05-19,south,business_date=2026-05-19/sales_south_20260519.csv.gz,981,2026-05-19 00:02:56,2026-05-19 23:57:53,10588,17e207b5061fb3d2cf0ddd1fc199010466efad7e90ce9852068b8fef27be4ad9
2026-05-20,bkk,business_date=2026-05-20/sales_bkk_20260520.csv.gz,2843,2026-05-20 00:00:10,2026-05-20 23:58:33,29873,e4c6f3d04ef6c5b6d9bdb849418c728523d54ee93dcaddde591a10866452c3dc
2026-05-20,central,business_date=2026-05-20/sales_central_20260520.csv.gz,2334,2026-05-20 00:03:16,2026-05-20 23:55:21,24576,764f418760d7706a614ac62be7be2965422bc6b5f4fc8f754d76e275e8a20580
2026-05-20,north,business_date=2026-05-20/sales_north_20260520.csv.gz,1292,2026-05-20 00:00:42,2026-05-20 23:54:14,13782,6d417d25def3044be8b7693cedd49a7f1557b7644122cf2fde76228e3a657057
2026-05-20,northeast,business_date=2026-05-20/sales_northeast_20260520.csv.gz,1645,2026-05-20 00:01:15,2026-05-20 23:57:05,17407,6cf515e2044ec3ed7410e08c228631f9c4d980e06df44b132161a74f4816b797
2026-05-20,south,business_date=2026-05-20/sales_south_20260520.csv.gz,1002,2026-05-20 00:05:44,2026-05-20 23:59:55,10894,25dd11fcfcd36ad30320eb01f4932c2d8e03d0ed76672ff19c5f0fd833b46d25
2026-05-21,bkk,business_date=2026-05-21/sales_bkk_20260521.csv.gz,2912,2026-05-21 00:04:27,2026-05-21 23:57:39,30576,9a06d860f3b8c8094ef02fe4da6fd2dcfe3b306e9f98d61ff256c7432bcb6502
2026-05-21,central,business_date=2026-05-21/sales_central_20260521.csv.gz,2344,2026-05-21 00:01:14,2026-05-21 23:55:26,24632,f865f02ffaf234d3803f6d76c7804b25578fe0f3827870670743339bc104a273
2026-05-21,north,business_date=2026-05-21/sales_north_20260521.csv.gz,1252,2026-05-21 00:06:10,2026-05-21 23:57:25,13351,73dfcffcce8eebf6c604a569080828b786aff629bce004795b3fa6c3819789b9
2026-05-21,northeast,business_date=2026-05-21/sales_northeast_20260521.csv.gz,1641,2026-05-21 00:03:27,2026-05-21 23:59:29,17247,26ebad149a7a753fdf84b055cc63e448a0c95c3b145112c06274b63105e66c65
2026-05-21,south,business_date=2026-05-21/sales_south_20260521.csv.gz,967,2026-05-21 00:01:14,2026-05-21 23:56:40,10457,2bf6b023131e1afacd68baa7a97f2e0ac008e8314c53d4e4986f8df2facf0d45
2026-05-22,bkk,business_date=2026-05-22/sales_bkk_20260522.csv.gz,2848,2026-05-22 00:00:20,2026-05-22 23:58:52,30006,6c69ba328304f26bb8c873dbe000b497dbb6374c4b98a7d28cf9dd39637991f1
2026-05-22,central,business_date=2026-05-22/sales_central_20260522.csv.gz,2276,2026-05-22 00:01:04,2026-05-22 23:59:53,23914,5ddd5e81e88be1fb31b4cb657208ea5f749cff28e187ab6d31853b6ae8916fe9
2026-05-22,north,business_date=2026-05-22/sales_north_20260522.csv.gz,1268,2026-05-22 00:05:08,2026-05-22 23:50:09,13584,7b3f875b7f04679f1521d95707e7b255094c7f902df3824978a997731b30c945
2026-05-22,northeast,business_date=2026-05-22/sales_northeast_20260522.csv.gz,1699,2026-05-22 00:12:47,2026-05-22 23:46:39,17889,47fddbbc97d8c43c780bb4229d7811c546c5677d5f70baab4063fa465d5d6699
2026-05-22,south,business_date=2026-05-22/sales_south_20260522.csv.gz,1027,2026-05-22 00:41:34,2026-05-22 23:57:44,11110,3092cd8582544d400033c496cc740daf10ae08bd8e4f124bcb2f42ac0b311a6c
2026-05-23,bkk,business_date=2026-05-23/sales_bkk_20260523.csv.gz,3601,2026-05-23 00:02:40,2026-05-23 23:59:01,37691,c7875bbbc45ec8156e54b429e36330901d81d19032d78c2a471360c5c203bc1b
2026-05-23,central,business_date=2026-05-23/sales_central_20260523.csv.gz,2545,2026-05-23 00:02:42,2026-05-23 23:57:41,26604,2145bcf8031f1af43aeef4411aea60ea70af76dedfb8a647e397fa19f3203a2d
2026-05-23,north,business_date=2026-05-23/sales_north_20260523.csv.gz,1530,2026-05-23 00:05:51,2026-05-23 23:54:56,16241,e6d759ee30453126de080c83a4d19f10e2a001c1d9dd7b517da5e22502edd82e
2026-05-23,northeast,business_date=2026-05-23/sales_northeast_20260523.csv.gz,1807,2026-05-23 00:08:01,2026-05-23 23:59:39,19042,610f6c35aeb4572c3e40c5f3bad21249d63427706813fa3648a212c8eade7058
2026-05-23,south,business_date=2026-05-23/sales_south_20260523.csv.gz,1207,2026-05-23 00:08:52,2026-05-23 23:56:37,12951,13164c938bcb7327e2ba88d173d899426aa778584a075edd7b7fc39db90bb469
2026-05-24,bkk,business_date=2026-05-24/sales_bkk_20260524.csv.gz,3595,2026-05-24 00:04:17,2026-05-24 23:57:27,37573,abd3fd934ca8922d3d593acdbe54bd0e75eb7c3c3ed6da37d4a236d88e5f54e4
2026-05-24,central,business_date=2026-05-24/sales_central_20260524.csv.gz,2749,2026-05-24 00:04:19,2026-05-24 23:56:11,28806,1cc0f9eb4246acc8735cfabf5c4e23813d685fef4158b4d49bc482041d6f8774
2026-05-24,north,business_date=2026-05-24/sales_north_20260524.csv.gz,1379,2026-05-24 00:01:00,2026-05-24 23:52:30,14686,29cb47814d8ae684b3f7affd920b4afdb9b6eac24628e387740bd2026ea23afa
2026-05-24,northeast,business_date=2026-05-24/sales_northeast_20260524.csv.gz,1788,2026-05-24 00:01:53,2026-05-24 23:48:49,18834,978aa4a1e537c7323dd5de476086b1de64295a0fb12951c6688e0b2881022abf
2026-05-24,south,business_date=2026-05-24/sales_south_20260524.csv.gz,1140,2026-05-24 00:02:41,2026-05-24 23:53:19,12270,be74b7269e72b5b6ddfa633b90b52326b272c3a45b0765099015c877be8c08a5
2026-05-25,bkk,business_date=2026-05-25/sales_bkk_20260525.csv.gz,3077,2026-05-25 00:00:29,2026-05-25 23:59:46,32302,c6ef6d4c9fe74be03eff0058689b6bf97618743e3b457b4a9e2b64ac4316bb5c
2026-05-25,central,business_date=2026-05-25/sales_central_20260525.csv.gz,2339,2026-05-25 00:00:17,2026-05-25 23:59:44,24550,163f0d43bc3de4aeb0fc36bdd7bed8246f000e342cf9ea45b773892a8089970b
2026-05-25,north,business_date=2026-05-25/sales_north_20260525.csv.gz,1259,2026-05-25 00:00:31,2026-05-25 23:55:22,13445,48ce9154e3e157e10a96f98e00ae88a0040473cd26ebd2b6b2d593668d53394d
2026-05-25,northeast,business_date=2026-05-25/sales_northeast_20260525.csv.gz,1580,2026-05-25 00:02:28,2026-05-25 23:57:51,16708,2f83d779ea3f549a79a8439c3ac66dbf9ef2da439ede9a38ad79311d05c5e906
2026-05-25,south,business_date=2026-05-25/sales_south_20260525.csv.gz,1046,2026-05-25 00:13:21,2026-05-25 23:59:50,11327,ddc4bad4baf45eee07d51673802930caec035fda3310d32c4d4f64d3a59fad35
2026-05-26,bkk,business_date=2026-05-26/sales_bkk_20260526.csv.gz,2832,2026-05-26 00:02:41,2026-05-26 23:59:36,29688,5bd55dfa65d68dcc607112b9885de0d19df0c5d5ed3ed08484bab8cad953ecee
2026-05-26,central,business_date=2026-05-26/sales_central_20260526.csv.gz,2324,2026-05-26 00:05:23,2026-05-26 23:59:31,24466,b7d253c529f035e2c19b1b5b627d78e8fc16e501940019b5209c3850a701bcbb
2026-05-26,north,business_date=2026-05-26/sales_north_20260526.csv.gz,1225,2026-05-26 00:00:43,2026-05-26 23:58:57,13131,51cb3b89d923dd7409184f89c000b5b9a3d773be11a2340a9503c6fd810e68f7
2026-05-26,northeast,business_date=2026-05-26/sales_northeast_20260526.csv.gz,1593,2026-05-26 00:05:08,2026-05-26 23:54:43,16894,5250316fd16736851f0b74fc927db2b800ba88cdee40b1554eeed830a4e9040c
2026-05-26,south,business_date=2026-05-26/sales_south_20260526.csv.gz,966,2026-05-26 00:01:36,2026-05-26 23:58:52,10489,bf9578f3a6f4eb199d0fab794ee769e7cff3dbd0c416c1070eb8911d5bd60036
2026-05-27,bkk,business_date=2026-05-27/sales_bkk_20260527.csv.gz,3041,2026-05-27 00:03:00,2026-05-27 23:59:21,31977,9911211c6748c4c9dee5c6f93952454435a4e600bde21936ac0b474bdbfa70b9
2026-05-27,central,business_date=2026-05-27/sales_central_20260527.csv.gz,2240,2026-05-27 00:06:50,2026-05-27 23:59:57,23589,5abcb1e759c6b1175cd8dd49295b2da74ee4c1ed5d483701cb85d77f26c68d58
2026-05-27,north,business_date=2026-05-27/sales_north_20260527.csv.gz,1265,2026-05-27 00:01:11,2026-05-27 23:58:34,13521,40d7cfa7635c36054dff55be8a7f9f080be318a3b5d1afd4a8b08cc3622594a2
2026-05-27,northeast,business_date=2026-05-27/sales_northeast_20260527.csv.gz,1704,2026-05-27 00:01:03,2026-05-27 23:57:30,18003,5c75797f3486fe7812bb611aec4d438b073ba793997c196ff2f4f434bab38eda
2026-05-27,south,business_date=2026-05-27/sales_south_20260527.csv.gz,1055,2026-05-27 00:01:31,2026-05-27 23:56:43,11415,91669ee24a7707bb1a9c95d8d55e50e0bf3bf780a8a6822eb11f12be1071fc6e
2026-05-28,bkk,business_date=2026-05-28/sales_bkk_20260528.csv.gz,3030,2026-05-28 00:03:19,2026-05-28 23:58:58,31759,be35c92d357f6a0d29d7a1e9371a628a2e1e1c18c445d0f7448bbb388ae092be
2026-05-28,central,business_date=2026-05-28/sales_central_20260528.csv.gz,2168,2026-05-28 00:11:07,2026-05-28 23:56:46,22857,3eef4c9a213a5f99f95a5d2c4f2f1b48eacd64c49631671b12813b2a71810a3b
2026-05-28,north,business_date=2026-05-28/sales_north_20260528.csv.gz,1233,2026-05-28 00:00:00,2026-05-28 23:59:49,13204,78122654b521b21ff68f75e3c4dc59e720d944aa820e37341817f49519fa4ea8
2026-05-28,northeast,business_date=2026-05-28/sales_northeast_20260528.csv.gz,1625,2026-05-28 00:08:54,2026-05-28 23:59:21,17214,7240cba0d1c063ea44120335a1308aeadbf969e4341575c310a76bb6623f80cb
2026-05-28,south,business_date=2026-05-28/sales_south_20260528.csv.gz,1025,2026-05-28 00:01:13,2026-05-28 23:58:51,11025,b6664bf50720d6d6d17bc564a4be98e1675052caa6bf74b4c71ffb162ded6876
2026-05-29,bkk,business_date=2026-05-29/sales_bkk_20260529.csv.gz,2861,2026-05-29 00:10:50,2026-05-29 23:58:39,30103,b57dc528dd7c35ee6619ed0d403f6a912501e2ca9adf380c55d3f47d24f85970
2026-05-29,central,business_date=2026-05-29/sales_central_20260529.csv.gz,2363,2026-05-29 00:01:26,2026-05-29 23:59:49,24812,c7e5ae7ce5c2997756340d338a3ae12bf169917371743a7f26916b7e0ffac774
2026-05-29,north,business_date=2026-05-29/sales_north_20260529.csv.gz,1299,2026-05-29 00:09:07,2026-05-29 23:59:58,13935,c91bf043a8d2e467fa6e61366f53d4fff40f14bc9067a1d9c144c27ae583f2c1
2026-05-29,northeast,business_date=2026-05-29/sales_northeast_20260529.csv.gz,1628,2026-05-29 00:00:38,2026-05-29 23:57:11,17168,178079bcd680d4b8641c5cc87e21d586872f20870aecfda4fe36f53f5a9a3f13
2026-05-29,south,business_date=2026-05-29/sales_south_20260529.csv.gz,966,2026-05-29 00:02:40,2026-05-29 23:56:19,10495,502bc8e68977db71b5b4108030d50c583876be0dd20e2d711e134808bbfbb172
2026-05-30,bkk,business_date=2026-05-30/sales_bkk_20260530.csv.gz,3277,2026-05-30 00:05:23,2026-05-30 23:54:49,34293,a3043d9b313028252455c883f59f0ee1f0d393676f858069436988f2997fd0aa
2026-05-30,central,business_date=2026-05-30/sales_central_20260530.csv.gz,2746,2026-05-30 00:03:52,2026-05-30 23:59:32,28835,03cd1203a192b4dc2fa76f56bd27490bc6d47cd84a5be6bd7a31027308bdcb40
2026-05-30,north,business_date=2026-05-30/sales_north_20260530.csv.gz,1398,2026-05-30 00:04:08,2026-05-30 23:59:37,14951,9d2962a1c60afd4996e29dcc2445a2a3b61171a01cb70bb4284f16f9dd897233
2026-05-30,northeast,business_date=2026-05-30/sales_northeast_20260530.csv.gz,1883,2026-05-30 00:03:32,2026-05-30 23:58:54,19778,7d900e776154c4b793f7b01b6718431abf395e77df67f4a6a8fec74bfd874c71
2026-05-30,south,business_date=2026-05-30/sales_south_20260530.csv.gz,1113,2026-05-30 00:17:59,2026-05-30 23:55:19,11995,34befc4a91e1442491de69c5fea33c7615d5a616faf387ade36b5714844dab2f
2026-05-31,bkk,business_date=2026-05-31/sales_bkk_20260531.csv.gz,3486,2026-05-31 00:14:46,2026-05-31 23:59:05,36473,68ff09d7454e68526fc14756c5933ad373561dbe375ac086f8574b999d13e400
2026-05-31,central,business_date=2026-05-31/sales_central_20260531.csv.gz,2710,2026-05-31 00:05:37,2026-05-31 23:59:01,28319,c03271dc2c29f0a718b78fa053e6690f2b0df1f216818f67216cfe34d9417f7f
2026-05-31,north,business_date=2026-05-31/sales_north_20260531.csv.gz,1493,2026-05-31 00:00:22,2026-05-31 23:59:11,15856,98f9b5f4e6be18d0153fac5eeb792ba10e81ae2faa259f9b05368f6f46a59f72
2026-05-31,northeast,business_date=2026-05-31/sales_northeast_20260531.csv.gz,1883,2026-05-31 00:00:58,2026-05-31 23:59:15,19819,93b3ebfd19d277d48e371f51dc6e0862c4026df0f477f6465eb27f135fb271a4
2026-05-31,south,business_date=2026-05-31/sales_south_20260531.csv.gz,1236,2026-05-31 00:07:11,2026-05-31 23:56:59,13309,27147f695c545855635546d526505e41b71805bfe45a4d24a3814486817d86ce
2026-06-01,bkk,business_date=2026-06-01/sales_bkk_20260601.csv.gz,3077,2026-06-01 00:00:10,2026-06-01 23:58:51,32197,4c3179f171e7e6e96c56735f65ae2ac71c9334001de4c3bd7242479cd457bb95
2026-06-01,central,business_date=2026-06-01/sales_central_20260601.csv.gz,2289,2026-06-01 00:00:41,2026-06-01 23:56:48,24087,fd0033a7dcc817cc27772bc5f5fa50039d51c024d1d053e935e494e380baf315
2026-06-01,north,business_date=2026-06-01/sales_north_20260601.csv.gz,1289,2026-06-01 00:06:47,2026-06-01 23:54:25,13735,a400961fd1122bfcf4ac9559a2f66194d27e8970128192712bf811f115aaf2bb
2026-06-01,northeast,business_date=2026-06-01/sales_northeast_20260601.csv.gz,1651,2026-06-01 00:04:50,2026-06-01 23:52:01,17436,e750125756ed274c5d7f5e489ae93f0dc232097b73c29264b2b36613d7e6531e
2026-06-01,south,business_date=2026-06-01/sales_south_20260601.csv.gz,949,2026-06-01 00:00:51,2026-06-01 23:56:17,10315,50310c27150ad2145e2d98c87ebb86b560fcf79ed6b25337f9e176ed1133c055
2026-06-02,bkk,business_date=2026-06-02/sales_bkk_20260602.csv.gz,3177,2026-06-02 00:03:02,2026-06-02 23:59:13,33261,875656db352bd7557fef340f6b57859cd4f3a9a5dda4f3dbdcab2aaf6bb61f78
2026-06-02,central,business_date=2026-06-02/sales_central_20260602.csv.gz,2191,2026-06-02 00:03:45,2026-06-02 23:53:42,22998,4b31f69f444d8a02c2a259e456ca157728d092057bd755332f611f13bfd04403
2026-06-02,north,business_date=2026-06-02/sales_north_20260602.csv.gz,1300,2026-06-02 00:06:51,2026-06-02 23:59:00,13902,cd6bb4c053d50e694d251a865b38ad52c55c932de190478eea2edc6fd325fa54
2026-06-02,northeast,business_date=2026-06-02/sales_northeast_20260602.csv.gz,1488,2026-06-02 00:11:16,2026-06-02 23:59:51,15713,3015bb46f9fcf3daf10d04c4cbe43abba955b6bb3e0a8b26d1436aee4b3726f9
2026-06-02,south,business_date=2026-06-02/sales_south_20260602.csv.gz,931,2026-06-02 00:03:06,2026-06-02 23:26:24,10073,aa25b211fe17c1426cf1881b6dcc29ed477089853ba5cf1f1258d4c23c10b568
2026-06-03,bkk,business_date=2026-06-03/sales_bkk_20260603.csv.gz,3111,2026-06-03 00:00:44,2026-06-03 23:58:04,32591,5abf17c0093d45b13b150ba1fe58751aa168f328c03aed618238b8dcd9986c90
2026-06-03,central,business_date=2026-06-03/sales_central_20260603.csv.gz,2239,2026-06-03 00:06:37,2026-06-03 23:59:35,23533,8fd8a663e5bf55c03c7b6cf076b4b9dc4cb91ee908ed432e0ab080750c611e06
2026-06-03,north,business_date=2026-06-03/sales_north_20260603.csv.gz,1223,2026-06-03 00:02:57,2026-06-03 23:59:31,13148,b85baae89aa4b9012f27409ef15d0d715ba4bac9c458c8aa37b9182382ff7221
2026-06-03,northeast,business_date=2026-06-03/sales_northeast_20260603.csv.gz,1629,2026-06-03 00:00:00,2026-06-03 23:59:25,17157,95c7107760ae3b8311e4ef969a532e285b4b4668fbbeeedd3ff1841929986b0e
2026-06-03,south,business_date=2026-06-03/sales_south_20260603.csv.gz,901,2026-06-03 00:07:57,2026-06-03 23:58:29,9771,eab116179a9a50075a37eaa512ca8ed6355b5dddd38401a9c15fe69d5b671c32
2026-06-04,bkk,business_date=2026-06-04/sales_bkk_20260604.csv.gz,2864,2026-06-04 00:07:54,2026-06-04 23:57:04,30051,8d37b33cf4ec072a78d680a2de81f35c624fc8f8b64824dba19a4dee8b134154
2026-06-04,central,business_date=2026-06-04/sales_central_20260604.csv.gz,2138,2026-06-04 00:08:36,2026-06-04 23:56:15,22563,cad261628f785ed05ad1d38fba0905ae311f0fb4f5140c93f49dba67d5815938
2026-06-04,north,business_date=2026-06-04/sales_north_20260604.csv.gz,1305,2026-06-04 00:10:41,2026-06-04 23:59:53,13977,a441bbf6098780ef4637d247a5d4fa355a6d1e15dbcee35b437582191e37e2d0
2026-06-04,northeast,business_date=2026-06-04/sales_northeast_20260604.csv.gz,1639,2026-06-04 00:03:05,2026-06-04 23:58:54,17336,398c236d426d356d4a27752c59840dd79b69c814e6297e9454fbaa66e5f3f29f
2026-06-04,south,business_date=2026-06-04/sales_south_20260604.csv.gz,897,2026-06-04 00:00:19,2026-06-04 23:57:33,9789,07e09acb2f3cfb44f41c528121f5276c97099d5a4471e18e482dff895af16894
2026-06-05,bkk,business_date=2026-06-05/sales_bkk_20260605.csv.gz,3104,2026-06-05 00:01:08,2026-06-05 23:58:24,32640,a439280c99f1e3892a30171e9eef71f7754d589b03c6ab429ec914a665bd46b8
2026-06-05,central,business_date=2026-06-05/sales_central_20260605.csv.gz,2341,2026-06-05 00:05:41,2026-06-05 23:59:03,24595,2269a2d2d306bf46bf310e33541d71dcfa27ed349b580f926fb39d7922973a1e
2026-06-05,north,business_date=2026-06-05/sales_north_20260605.csv.gz,1248,2026-06-05 00:00:57,2026-06-05 23:56:30,13409,5eb11967d138f3281ed5b2f3e02aec3070f7493fb1de6bfad53fd0d2be6a46ae
2026-06-05,northeast,business_date=2026-06-05/sales_northeast_20260605.csv.gz,1491,2026-06-05 00:05:44,2026-06-05 23:54:55,15771,6dda087ecc476ec6284e078eaf7e39e2a257fdd8a164768ef43523b179c80965
2026-06-05,south,business_date=2026-06-05/sales_south_20260605.csv.gz,909,2026-06-05 00:01:46,2026-06-05 23:39:14,9878,cabc9319b934a65c5a50e7c47dca1f766d1899d519699a721483024b57cafa07
2026-06-06,bkk,business_date=2026-06-06/sales_bkk_20260606.csv.gz,3444,2026-06-06 00:01:47,2026-06-06 23:59:33,36060,c8c6bca1068382c550df4a081f2936ae2992d2becd1853d0a5910346d3eaf3a9
2026-06-06,central,business_date=2026-06-06/sales_central_20260606.csv.gz,2704,2026-06-06 00:00:35,2026-06-06 23:56:16,28283,9c2ac0d2f90985fd810870dc18a0b7a8c17c83e37ae93b6309f888b3e10138bb
2026-06-06,north,business_date=2026-06-06/sales_north_20260606.csv.gz,1568,2026-06-06 00:00:24,2026-06-06 23:58:50,16678,21d6478b688702e1e505544a51174322126cc95dda30c649604ba75bf008d495
2026-06-06,northeast,business_date=2026-06-06/sales_northeast_20260606.csv.gz,1743,2026-06-06 00:00:50,2026-06-06 23:58:36,18369,7db7dca18bdd00f5ab9af9c6a3d3fe74078d76df92ded3d573bf44f3d4109535
2026-06-06,south,business_date=2026-06-06/sales_south_20260606.csv.gz,1029,2026-06-06 00:09:52,2026-06-06 23:58:24,11111,0ed48cb3cee808985a702d458e1dd72a742b8eeb053543844ec6db2a68ba4952
2026-06-07,bkk,business_date=2026-06-07/sales_bkk_20260607.csv.gz,3370,2026-06-07 00:09:27,2026-06-07 23:59:04,35276,757d501dffb831a57e82a186dcbafeeff62c1c764b3c83d9b9a1b0d9bc47e0e1
2026-06-07,central,business_date=2026-06-07/sales_central_20260607.csv.gz,2434,2026-06-07 00:00:36,2026-06-07 23:58:43,25554,54f7b387790e0b2d381e0cca3f76e3af0f0d9b8aeaa6199bbd50a35189ee2574
2026-06-07,north,business_date=2026-06-07/sales_north_20260607.csv.gz,1413,2026-06-07 00:00:29,2026-06-07 23:58:16,15119,d72eb5b9223300c3864cf7baea08678afd74b3521c7485635c560b2b30508044
2026-06-07,northeast,business_date=2026-06-07/sales_northeast_20260607.csv.gz,1867,2026-06-07 00:00:57,2026-06-07 23:59:41,19590,c1cbea6e72701ce0d08da6d24358a62f3eca37d0d6d99122d9bab2b8fae40594
2026-06-07,south,business_date=2026-06-07/sales_south_20260607.csv.gz,1073,2026-06-07 00:05:02,2026-06-07 23:59:36,11625,0562864c92d1780797d7a12e9099011e4972428c135ba236874538839bac8b1e
2026-06-08,bkk,business_date=2026-06-08/sales_bkk_20260608.csv.gz,3009,2026-06-08 00:04:20,2026-06-08 23:59:28,31509,490ed788ad6658cbee4a0c58a750406e110e3fda4ccbc253f41da3e4025f3318
2026-06-08,central,business_date=2026-06-08/sales_central_20260608.csv.gz,2116,2026-06-08 00:03:41,2026-06-08 23:55:14,22276,db198b5470bf9c735c55bc95a4a4092ecc7b17fb5bb8960f1d994585e2fc3c85
2026-06-08,north,business_date=2026-06-08/sales_north_20260608.csv.gz,1343,2026-06-08 00:06:29,2026-06-08 23:59:01,14351,bd822e3a406ab7ad7dbfb5e661939c541c1977ebbf746e0a0840cdeb502ac071
2026-06-08,northeast,business_date=2026-06-08/sales_northeast_20260608.csv.gz,1526,2026-06-08 00:06:12,2026-06-08 23:57:08,16154,aeefda16b2370e0391a6626fba78b176b798116e588db6e7d7dd176baa05c80b
2026-06-08,south,business_date=2026-06-08/sales_south_20260608.csv.gz,891,2026-06-08 00:10:23,2026-06-08 23:45:42,9724,eaa7fd125aeab9dfec4717381a854cc3ab8c6715ce7ab2059e4a0392fbf1857d
2026-06-09,bkk,business_date=2026-06-09/sales_bkk_20260609.csv.gz,3135,2026-06-09 00:05:06,2026-06-09 23:58:52,32819,be0894097b94f90579f76d6e51a8308b0826b09e9b5564609bbe596fbd4f067f
2026-06-09,central,business_date=2026-06-09/sales_central_20260609.csv.gz,2142,2026-06-09 00:00:53,2026-06-09 23:56:48,22493,436a36194b398fd8b420ef3452b884768c3937220a031585aa2b2903e61ce1de
2026-06-09,north,business_date=2026-06-09/sales_north_20260609.csv.gz,1225,2026-06-09 00:00:16,2026-06-09 23:58:12,13157,e666b1481304f6be0fafecf8b228067d3e6dc91a354310cf4d302416a2776eb4
2026-06-09,northeast,business_date=2026-06-09/sales_northeast_20260609.csv.gz,1644,2026-06-09 00:00:24,2026-06-09 23:57:12,17324,58910a359e122438a97b97500768f246f504d49b702b86cb604d9cbfe87aca67
2026-06-09,south,business_date=2026-06-09/sales_south_20260609.csv.gz,981,2026-06-09 00:01:42,2026-06-09 23:52:54,10651,a045f2b464da32c31850efeb78dbde950378f6bfc5416b7c0ee7dab07a0b8fae
2026-06-10,bkk,business_date=2026-06-10/sales_bkk_20260610.csv.gz,3046,2026-06-10 00:05:52,2026-06-10 23:58:36,31944,428e109e691a4d0625d10c36432210f2f45425bcae6dba9085ec75a45379e794
2026-06-10,central,business_date=2026-06-10/sales_central_20260610.csv.gz,2192,2026-06-10 00:04:20,2026-06-10 23:56:29,23000,2da20e19e6a4832862e765e2a891e6ddb268910c7acd99143d7f690ec666c261
2026-06-10,north,business_date=2026-06-10/sales_north_20260610.csv.gz,1285,2026-06-10 00:03:12,2026-06-10 23:49:15,13714,1fd66d23b4d6e2914e1008404276e08a95037b90ec3f443e5d58d4f78ec47ae2
2026-06-10,northeast,business_date=2026-06-10/sales_northeast_20260610.csv.gz,1631,2026-06-10 00:06:35,2026-06-10 23:57:31,17276,a65444e70e79819bb297e334d4aaab3665b8ab856a75f7deac35205955e51ea3
2026-06-10,south,business_date=2026-06-10/sales_south_20260610.csv.gz,949,2026-06-10 00:03:29,2026-06-10 23:59:00,10349,4b37ca74ea8e4dab91ff1343e2dbbfd2acc387b3355d75ed00d40f77102fb3b4
2026-06-11,bkk,business_date=2026-06-11/sales_bkk_20260611.csv.gz,3140,2026-06-11 00:05:52,2026-06-11 23:59:47,32915,565155cda0d1752aa83eecb54fe7fab3070cf1d411d4a4f14d9cd07d42887b59
2026-06-11,central,business_date=2026-06-11/sales_central_20260611.csv.gz,2231,2026-06-11 00:05:28,2026-06-11 23:58:56,23474,edfedefb6ca9a73937929fd01a5a6b6eed6f822731caf8628ab2fd78ca84a185
2026-06-11,north,business_date=2026-06-11/sales_north_20260611.csv.gz,1335,2026-06-11 00:04:01,2026-06-11 23:59:05,14226,2e995f7239b29d82ed22d0868c0670b80d4e20a7259c513f12776ae17920e907
2026-06-11,northeast,business_date=2026-06-11/sales_northeast_20260611.csv.gz,1512,2026-06-11 00:04:43,2026-06-11 23:59:13,16049,e4407e2ad6b955dee1555a0e7feea279cac24c57538abfef56688c674f01f26e
2026-06-11,south,business_date=2026-06-11/sales_south_20260611.csv.gz,991,2026-06-11 00:15:27,2026-06-11 23:54:36,10748,edaa006a51cb5e27dfeef8aef8a58621694b812592a7adf0ebe3a8c4239577c3
2026-06-12,bkk,business_date=2026-06-12/sales_bkk_20260612.csv.gz,3022,2026-06-12 00:00:04,2026-06-12 23:59:12,31674,b303c12ded9b8219a95c77eb826521263efa1117b9ccc057fcca90d791b0a8d5
2026-06-12,central,business_date=2026-06-12/sales_central_20260612.csv.gz,2196,2026-06-12 00:01:49,2026-06-12 23:51:29,23041,a25e490384f8f51e0745550938c6a815d6c9ecef0884b437943dba73eaef0eb7
2026-06-12,north,business_date=2026-06-12/sales_north_20260612.csv.gz,1245,2026-06-12 00:00:18,2026-06-12 23:58:50,13362,67235f354fa5281771fc712a85f1c1475c3c3b9cc8be993596445ad83fbd3992
2026-06-12,northeast,business_date=2026-06-12/sales_northeast_20260612.csv.gz,1575,2026-06-12 00:14:46,2026-06-12 23:59:54,16631,4c013994df90b1113acf12713987968aeda04c6d7ba46077d62f1425bcb5963e
2026-06-12,south,business_date=2026-06-12/sales_south_20260612.csv.gz,953,2026-06-12 00:02:05,2026-06-12 23:59:07,10350,4f3fe4eb5789bf18bb4abbc03de94fe5ce04caa8f84cd9c98e1b899729cd1d73
2026-06-13,bkk,business_date=2026-06-13/sales_bkk_20260613.csv.gz,3296,2026-06-13 00:02:39,2026-06-13 23:59:35,34577,7a4b4a635817b111bdb08c89c1067bd3832c5aa7c68a7426ad852ed89e125b09
2026-06-13,central,business_date=2026-06-13/sales_central_20260613.csv.gz,2665,2026-06-13 00:01:28,2026-06-13 23:57:24,27935,04935f3ae1f51c91f5ef5faf4afa5c18f49a3e327c75a876bd2065cfe8003d94
2026-06-13,north,business_date=2026-06-13/sales_north_20260613.csv.gz,1429,2026-06-13 00:01:00,2026-06-13 23:58:44,15249,9f00172a2c6079dce1d87e2aa0ec9d07f22970b362fee5f99d12130a9eaf22be
2026-06-13,northeast,business_date=2026-06-13/sales_northeast_20260613.csv.gz,1851,2026-06-13 00:00:55,2026-06-13 23:52:41,19565,5fab5690b872e8d14e41abd4cdd54c7c3e4f6979909743a9b998847fe14269a9
2026-06-13,south,business_date=2026-06-13/sales_south_20260613.csv.gz,1042,2026-06-13 00:07:24,2026-06-13 23:57:23,11314,2382d1c23fd6612bc557362869ff66ba58a32e031ade2cb2026e2f0d06245fb7
2026-06-14,bkk,business_date=2026-06-14/sales_bkk_20260614.csv.gz,3329,2026-06-14 00:03:21,2026-06-14 23:59:58,34913,27cbfc6a7fc470cacb125e704e7670106083dff87417412d718ec1cee6c31900
2026-06-14,central,business_date=2026-06-14/sales_central_20260614.csv.gz,2469,2026-06-14 00:04:35,2026-06-14 23:58:36,25921,47325319e2a137150fe5543d8cfb27f25a46c8ffb36ef2fb512042231081e9ad
2026-06-14,north,business_date=2026-06-14/sales_north_20260614.csv.gz,1488,2026-06-14 00:02:01,2026-06-14 23:58:16,15885,ef04b7cdc203edab05ca2b438bd0523e70b235c26fbbdd28329d92a08e033be5
2026-06-14,northeast,business_date=2026-06-14/sales_northeast_20260614.csv.gz,1772,2026-06-14 00:00:27,2026-06-14 23:55:53,18651,4d53f914d18f6aa39e58d626e16ea64b79f03eddc5bb5e40570cc8221d349150
2026-06-14,south,business_date=2026-06-14/sales_south_20260614.csv.gz,1143,2026-06-14 00:00:26,2026-06-14 23:56:36,12295,405d4d46dc4ab3210e0429dc54ce26603ac5f24cae9d799f68ac302de674d99d
2026-06-15,bkk,business_date=2026-06-15/sales_bkk_20260615.csv.gz,3110,2026-06-15 00:02:23,2026-06-15 23:59:42,32665,f80c80bfb4c92d75ac1853b8e155a0b37b1838772a1718285c1f21d39e0e26a3
2026-06-15,central,business_date=2026-06-15/sales_central_20260615.csv.gz,2120,2026-06-15 00:00:47,2026-06-15 23:59:52,22340,c102c29fbd71019db242660daedf33f51272ef248bacf2386b702c3bc74813b0
2026-06-15,north,business_date=2026-06-15/sales_north_20260615.csv.gz,1333,2026-06-15 00:04:41,2026-06-15 23:53:34,14156,b8f39a025d1a0d4236e2c025b8c77f75591d0c96db532a6522cfbed8c5e35666
2026-06-15,northeast,business_date=2026-06-15/sales_northeast_20260615.csv.gz,1589,2026-06-15 00:17:31,2026-06-15 23:51:10,16832,252dcbab022b24d043f336f4dfec2f4da32fc29a68d7d3208c341117eaf43584
2026-06-15,south,business_date=2026-06-15/sales_south_20260615.csv.gz,882,2026-06-15 00:22:33,2026-06-15 23:53:02,9650,f31095643da55395669bb577243d7dd22b63bdd3983a6eb055855c9951cb74e7
2026-06-16,bkk,business_date=2026-06-16/sales_bkk_20260616.csv.gz,3199,2026-06-16 00:03:02,2026-06-16 23:59:06,33476,55da48e5f1b458e9a602800b24aa33525de55fcf4de3de3e20244261024fb8f9
2026-06-16,central,business_date=2026-06-16/sales_central_20260616.csv.gz,2149,2026-06-16 00:07:22,2026-06-16 23:58:03,22595,0225f4b46fd8cc577a6d32c63fd9d545f55f24023033650be56ee7b8dce720d5
2026-06-16,north,business_date=2026-06-16/sales_north_20260616.csv.gz,1307,2026-06-16 00:01:14,2026-06-16 23:57:57,14031,f13099ee8562f9f3707f49cd8e2155946a27d7004aa4e734c62c816da54bef02
2026-06-16,northeast,business_date=2026-06-16/sales_northeast_20260616.csv.gz,1548,2026-06-16 00:03:28,2026-06-16 23:55:02,16440,0d0cfc64e7e6cdda161a3a6f4cc729c70b1278eb70b6e85d37422fcf0560934e
2026-06-16,south,business_date=2026-06-16/sales_south_20260616.csv.gz,991,2026-06-16 00:05:44,2026-06-16 23:58:45,10721,2895edafc532d4aec2c6694e5bb16e19591f49a181d5e3ad2d1fdeeb7e8b90d3
2026-06-17,bkk,business_date=2026-06-17/sales_bkk_20260617.csv.gz,2989,2026-06-17 00:00:30,2026-06-17 23:55:39,31340,d91b79e8fc8e9d948281f73a109dad5a7e0462f5d24881e6a10a3b7bd26de329
2026-06-17,central,business_date=2026-06-17/sales_central_20260617.csv.gz,2096,2026-06-17 00:01:01,2026-06-17 23:59:34,22022,6d21fe1831cca19de9141f041ffc05b5f4ce6d6dcdcda13cce2a1ab7afed5d29
2026-06-17,north,business_date=2026-06-17/sales_north_20260617.csv.gz,1238,2026-06-17 00:11:20,2026-06-17 23:55:28,13247,fb127c0ec1ede37f0dba40525b0daaa765ab2b6b1420dc9579651d01ff7acb39
2026-06-17,northeast,business_date=2026-06-17/sales_northeast_20260617.csv.gz,1523,2026-06-17 00:00:17,2026-06-17 23:58:57,16058,021870cb5915be3da5bf32b4e9a8df299553166a778eeaabcec8db2246c89935
2026-06-17,south,business_date=2026-06-17/sales_south_20260617.csv.gz,918,2026-06-17 00:03:44,2026-06-17 23:58:43,9989,9be3c9b7d4ea0aab601cc3533c1127dfcf9619262157d4b1dd356066eeb8b9b4
2026-06-18,bkk,business_date=2026-06-18/sales_bkk_20260618.csv.gz,2920,2026-06-18 00:01:57,2026-06-18 23:58:54,30697,16d89bc2b183347205aaf4c21489fabec80ca2ddc1044f7f5e2410d58f2eddb4
2026-06-18,central,business_date=2026-06-18/sales_central_20260618.csv.gz,2170,2026-06-18 00:02:35,2026-06-18 23:56:39,22928,9af988bfebc67dfd9fb36a11f295a8321b5eceb3e82605991c7080f8c2034afc
2026-06-18,north,business_date=2026-06-18/sales_north_20260618.csv.gz,1279,2026-06-18 00:00:56,2026-06-18 23:55:38,13682,11b5c736f8996458a5502f6c19c9cd9756de701074b24b17f1d5b828a3ad59dc
2026-06-18,northeast,business_date=2026-06-18/sales_northeast_20260618.csv.gz,1546,2026-06-18 00:00:01,2026-06-18 23:59:01,16324,a76299ee517638b37b267490c5a6b7be5353ee0f8c489f064603e98647fd032b
2026-06-18,south,business_date=2026-06-18/sales_south_20260618.csv.gz,903,2026-06-18 00:16:23,2026-06-18 23:52:48,9792,2d24b96e59c712c71beadd7db24c5cf6e5304011b594e23e10c435f320ebf33b
2026-06-19,bkk,business_date=2026-06-19/sales_bkk_20260619.csv.gz,2958,2026-06-19 00:00:29,2026-06-19 23:57:43,31104,2845aba1f0be7c7a7a6210b2c624900d6098efdd6c1207ef2e63c9191475fe25
2026-06-19,central,business_date=2026-06-19/sales_central_20260619.csv.gz,2181,2026-06-19 00:07:29,2026-06-19 23:56:25,23047,1e431c3d0c006611edffa0c2eb9b85722951a1458740404d92d43320fec7a1d2
2026-06-19,north,business_date=2026-06-19/sales_north_20260619.csv.gz,1251,2026-06-19 00:08:36,2026-06-19 23:56:30,13375,d2c63c3975bd3b821880e046135ee8b81403e7a80fe67d8820cd953e387908fe
2026-06-19,northeast,business_date=2026-06-19/sales_northeast_20260619.csv.gz,1531,2026-06-19 00:00:26,2026-06-19 23:57:23,16226,8afcc663b895f407bec2e362ab9efab5b3b3bf1881e20b84522a90523d69350d
2026-06-19,south,business_date=2026-06-19/sales_south_20260619.csv.gz,941,2026-06-19 00:01:22,2026-06-19 23:53:00,10148,82f6ab03ccf8a93afa66cd851259beee597d6bfd143067dd45d8bb89ed9303d0
2026-06-20,bkk,business_date=2026-06-20/sales_bkk_20260620.csv.gz,3706,2026-06-20 00:01:11,2026-06-20 23:56:54,38714,b0b3478b4614c813946f87bbc5dfa18b0341c46b9bd2b7f618acf5287f638cec
2026-06-20,central,business_date=2026-06-20/sales_central_20260620.csv.gz,2464,2026-06-20 00:02:29,2026-06-20 23:58:25,25802,9d463d74d2501ab1defe0746633421cede8c4a316e950f86b9a571854281bccd
2026-06-20,north,business_date=2026-06-20/sales_north_20260620.csv.gz,1446,2026-06-20 00:04:02,2026-06-20 23:59:20,15444,368ad4b0b79d29e35ee0e43647ef9de7b2bc015bd4bc7119b9a8ec1bdec07120
2026-06-20,northeast,business_date=2026-06-20/sales_northeast_20260620.csv.gz,1867,2026-06-20 00:02:29,2026-06-20 23:57:18,19641,304845ff9697641cae99181dcb7331c6fde8c2d1ff90d59be1fd406e1492ff33
2026-06-20,south,business_date=2026-06-20/sales_south_20260620.csv.gz,1096,2026-06-20 00:05:46,2026-06-20 23:58:30,11852,6e648643e730de045c9209dae92b2f7a2b89a1e9857538d343b3b17f881166c6
2026-06-21,bkk,business_date=2026-06-21/sales_bkk_20260621.csv.gz,3454,2026-06-21 00:00:50,2026-06-21 23:57:46,36140,826c6ebcac2325c3d26f2408eaea2170c1cfffbc09e6c29c360d00098fd6bf1b
2026-06-21,central,business_date=2026-06-21/sales_central_20260621.csv.gz,2487,2026-06-21 00:01:28,2026-06-21 23:58:16,25970,ebc181f2832eb26396c8fe66939d88443bb1a5686be00c520823740f5468cbc6
2026-06-21,north,business_date=2026-06-21/sales_north_20260621.csv.gz,1543,2026-06-21 00:14:04,2026-06-21 23:56:53,16461,a1e429db62690afb96ed06139fd3ad32ba44f3ce5ea6d01649e0a078012bb228
2026-06-21,northeast,business_date=2026-06-21/sales_northeast_20260621.csv.gz,1884,2026-06-21 00:07:17,2026-06-21 23:58:57,19820,ee4a7eca3d0f00c9892dd8c7b526ee4e40c7e6e1a76848dc98936ec83dbde598
2026-06-21,south,business_date=2026-06-21/sales_south_20260621.csv.gz,1055,2026-06-21 00:03:56,2026-06-21 23:50:19,11405,949cd0f200710e1d6f139be17fa0d7af7c177990d69880aa5c053465931d7bee
2026-06-22,bkk,business_date=2026-06-22/sales_bkk_20260622.csv.gz,2914,2026-06-22 00:02:06,2026-06-22 23:58:50,30593,0bb1890ab4af6c79fa83e199ee695b037a66153f6190f6a7392de5142b84c230
2026-06-22,central,business_date=2026-06-22/sales_central_20260622.csv.gz,2112,2026-06-22 00:04:32,2026-06-22 23:58:44,22251,15782e7db47f5db2a6935d36a35549300349c8c6165bc2ff5552fb5df8867ba3
2026-06-22,north,business_date=2026-06-22/sales_north_20260622.csv.gz,1348,2026-06-22 00:06:47,2026-06-22 23:55:03,14400,e567ec3417d238725f1930c8954deb6e090683f8fe58a72acd6ee03f88da7842
2026-06-22,northeast,business_date=2026-06-22/sales_northeast_20260622.csv.gz,1519,2026-06-22 00:08:40,2026-06-22 23:55:35,16099,bbf7bdab86e7e872e53f2cc6a88ce0e5b0a4710330914d9f4d5127446d9a2d6b
2026-06-22,south,business_date=2026-06-22/sales_south_20260622.csv.gz,888,2026-06-22 00:20:48,2026-06-22 23:49:56,9637,2bbce950946c1e8bb7582ae37ae23710b358dcdd172555d4da8aff0419bfdfb5
2026-06-23,bkk,business_date=2026-06-23/sales_bkk_20260623.csv.gz,3024,2026-06-23 00:02:55,2026-06-23 23:59:33,31719,3863eb49f9a8bcd7c69218c155c6d9410b82fc091e1f0da54aa7145b0eac4f3f
2026-06-23,central,business_date=2026-06-23/sales_central_20260623.csv.gz,2216,2026-06-23 00:00:59,2026-06-23 23:59:18,23295,e7f990b0ce270aeb7cc58dff9fb601b2c2be80b4b8f85e7cb75a45be5f9d9d1f
2026-06-23,north,business_date=2026-06-23/sales_north_20260623.csv.gz,1247,2026-06-23 00:07:17,2026-06-23 23:54:39,13363,378cce5c41ffb649e7f177003d6ed532a3813e37b0be92edaf276394b68c8969
2026-06-23,northeast,business_date=2026-06-23/sales_northeast_20260623.csv.gz,1533,2026-06-23 00:00:53,2026-06-23 23:59:17,16192,7fcaf41914156627e0731878bf7b6225f3554a5596a04cfca731ccfb07cbea68
2026-06-23,south,business_date=2026-06-23/sales_south_20260623.csv.gz,925,2026-06-23 00:02:01,2026-06-23 23:51:19,10019,6d548df446cfe771973752c5c244fffd9592d5c796a2973a620c0949201cbe29
2026-06-24,bkk,business_date=2026-06-24/sales_bkk_20260624.csv.gz,2977,2026-06-24 00:00:39,2026-06-24 23:57:00,31218,cfc226ae43e76cf8f2858d860840f07f86438e50be372aefe1d981602646c55c
2026-06-24,central,business_date=2026-06-24/sales_central_20260624.csv.gz,2102,2026-06-24 00:01:06,2026-06-24 23:59:33,22073,b056e0aca51a4bb3355ff2550831f1e0457e0918f90251943548699fde3ae090
2026-06-24,north,business_date=2026-06-24/sales_north_20260624.csv.gz,1296,2026-06-24 00:07:43,2026-06-24 23:52:13,13855,46eb5074e2f35176d08908bf42bdc6a03b3a55c431cd0cff9817531547c7fa2f
2026-06-24,northeast,business_date=2026-06-24/sales_northeast_20260624.csv.gz,1580,2026-06-24 00:09:37,2026-06-24 23:58:13,16702,c8f277c75df404a71fa7200554c02bfdb56bbb38ce921c3fa26feb72a01267a9
2026-06-24,south,business_date=2026-06-24/sales_south_20260624.csv.gz,980,2026-06-24 00:05:26,2026-06-24 23:55:26,10634,8d1e6ed4308b63703af7a904b94d5e8c8ff0c6bec079d610bcb1f96612388ec6
2026-06-25,bkk,business_date=2026-06-25/sales_bkk_20260625.csv.gz,2883,2026-06-25 00:02:31,2026-06-25 23:58:40,30314,06881cbbc78aa8a51d9cca4346dc38889b07a307f61ccc18d389946897adc7b7
2026-06-25,central,business_date=2026-06-25/sales_central_20260625.csv.gz,2231,2026-06-25 00:02:39,2026-06-25 23:57:35,23504,94418c608714a7e2fa65d6ce62404f211ced66cfa55b357716728f24fe94ffbc
2026-06-25,north,business_date=2026-06-25/sales_north_20260625.csv.gz,1322,2026-06-25 00:01:41,2026-06-25 23:57:12,14099,8873c0422992b29d0a79d16f2d069261cd674fec2d85b870b4887aaa1dc80c0f
2026-06-25,northeast,business_date=2026-06-25/sales_northeast_20260625.csv.gz,1652,2026-06-25 00:00:35,2026-06-25 23:58:42,17445,8b8bbdde272340bc9a45b80b37051b179719dcb2bd7767fecfdb9b62afafc3d3
2026-06-25,south,business_date=2026-06-25/sales_south_20260625.csv.gz,928,2026-06-25 00:10:01,2026-06-25 23:47:48,10076,fb87561b70dfc20ccfe63298e2c840330459233d6738cc7475636a6d227d1447
2026-06-26,bkk,business_date=2026-06-26/sales_bkk_20260626.csv.gz,2851,2026-06-26 00:03:55,2026-06-26 23:59:28,29969,6b406e0c19c0d1fd60345651b7882a81f15942abe8a379f16300ebeb1d855804
2026-06-26,central,business_date=2026-06-26/sales_central_20260626.csv.gz,2130,2026-06-26 00:03:48,2026-06-26 23:52:48,22464,18af3c55705bdd0b46d50eba308cc84af78ab977a08cde427e02807ebfcdd7ab
2026-06-26,north,business_date=2026-06-26/sales_north_20260626.csv.gz,1253,2026-06-26 00:00:06,2026-06-26 23:59:31,13406,3d8e275cd3c0fb782a2f4a31f3d05bc2de15e7a7755f4367a401a82bad18f4dc
2026-06-26,northeast,business_date=2026-06-26/sales_northeast_20260626.csv.gz,1664,2026-06-26 00:00:00,2026-06-26 23:54:27,17512,035d26db9eb58362105e2944d1ed417f686101dffbea8962caeaab8ec6b445f3
2026-06-26,south,business_date=2026-06-26/sales_south_20260626.csv.gz,888,2026-06-26 00:01:58,2026-06-26 23:54:36,9666,4ef717f0b6a075897356c18d75a2db60dfd6b26195c631d727ed745106d8945a
2026-06-27,bkk,business_date=2026-06-27/sales_bkk_20260627.csv.gz,3456,2026-06-27 00:01:41,2026-06-27 23:58:14,36191,a5ee83f00d02bae79cf341907a452bf560d7ed9f58e7dc99ea1332e62af15516
2026-06-27,central,business_date=2026-06-27/sales_central_20260627.csv.gz,2704,2026-06-27 00:04:27,2026-06-27 23:58:16,28295,d48121e1480f0d41ef4ecd155a5952f0ddd30b6d0a42d5058e78b5e2af3da168
2026-06-27,north,business_date=2026-06-27/sales_north_20260627.csv.gz,1410,2026-06-27 00:04:02,2026-06-27 23:58:27,14988,306f93cc89e07a608167fb1c4885e085d726a98263076f10efaad69387282fe7
2026-06-27,northeast,business_date=2026-06-27/sales_northeast_20260627.csv.gz,1914,2026-06-27 00:08:12,2026-06-27 23:57:33,20089,0bdc4b6cea2b8915402d6a27e3c08a3dc683a03cadedcf270e450a74c7851496
2026-06-27,south,business_date=2026-06-27/sales_south_20260627.csv.gz,1137,2026-06-27 00:09:48,2026-06-27 23:47:56,12231,9f12caefd786e2eb2c6ae76754295331b23b8731b18a8038e515d955919fbe0d
2026-06-28,bkk,business_date=2026-06-28/sales_bkk_20260628.csv.gz,3711,2026-06-28 00:01:44,2026-06-28 23:59:40,38703,bfd84ec6f74afe31d2056b0fb7d529710ab07ff56781ff660b36210eaa045614
2026-06-28,central,business_date=2026-06-28/sales_central_20260628.csv.gz,2430,2026-06-28 00:03:59,2026-06-28 23:58:57,25540,ac19e7c298aff602ce66620bd283a12637f6928659c73bd958ed33d718d40d23
2026-06-28,north,business_date=2026-06-28/sales_north_20260628.csv.gz,1540,2026-06-28 00:03:43,2026-06-28 23:53:19,16355,37a80be8d62c37d8755dcce85c231bf0a8da50bfe7eb7c0cdbf746f7116c138f
2026-06-28,northeast,business_date=2026-06-28/sales_northeast_20260628.csv.gz,1764,2026-06-28 00:02:48,2026-06-28 23:56:54,18548,8c3087ec6f00c9b386aa5dcad300825b609429bdbd577e1eda9ca5d66145751c
2026-06-28,south,business_date=2026-06-28/sales_south_20260628.csv.gz,1135,2026-06-28 00:04:15,2026-06-28 23:58:05,12250,746d5052da72016125ee3483b6bc65587cb3366f614fca3de6cc7a948e2d5aff
2026-06-29,bkk,business_date=2026-06-29/sales_bkk_20260629.csv.gz,2954,2026-06-29 00:03:45,2026-06-29 23:59:34,31075,f4893d35ab76c75b5337407f6ce4c6f02219433e0e51fcfcda09923816bb4f53
2026-06-29,central,business_date=2026-06-29/sales_central_20260629.csv.gz,2196,2026-06-29 00:00:36,2026-06-29 23:56:46,23077,1c26b66d1eb8d4884880f141ff7f2634236a801751172dd7c804d61588237e70
2026-06-29,north,business_date=2026-06-29/sales_north_20260629.csv.gz,1353,2026-06-29 00:01:55,2026-06-29 23:59:39,14446,afcc3a54d81113516750733f3aa96f7e0e04d4cad90854c2297ff30a24eed0fb
2026-06-29,northeast,business_date=2026-06-29/sales_northeast_20260629.csv.gz,1650,2026-06-29 00:10:46,2026-06-29 23:50:29,17487,cc0278f62227c7b170b4436b25754b07ea302cb8c601624291b0e064e16f7c82
2026-06-29,south,business_date=2026-06-29/sales_south_20260629.csv.gz,933,2026-06-29 00:00:18,2026-06-29 23:56:20,10227,4a48759bd9e00c584327b885344f414598b8656088b6cad08b877180df03f9a2
2026-06-30,bkk,business_date=2026-06-30/sales_bkk_20260630.csv.gz,3013,2026-06-30 00:03:29,2026-06-30 23:58:46,31592,f99cc59f632faef745932e801448b4671841b0979e9617eb53b2e7c4179fb19b
2026-06-30,central,business_date=2026-06-30/sales_central_20260630.csv.gz,2201,2026-06-30 00:01:38,2026-06-30 23:58:58,23191,4500a2d56193cdfa0e92082e56bf93123dac4f1ab8ca9d60c4ec9dfde64ea729
2026-06-30,north,business_date=2026-06-30/sales_north_20260630.csv.gz,1234,2026-06-30 00:02:26,2026-06-30 23:56:54,13152,bbc04319b17de1c62dfdcb86c3cfd6db911871b9051ffe708fb574333fafb25c
2026-06-30,northeast,business_date=2026-06-30/sales_northeast_20260630.csv.gz,1596,2026-06-30 00:02:34,2026-06-30 23:59:28,16884,ec9f9d9e701cabb4561566165585d7124598aee76d9c003e129f34a020b9075e
2026-06-30,south,business_date=2026-06-30/sales_south_20260630.csv.gz,982,2026-06-30 00:03:57,2026-06-30 23:47:48,10566,9c10affe43f726236fb8d7f5afb69ba7b6d20cc7325035aa6f004e6ca8e5b865
2026-07-01,bkk,business_date=2026-07-01/sales_bkk_20260701.csv.gz,2789,2026-07-01 00:00:54,2026-07-01 23:58:18,29277,a04b8882e2e9d70fcc7a7a0c52f9d13f1f767e2eae984d86742d19c1cbbc343b
2026-07-01,central,business_date=2026-07-01/sales_central_20260701.csv.gz,2276,2026-07-01 00:01:59,2026-07-01 23:56:19,23873,83d2427f0e5979efcbb76ad9e8e21d59376674f359c91b72ff679845f0754bb7
2026-07-01,north,business_date=2026-07-01/sales_north_20260701.csv.gz,1263,2026-07-01 00:04:56,2026-07-01 23:59:03,13469,08656702056b358dc102accd06626ec6d7152c17626bead155b13a29eae80cc5
2026-07-01,northeast,business_date=2026-07-01/sales_northeast_20260701.csv.gz,1649,2026-07-01 00:06:32,2026-07-01 23:58:37,17437,8e1799e6154a6e1be708002b3ad656a3e6427c7cdee0cf95510270a0a683c60d
2026-07-01,south,business_date=2026-07-01/sales_south_20260701.csv.gz,883,2026-07-01 00:15:00,2026-07-01 23:56:33,9643,0b80f44b9c318c046bf08dd87c543b5e24a87ccd40fc293f6b15eaa641877e5f
2026-07-02,bkk,business_date=2026-07-02/sales_bkk_20260702.csv.gz,2946,2026-07-02 00:03:24,2026-07-02 23:58:44,30974,baab4b4aeab392f2c9a70232f4f94a4dd4454f33170520c87db63c71339034c0
2026-07-02,central,business_date=2026-07-02/sales_central_20260702.csv.gz,2283,2026-07-02 00:00:18,2026-07-02 23:58:27,23995,fbc1118650e021da9c1b4da0bd9ad1db999be14c169768579095bcaa334cbc30
2026-07-02,north,business_date=2026-07-02/sales_north_20260702.csv.gz,1264,2026-07-02 00:13:52,2026-07-02 23:52:43,13491,a71aea64df5a54487dd77435abcff753102dd473086e3af1f1f5aa9841525417
2026-07-02,northeast,business_date=2026-07-02/sales_northeast_20260702.csv.gz,1562,2026-07-02 00:04:04,2026-07-02 23:56:41,16519,ce15866caf5b8d69a2a2f790c4c60e5d7ea0b2a319c25aa7f88259cf2ad2466e
2026-07-02,south,business_date=2026-07-02/sales_south_20260702.csv.gz,890,2026-07-02 00:06:49,2026-07-02 23:50:34,9644,09ff7cb8c106d09264f68cadc6824daa5b7539395d06303bd5ab2aacf8011c96
2026-07-03,bkk,business_date=2026-07-03/sales_bkk_20260703.csv.gz,3014,2026-07-03 00:07:21,2026-07-03 23:58:23,31565,d27e257f13de22b677fcdeb39295f03059927df54649be4e15e44f860e3e49ce
2026-07-03,central,business_date=2026-07-03/sales_central_20260703.csv.gz,2195,2026-07-03 00:01:00,2026-07-03 23:55:55,23050,a1c008211de236774349d53e061ebdcb9e77876ef8d9fb739ca7d35058f3ec6c
2026-07-03,north,business_date=2026-07-03/sales_north_20260703.csv.gz,1309,2026-07-03 00:12:33,2026-07-03 23:59:38,13968,28d3b8434121b95a581bae82fb6575745d4d49d765ed9acb8597700e0af45376
2026-07-03,northeast,business_date=2026-07-03/sales_northeast_20260703.csv.gz,1585,2026-07-03 00:04:05,2026-07-03 23:57:22,16791,f87b65b61bf82168f8807a087fa271048854daf438da0ccce761480aea1e9a1f
2026-07-03,south,business_date=2026-07-03/sales_south_20260703.csv.gz,952,2026-07-03 00:06:28,2026-07-03 23:59:08,10404,ebe758cf007ac91dbae0c44b2e9b88753b9b8bf40f14f2c234c647c5b2a61349
2026-07-04,bkk,business_date=2026-07-04/sales_bkk_20260704.csv.gz,3281,2026-07-04 00:01:46,2026-07-04 23:59:08,34298,5b053b36c8e4542c94aabdb3cfb18d2360e82f51bd380ffd2ab5c603b517b888
2026-07-04,central,business_date=2026-07-04/sales_central_20260704.csv.gz,2668,2026-07-04 00:01:32,2026-07-04 23:55:49,27946,762108c3a4bbb802b6000a2742fb9c90d59734b184100e66d59b2975c0229b5c
2026-07-04,north,business_date=2026-07-04/sales_north_20260704.csv.gz,1442,2026-07-04 00:06:43,2026-07-04 23:58:52,15329,1deb5dd28b188c0d6a7a029bce4a910cccec71076e19f3f24e0d72da82b492fe
2026-07-04,northeast,business_date=2026-07-04/sales_northeast_20260704.csv.gz,1777,2026-07-04 00:05:59,2026-07-04 23:56:20,18733,7797854b3aa99f8593500ca34bdbeede282dad138fc7da657c90d7c05609abd8
2026-07-04,south,business_date=2026-07-04/sales_south_20260704.csv.gz,1022,2026-07-04 00:15:20,2026-07-04 23:55:39,11038,a71a6ca1013d9627c1788be1445528dc8872058f85e0ac628bcf1ade3bf4ff52
2026-07-05,bkk,business_date=2026-07-05/sales_bkk_20260705.csv.gz,3626,2026-07-05 00:00:29,2026-07-05 23:57:28,37879,96599820c8c38f16459131ca8ff76ef85bd31245896c8e5594629ae154585801
2026-07-05,central,business_date=2026-07-05/sales_central_20260705.csv.gz,2563,2026-07-05 00:03:28,2026-07-05 23:58:45,26916,85561c80e5b165d7709c125ea7d818fa1ecd6d5d096d6100b9d7334b69f2b929
2026-07-05,north,business_date=2026-07-05/sales_north_20260705.csv.gz,1445,2026-07-05 00:05:22,2026-07-05 23:49:46,15464,5e7de4d416c1de828f7d1f6522f74b2092c78a6b91b1cd42f92f927c2ea0e15b
2026-07-05,northeast,business_date=2026-07-05/sales_northeast_20260705.csv.gz,1946,2026-07-05 00:06:01,2026-07-05 23:56:50,20482,67ab8a17b0b0fb88eb3fb924be4e065c7f9ae3497b6cd3faf36ec6980e715724
2026-07-05,south,business_date=2026-07-05/sales_south_20260705.csv.gz,1059,2026-07-05 00:03:51,2026-07-05 23:56:38,11470,71c9be53cf7e246d629c61fecf53e32e83d1906bd63b4a4af042fbfe24bafa0c
2026-07-06,bkk,business_date=2026-07-06/sales_bkk_20260706.csv.gz,3001,2026-07-06 00:00:59,2026-07-06 23:57:12,31416,e979793a1b41bd126e10ad1f87cf72a810e73222696a2a68ff71d98b93ed5c0a
2026-07-06,central,business_date=2026-07-06/sales_central_20260706.csv.gz,2238,2026-07-06 00:01:03,2026-07-06 23:58:49,23511,a32c636db17e21610cbec7b2dfe49586cc80c235ed2efbab6a5b2871a7c4125e
2026-07-06,north,business_date=2026-07-06/sales_north_20260706.csv.gz,1287,2026-07-06 00:12:46,2026-07-06 23:56:04,13766,2893b39d8d2295bea7756ef314eba63220768d44d3d0dba8853b3aaaa3c7bf41
2026-07-06,northeast,business_date=2026-07-06/sales_northeast_20260706.csv.gz,1677,2026-07-06 00:09:20,2026-07-06 23:59:58,17754,bca492713878c415d958c57cd93c3e200cbaa78c75065f2bc29b029f34f5191c
2026-07-06,south,business_date=2026-07-06/sales_south_20260706.csv.gz,905,2026-07-06 00:09:06,2026-07-06 23:56:34,9850,03a0a738ed281dddfe22d594122d7859167cc5bd514adfbe3f5260a108e07507
2026-07-07,bkk,business_date=2026-07-07/sales_bkk_20260707.csv.gz,3088,2026-07-07 00:04:15,2026-07-07 23:59:55,32426,b90617f231a1a3c29c64e43a11080194de04d95f2b2f33a049031e13a21d22d6
2026-07-07,central,business_date=2026-07-07/sales_central_20260707.csv.gz,2274,2026-07-07 00:05:42,2026-07-07 23:58:13,23815,cdd9df4e6777374f812727b0f4dc6c9824c167e71e76421f3471c735c5d12715
2026-07-07,north,business_date=2026-07-07/sales_north_20260707.csv.gz,1365,2026-07-07 00:01:37,2026-07-07 23:58:13,14535,87549b94202ecafaec827781da56c1e3d510b423ffc9a307b2f5d6cc0394094d
2026-07-07,northeast,business_date=2026-07-07/sales_northeast_20260707.csv.gz,1683,2026-07-07 00:10:07,2026-07-07 23:54:32,17796,02d8c46bcf18fd149424749bbd448225716afb771f4e3b3353511d92aed28074
2026-07-07,south,business_date=2026-07-07/sales_south_20260707.csv.gz,942,2026-07-07 00:20:56,2026-07-07 23:54:47,10246,f0f514472de4ab43b9c219a99aab072c2a65d7173b051556062dec3039d515d9
2026-07-08,bkk,business_date=2026-07-08/sales_bkk_20260708.csv.gz,3021,2026-07-08 00:01:28,2026-07-08 23:59:57,31762,492937851ec46b7e790d6d0ba3febb858e6f12bc6efba6a224f39e62ae994b78
2026-07-08,central,business_date=2026-07-08/sales_central_20260708.csv.gz,2292,2026-07-08 00:01:44,2026-07-08 23:59:49,24021,d1972b852a211ad182d1300d4cc7216512582a61b1d3ed6aef8a3dc24cd67f8d
2026-07-08,north,business_date=2026-07-08/sales_north_20260708.csv.gz,1337,2026-07-08 00:18:15,2026-07-08 23:58:48,14240,5528f10da554598fd62b80df0d821c999f694bb813ea19bbbfa3bdec52cf80e6
2026-07-08,northeast,business_date=2026-07-08/sales_northeast_20260708.csv.gz,1520,2026-07-08 00:10:37,2026-07-08 23:56:23,16110,d0ab399db190b15adec1fcdb61b8224e60cc63b60a28fd2ff38e21d88527ec5c
2026-07-08,south,business_date=2026-07-08/sales_south_20260708.csv.gz,947,2026-07-08 00:03:38,2026-07-08 23:59:40,10269,58f0ce161558b36961f2c5478610d958b7f0d7849b427096b4295717e5e244e0
2026-07-09,bkk,business_date=2026-07-09/sales_bkk_20260709.csv.gz,2953,2026-07-09 00:08:07,2026-07-09 23:56:52,30996,75eea78dbcb0be5da2c8cdfbb32e3b6356acb38d7a2bc7ab18aa032700047129
2026-07-09,central,business_date=2026-07-09/sales_central_20260709.csv.gz,2163,2026-07-09 00:00:17,2026-07-09 23:56:14,22771,ccbdf29c6aaf3d9a61168cb1e295634f67cc7e0492253126402d3369b783bb0a
2026-07-09,north,business_date=2026-07-09/sales_north_20260709.csv.gz,1377,2026-07-09 00:01:56,2026-07-09 23:55:38,14666,52ba3f0f8cab7f5dcb89064ef9f40596aceab383c458078e894ee46c7c81a227
2026-07-09,northeast,business_date=2026-07-09/sales_northeast_20260709.csv.gz,1668,2026-07-09 00:03:08,2026-07-09 23:58:46,17648,a9c384dac68958419fc1eb70d6704a9621fd61f9aa4db70d35559353b50c62d4
2026-07-09,south,business_date=2026-07-09/sales_south_20260709.csv.gz,871,2026-07-09 00:07:15,2026-07-09 23:58:38,9496,2cce80d89e36108b495e86e7b52e9adbd2f95e1818faf42fc84dcb2b1ddc9d6f
2026-07-10,bkk,business_date=2026-07-10/sales_bkk_20260710.csv.gz,2851,2026-07-10 00:00:16,2026-07-10 23:57:56,29993,700005ebd9d62fc91742a122e73b47bfbefaa7fa116fecc4aac3b27fb2ea082a
2026-07-10,central,business_date=2026-07-10/sales_central_20260710.csv.gz,2106,2026-07-10 00:06:37,2026-07-10 23:56:50,22157,a0ecd4cc5b08a4735dd429e4619da7e500b669a6aea1b41faf45d18dc9ac4a5f
2026-07-10,north,business_date=2026-07-10/sales_north_20260710.csv.gz,1316,2026-07-10 00:07:05,2026-07-10 23:57:23,13985,0ee982890425362dcedb59a9e985571948ea079541d6f8e4b652433c36c8cf1a
2026-07-10,northeast,business_date=2026-07-10/sales_northeast_20260710.csv.gz,1645,2026-07-10 00:00:54,2026-07-10 23:50:32,17421,9e0e5309332e184716219878140e40701bd041c37fb8573eed202b61b1b90a17
2026-07-10,south,business_date=2026-07-10/sales_south_20260710.csv.gz,907,2026-07-10 00:00:10,2026-07-10 23:57:59,9857,b6a8e92b467517af0ae1544159b253520271288edcdb949600436b5ec2c33b91
2026-07-11,bkk,business_date=2026-07-11/sales_bkk_20260711.csv.gz,3263,2026-07-11 00:00:56,2026-07-11 23:57:33,34190,8dfa8e76c3303f232ed2643da358f84db3ba11b95afd6343bc503c1d4c647af1
2026-07-11,central,business_date=2026-07-11/sales_central_20260711.csv.gz,2578,2026-07-11 00:03:23,2026-07-11 23:55:25,27002,33eedc1850c23e3d4f29c08e9bc953d3a2a65310a7afbcd93f8383b70c9f97e8
2026-07-11,north,business_date=2026-07-11/sales_north_20260711.csv.gz,1546,2026-07-11 00:10:27,2026-07-11 23:59:42,16414,1d14f1b6a4e0dae8db85288700d021d02b2386db800af6618aa0d5659cd14ba8
2026-07-11,northeast,business_date=2026-07-11/sales_northeast_20260711.csv.gz,1828,2026-07-11 00:01:43,2026-07-11 23:56:28,19364,055b7466df567b7d30e3eec6c1caa7b75fcdf926912c3936a20ac7cdabb043c9
2026-07-11,south,business_date=2026-07-11/sales_south_20260711.csv.gz,1051,2026-07-11 00:00:58,2026-07-11 23:57:36,11397,9b0ca9364488cbc6a98c945a5252fb07bb2302f3d61c7f92a37850cf70c08efd
2026-07-12,bkk,business_date=2026-07-12/sales_bkk_20260712.csv.gz,3397,2026-07-12 00:02:48,2026-07-12 23:59:11,35617,7bae5debd54b621a4593c1bb004b1341076e6b51ffc38502aa7b5c6bfd386a44
2026-07-12,central,business_date=2026-07-12/sales_central_20260712.csv.gz,2627,2026-07-12 00:02:46,2026-07-12 23:58:40,27566,a5956a935f5788a2de1a486530bff774fbe5908882231d9948733e8d8e706b4d
2026-07-12,north,business_date=2026-07-12/sales_north_20260712.csv.gz,1447,2026-07-12 00:02:04,2026-07-12 23:57:52,15405,e2df2e6abfcfe5563f5fa37be240814767e2c74276f88c15d624bebe32ec508b
2026-07-12,northeast,business_date=2026-07-12/sales_northeast_20260712.csv.gz,1757,2026-07-12 00:35:37,2026-07-12 23:57:30,18530,0503681931b40304cb7a43b6def32ea19e0a6c34266fffd5bb279a746f7f04d1
2026-07-12,south,business_date=2026-07-12/sales_south_20260712.csv.gz,1066,2026-07-12 00:18:37,2026-07-12 23:53:53,11527,6ab9c8425cd045b93ee6559d3a50575ed31efd225b332ada8b16e31c52662d02
2026-07-13,bkk,business_date=2026-07-13/sales_bkk_20260713.csv.gz,2848,2026-07-13 00:00:02,2026-07-13 23:59:13,30008,6f003328d00d4ed60f89d5f8cb58eac34cbf386e9bab79195a6c8134b796b3c9
2026-07-13,central,business_date=2026-07-13/sales_central_20260713.csv.gz,2265,2026-07-13 00:06:51,2026-07-13 23:59:03,23747,597b5306f3d74f7662614f32679a72e56524d0e0c891879e348c9bbe620c90ee
2026-07-13,north,business_date=2026-07-13/sales_north_20260713.csv.gz,1254,2026-07-13 00:09:30,2026-07-13 23:57:55,13456,91f8c713272da07542e9666e0143f20ff60b8e5f6c22b5789bf72353a04037c6
2026-07-13,northeast,business_date=2026-07-13/sales_northeast_20260713.csv.gz,1687,2026-07-13 00:03:23,2026-07-13 23:47:57,17830,9706971514886514578174ba1b826c0fe762ce23a611da4cf0f7bb8593eec169
2026-07-13,south,business_date=2026-07-13/sales_south_20260713.csv.gz,862,2026-07-13 00:03:18,2026-07-13 23:57:31,9466,9c67c78e21dbfad4c4ce862aafd82936e6f1eae1e43e9213693819d8493e3b4e
2026-07-14,bkk,business_date=2026-07-14/sales_bkk_20260714.csv.gz,2875,2026-07-14 00:00:30,2026-07-14 23:53:14,30199,544891558e6282b13172cf9dbf2ed28215f6d4be6b0cecf4351b02eea8418cee
2026-07-14,central,business_date=2026-07-14/sales_central_20260714.csv.gz,2077,2026-07-14 00:01:32,2026-07-14 23:59:57,21798,059e38347483232ec69d78f5f0cc7a510b0ba05d14e423ff8d44f7c6df7b6037
2026-07-14,north,business_date=2026-07-14/sales_north_20260714.csv.gz,1380,2026-07-14 00:01:43,2026-07-14 23:52:56,14703,a575c3f4dd9efc408492ae2831c1cab73db6ab3fbc60400ed60129e61b696dfc
2026-07-14,northeast,business_date=2026-07-14/sales_northeast_20260714.csv.gz,1674,2026-07-14 00:01:16,2026-07-14 23:57:37,17660,8094e71f5d93017063882bc5e41ad25e8e71ea9e945f7c4b248c575390a1eb66
2026-07-14,south,business_date=2026-07-14/sales_south_20260714.csv.gz,893,2026-07-14 00:05:44,2026-07-14 23:56:53,9711,6e9efbe9e23633e1ebd8eddb55e7fdec46a17f66a224a52b8080d53220b44f72
2026-07-15,bkk,business_date=2026-07-15/sales_bkk_20260715.csv.gz,3010,2026-07-15 00:00:41,2026-07-15 23:53:19,31553,a14aa46cc628e9ebef92432192bb96957c23608b125ca572981a6a501b105542
2026-07-15,central,business_date=2026-07-15/sales_central_20260715.csv.gz,2067,2026-07-15 00:04:41,2026-07-15 23:59:56,21772,a25963656711b0dbc1519c1210d0b3d7c938247a870743f61957ac9755c884a7
2026-07-15,north,business_date=2026-07-15/sales_north_20260715.csv.gz,1350,2026-07-15 00:00:19,2026-07-15 23:53:57,14415,e15f2597e78e217f7c964b283bbef942e705844d1d96247d0f8bda6d89f10532
2026-07-15,northeast,business_date=2026-07-15/sales_northeast_20260715.csv.gz,1668,2026-07-15 00:01:33,2026-07-15 23:55:17,17630,67c6f1d6fce94a3854609e203d084fbcd9af90d594a9a00746b86540b0996d95
2026-07-15,south,business_date=2026-07-15/sales_south_20260715.csv.gz,969,2026-07-15 00:07:58,2026-07-15 23:59:56,10534,91e994191a8345d11d55d583753a36296bbec1a30b782591dee514fee0ebf3f2
2026-07-16,bkk,business_date=2026-07-16/sales_bkk_20260716.csv.gz,2842,2026-07-16 00:00:19,2026-07-16 23:56:17,29902,e5530a3f57820e35813f641ef12c911825861eba325eab6ec12f43eb986592a9
2026-07-16,central,business_date=2026-07-16/sales_central_20260716.csv.gz,2282,2026-07-16 00:00:39,2026-07-16 23:58:36,24008,9d243a5ddb21307e3e88e68777770cc872114849811da93dcde204c7c12f3d5a
2026-07-16,north,business_date=2026-07-16/sales_north_20260716.csv.gz,1318,2026-07-16 00:07:17,2026-07-16 23:57:17,14074,20629cf95a2b21827e52ed5651ba764ef3051f394bf15e2e65d270aa6f984d7e
2026-07-16,northeast,business_date=2026-07-16/sales_northeast_20260716.csv.gz,1645,2026-07-16 00:02:00,2026-07-16 23:59:13,17337,31c3899f2998493ef495fc4df78965692696a91f24e1281e761026ae55d62088
2026-07-16,south,business_date=2026-07-16/sales_south_20260716.csv.gz,963,2026-07-16 00:10:33,2026-07-16 23:54:52,10470,82c198bdaa505c6791830460e5fe81dfab4bda87a14ea870aab55192652bda0b
